<?xml version="1.0" encoding="UTF-8"?>
<config xmlns="http://www.knime.org/2008/09/XMLConfig" xmlns:xsi="http://www.w3.org/2001/XMLSchema-instance" xsi:schemaLocation="http://www.knime.org/2008/09/XMLConfig http://www.knime.org/XMLConfig_2008_09.xsd" key="model.xml">
    <entry key="version" type="xint" value="1"/>
    <entry key="class_name" type="xstring" value="org.knime.ext.textprocessing.data.DocumentVectorPortObjectSpec"/>
    <config key="model">
        <entry key="ignoreTags" type="xboolean" value="true"/>
        <entry key="bitVector" type="xboolean" value="true"/>
        <entry key="vectorValue" type="xstring" value="TF rel"/>
        <entry key="asCollectionCell" type="xboolean" value="false"/>
        <config key="featureSpaceColumns">
            <entry key="array-size" type="xint" value="1506"/>
            <entry key="0" type="xstring" value="lame"/>
            <entry key="1" type="xstring" value="adventur"/>
            <entry key="2" type="xstring" value="movi"/>
            <entry key="3" type="xstring" value="execut"/>
            <entry key="4" type="xstring" value="presid"/>
            <entry key="5" type="xstring" value="david"/>
            <entry key="6" type="xstring" value="live"/>
            <entry key="7" type="xstring" value="life"/>
            <entry key="8" type="xstring" value="hous"/>
            <entry key="9" type="xstring" value="brother"/>
            <entry key="10" type="xstring" value="jame"/>
            <entry key="11" type="xstring" value="phone"/>
            <entry key="12" type="xstring" value="convers"/>
            <entry key="13" type="xstring" value="unit"/>
            <entry key="14" type="xstring" value="involv"/>
            <entry key="15" type="xstring" value="crimin"/>
            <entry key="16" type="xstring" value="deal"/>
            <entry key="17" type="xstring" value="edg"/>
            <entry key="18" type="xstring" value="intern"/>
            <entry key="19" type="xstring" value="littl"/>
            <entry key="20" type="xstring" value="tri"/>
            <entry key="21" type="xstring" value="million"/>
            <entry key="22" type="xstring" value="cost"/>
            <entry key="23" type="xstring" value="danger"/>
            <entry key="24" type="xstring" value="lose"/>
            <entry key="25" type="xstring" value="get"/>
            <entry key="26" type="xstring" value="talk"/>
            <entry key="27" type="xstring" value="give"/>
            <entry key="28" type="xstring" value="pay"/>
            <entry key="29" type="xstring" value="come"/>
            <entry key="30" type="xstring" value="kill"/>
            <entry key="31" type="xstring" value="toni"/>
            <entry key="32" type="xstring" value="help"/>
            <entry key="33" type="xstring" value="white"/>
            <entry key="34" type="xstring" value="nt"/>
            <entry key="35" type="xstring" value="peac"/>
            <entry key="36" type="xstring" value="boss"/>
            <entry key="37" type="xstring" value="left"/>
            <entry key="38" type="xstring" value="local"/>
            <entry key="39" type="xstring" value="hotel"/>
            <entry key="40" type="xstring" value="murder"/>
            <entry key="41" type="xstring" value="time"/>
            <entry key="42" type="xstring" value="secret"/>
            <entry key="43" type="xstring" value="hidden"/>
            <entry key="44" type="xstring" value="target"/>
            <entry key="45" type="xstring" value="shut"/>
            <entry key="46" type="xstring" value="impress"/>
            <entry key="47" type="xstring" value="lost"/>
            <entry key="48" type="xstring" value="know"/>
            <entry key="49" type="xstring" value="night"/>
            <entry key="50" type="xstring" value="attack"/>
            <entry key="51" type="xstring" value="huge"/>
            <entry key="52" type="xstring" value="take"/>
            <entry key="53" type="xstring" value="half"/>
            <entry key="54" type="xstring" value="dozen"/>
            <entry key="55" type="xstring" value="cast"/>
            <entry key="56" type="xstring" value="includ"/>
            <entry key="57" type="xstring" value="believ"/>
            <entry key="58" type="xstring" value="explos"/>
            <entry key="59" type="xstring" value="entir"/>
            <entry key="60" type="xstring" value="crew"/>
            <entry key="61" type="xstring" value="killer"/>
            <entry key="62" type="xstring" value="finish"/>
            <entry key="63" type="xstring" value="hunt"/>
            <entry key="64" type="xstring" value="gun"/>
            <entry key="65" type="xstring" value="use"/>
            <entry key="66" type="xstring" value="save"/>
            <entry key="67" type="xstring" value="friend"/>
            <entry key="68" type="xstring" value="girlfriend"/>
            <entry key="69" type="xstring" value="father"/>
            <entry key="70" type="xstring" value="gang"/>
            <entry key="71" type="xstring" value="els"/>
            <entry key="72" type="xstring" value="predict"/>
            <entry key="73" type="xstring" value="pop"/>
            <entry key="74" type="xstring" value="crowd"/>
            <entry key="75" type="xstring" value="convinc"/>
            <entry key="76" type="xstring" value="dead"/>
            <entry key="77" type="xstring" value="leav"/>
            <entry key="78" type="xstring" value="villag"/>
            <entry key="79" type="xstring" value="continu"/>
            <entry key="80" type="xstring" value="free"/>
            <entry key="81" type="xstring" value="love"/>
            <entry key="82" type="xstring" value="look"/>
            <entry key="83" type="xstring" value="dollar"/>
            <entry key="84" type="xstring" value="credit"/>
            <entry key="85" type="xstring" value="happen"/>
            <entry key="86" type="xstring" value="shoot"/>
            <entry key="87" type="xstring" value="mouth"/>
            <entry key="88" type="xstring" value="world"/>
            <entry key="89" type="xstring" value="dirti"/>
            <entry key="90" type="xstring" value="tell"/>
            <entry key="91" type="xstring" value="tale"/>
            <entry key="92" type="xstring" value="wonder"/>
            <entry key="93" type="xstring" value="evil"/>
            <entry key="94" type="xstring" value="town"/>
            <entry key="95" type="xstring" value="lock"/>
            <entry key="96" type="xstring" value="soon"/>
            <entry key="97" type="xstring" value="shadow"/>
            <entry key="98" type="xstring" value="meet"/>
            <entry key="99" type="xstring" value="call"/>
            <entry key="100" type="xstring" value="escap"/>
            <entry key="101" type="xstring" value="head"/>
            <entry key="102" type="xstring" value="fall"/>
            <entry key="103" type="xstring" value="mad"/>
            <entry key="104" type="xstring" value="allow"/>
            <entry key="105" type="xstring" value="marri"/>
            <entry key="106" type="xstring" value="learn"/>
            <entry key="107" type="xstring" value="win"/>
            <entry key="108" type="xstring" value="girl"/>
            <entry key="109" type="xstring" value="heart"/>
            <entry key="110" type="xstring" value="make"/>
            <entry key="111" type="xstring" value="blind"/>
            <entry key="112" type="xstring" value="dog"/>
            <entry key="113" type="xstring" value="lead"/>
            <entry key="114" type="xstring" value="journey"/>
            <entry key="115" type="xstring" value="encount"/>
            <entry key="116" type="xstring" value="giant"/>
            <entry key="117" type="xstring" value="fli"/>
            <entry key="118" type="xstring" value="hors"/>
            <entry key="119" type="xstring" value="probabl"/>
            <entry key="120" type="xstring" value="birth"/>
            <entry key="121" type="xstring" value="beauti"/>
            <entry key="122" type="xstring" value="sequenc"/>
            <entry key="123" type="xstring" value="eye"/>
            <entry key="124" type="xstring" value="mine"/>
            <entry key="125" type="xstring" value="pure"/>
            <entry key="126" type="xstring" value="fantasi"/>
            <entry key="127" type="xstring" value="start"/>
            <entry key="128" type="xstring" value="actual"/>
            <entry key="129" type="xstring" value="magic"/>
            <entry key="130" type="xstring" value="instead"/>
            <entry key="131" type="xstring" value="hit"/>
            <entry key="132" type="xstring" value="peopl"/>
            <entry key="133" type="xstring" value="cheesi"/>
            <entry key="134" type="xstring" value="moment"/>
            <entry key="135" type="xstring" value="stori"/>
            <entry key="136" type="xstring" value="wast"/>
            <entry key="137" type="xstring" value="product"/>
            <entry key="138" type="xstring" value="design"/>
            <entry key="139" type="xstring" value="stun"/>
            <entry key="140" type="xstring" value="trap"/>
            <entry key="141" type="xstring" value="hero"/>
            <entry key="142" type="xstring" value="crap"/>
            <entry key="143" type="xstring" value="cinema"/>
            <entry key="144" type="xstring" value="music"/>
            <entry key="145" type="xstring" value="song"/>
            <entry key="146" type="xstring" value="doubt"/>
            <entry key="147" type="xstring" value="usual"/>
            <entry key="148" type="xstring" value="fan"/>
            <entry key="149" type="xstring" value="sing"/>
            <entry key="150" type="xstring" value="enjoy"/>
            <entry key="151" type="xstring" value="do"/>
            <entry key="152" type="xstring" value="ll"/>
            <entry key="153" type="xstring" value="happi"/>
            <entry key="154" type="xstring" value="except"/>
            <entry key="155" type="xstring" value="sell"/>
            <entry key="156" type="xstring" value="sheer"/>
            <entry key="157" type="xstring" value="reason"/>
            <entry key="158" type="xstring" value="stuff"/>
            <entry key="159" type="xstring" value="silent"/>
            <entry key="160" type="xstring" value="hill"/>
            <entry key="161" type="xstring" value="modern"/>
            <entry key="162" type="xstring" value="realist"/>
            <entry key="163" type="xstring" value="cgi"/>
            <entry key="164" type="xstring" value="blow"/>
            <entry key="165" type="xstring" value="mind"/>
            <entry key="166" type="xstring" value="green"/>
            <entry key="167" type="xstring" value="screen"/>
            <entry key="168" type="xstring" value="favorit"/>
            <entry key="169" type="xstring" value="shot"/>
            <entry key="170" type="xstring" value="black"/>
            <entry key="171" type="xstring" value="main"/>
            <entry key="172" type="xstring" value="appeal"/>
            <entry key="173" type="xstring" value="see"/>
            <entry key="174" type="xstring" value="essenti"/>
            <entry key="175" type="xstring" value="creatur"/>
            <entry key="176" type="xstring" value="re"/>
            <entry key="177" type="xstring" value="real"/>
            <entry key="178" type="xstring" value="feel"/>
            <entry key="179" type="xstring" value="liter"/>
            <entry key="180" type="xstring" value="imposs"/>
            <entry key="181" type="xstring" value="watch"/>
            <entry key="182" type="xstring" value="notic"/>
            <entry key="183" type="xstring" value="maker"/>
            <entry key="184" type="xstring" value="inspir"/>
            <entry key="185" type="xstring" value="charact"/>
            <entry key="186" type="xstring" value="pretti"/>
            <entry key="187" type="xstring" value="bad"/>
            <entry key="188" type="xstring" value="nice"/>
            <entry key="189" type="xstring" value="planet"/>
            <entry key="190" type="xstring" value="deep"/>
            <entry key="191" type="xstring" value="passion"/>
            <entry key="192" type="xstring" value="amaz"/>
            <entry key="193" type="xstring" value="kid"/>
            <entry key="194" type="xstring" value="week"/>
            <entry key="195" type="xstring" value="true"/>
            <entry key="196" type="xstring" value="test"/>
            <entry key="197" type="xstring" value="effect"/>
            <entry key="198" type="xstring" value="bit"/>
            <entry key="199" type="xstring" value="break"/>
            <entry key="200" type="xstring" value="hold"/>
            <entry key="201" type="xstring" value="own"/>
            <entry key="202" type="xstring" value="action"/>
            <entry key="203" type="xstring" value="version"/>
            <entry key="204" type="xstring" value="wish"/>
            <entry key="205" type="xstring" value="angri"/>
            <entry key="206" type="xstring" value="bunch"/>
            <entry key="207" type="xstring" value="avoid"/>
            <entry key="208" type="xstring" value="wo"/>
            <entry key="209" type="xstring" value="daughter"/>
            <entry key="210" type="xstring" value="guess"/>
            <entry key="211" type="xstring" value="third"/>
            <entry key="212" type="xstring" value="high"/>
            <entry key="213" type="xstring" value="success"/>
            <entry key="214" type="xstring" value="star"/>
            <entry key="215" type="xstring" value="tv"/>
            <entry key="216" type="xstring" value="dad"/>
            <entry key="217" type="xstring" value="jim"/>
            <entry key="218" type="xstring" value="folk"/>
            <entry key="219" type="xstring" value="wear"/>
            <entry key="220" type="xstring" value="vhs"/>
            <entry key="221" type="xstring" value="tape"/>
            <entry key="222" type="xstring" value="dvd"/>
            <entry key="223" type="xstring" value="play"/>
            <entry key="224" type="xstring" value="skip"/>
            <entry key="225" type="xstring" value="joke"/>
            <entry key="226" type="xstring" value="cours"/>
            <entry key="227" type="xstring" value="film"/>
            <entry key="228" type="xstring" value="charm"/>
            <entry key="229" type="xstring" value="brilliant"/>
            <entry key="230" type="xstring" value="thank"/>
            <entry key="231" type="xstring" value="tom"/>
            <entry key="232" type="xstring" value="introduc"/>
            <entry key="233" type="xstring" value="genr"/>
            <entry key="234" type="xstring" value="excel"/>
            <entry key="235" type="xstring" value="ran"/>
            <entry key="236" type="xstring" value="seri"/>
            <entry key="237" type="xstring" value="suspect"/>
            <entry key="238" type="xstring" value="worth"/>
            <entry key="239" type="xstring" value="prove"/>
            <entry key="240" type="xstring" value="yourself"/>
            <entry key="241" type="xstring" value="wrong"/>
            <entry key="242" type="xstring" value="qualiti"/>
            <entry key="243" type="xstring" value="plot"/>
            <entry key="244" type="xstring" value="partner"/>
            <entry key="245" type="xstring" value="perform"/>
            <entry key="246" type="xstring" value="shame"/>
            <entry key="247" type="xstring" value="john"/>
            <entry key="248" type="xstring" value="aliv"/>
            <entry key="249" type="xstring" value="act"/>
            <entry key="250" type="xstring" value="recommend"/>
            <entry key="251" type="xstring" value="teenag"/>
            <entry key="252" type="xstring" value="parti"/>
            <entry key="253" type="xstring" value="forget"/>
            <entry key="254" type="xstring" value="br"/>
            <entry key="255" type="xstring" value="studio"/>
            <entry key="256" type="xstring" value="short"/>
            <entry key="257" type="xstring" value="sort"/>
            <entry key="258" type="xstring" value="ground"/>
            <entry key="259" type="xstring" value="actor"/>
            <entry key="260" type="xstring" value="relat"/>
            <entry key="261" type="xstring" value="length"/>
            <entry key="262" type="xstring" value="featur"/>
            <entry key="263" type="xstring" value="establish"/>
            <entry key="264" type="xstring" value="famous"/>
            <entry key="265" type="xstring" value="child"/>
            <entry key="266" type="xstring" value="imagin"/>
            <entry key="267" type="xstring" value="frank"/>
            <entry key="268" type="xstring" value="deliv"/>
            <entry key="269" type="xstring" value="compar"/>
            <entry key="270" type="xstring" value="easi"/>
            <entry key="271" type="xstring" value="sight"/>
            <entry key="272" type="xstring" value="gag"/>
            <entry key="273" type="xstring" value="suppos"/>
            <entry key="274" type="xstring" value="class"/>
            <entry key="275" type="xstring" value="famili"/>
            <entry key="276" type="xstring" value="provid"/>
            <entry key="277" type="xstring" value="clean"/>
            <entry key="278" type="xstring" value="scene"/>
            <entry key="279" type="xstring" value="rain"/>
            <entry key="280" type="xstring" value="occasion"/>
            <entry key="281" type="xstring" value="effort"/>
            <entry key="282" type="xstring" value="hide"/>
            <entry key="283" type="xstring" value="afraid"/>
            <entry key="284" type="xstring" value="curious"/>
            <entry key="285" type="xstring" value="decid"/>
            <entry key="286" type="xstring" value="run"/>
            <entry key="287" type="xstring" value="home"/>
            <entry key="288" type="xstring" value="exist"/>
            <entry key="289" type="xstring" value="pass"/>
            <entry key="290" type="xstring" value="iron"/>
            <entry key="291" type="xstring" value="train"/>
            <entry key="292" type="xstring" value="track"/>
            <entry key="293" type="xstring" value="close"/>
            <entry key="294" type="xstring" value="guy"/>
            <entry key="295" type="xstring" value="matter"/>
            <entry key="296" type="xstring" value="share"/>
            <entry key="297" type="xstring" value="due"/>
            <entry key="298" type="xstring" value="smile"/>
            <entry key="299" type="xstring" value="receiv"/>
            <entry key="300" type="xstring" value="disappear"/>
            <entry key="301" type="xstring" value="consid"/>
            <entry key="302" type="xstring" value="poor"/>
            <entry key="303" type="xstring" value="loos"/>
            <entry key="304" type="xstring" value="hear"/>
            <entry key="305" type="xstring" value="jump"/>
            <entry key="306" type="xstring" value="cover"/>
            <entry key="307" type="xstring" value="immedi"/>
            <entry key="308" type="xstring" value="fear"/>
            <entry key="309" type="xstring" value="remind"/>
            <entry key="310" type="xstring" value="power"/>
            <entry key="311" type="xstring" value="lack"/>
            <entry key="312" type="xstring" value="hey"/>
            <entry key="313" type="xstring" value="set"/>
            <entry key="314" type="xstring" value="exact"/>
            <entry key="315" type="xstring" value="cute"/>
            <entry key="316" type="xstring" value="fun"/>
            <entry key="317" type="xstring" value="expect"/>
            <entry key="318" type="xstring" value="epic"/>
            <entry key="319" type="xstring" value="pack"/>
            <entry key="320" type="xstring" value="amount"/>
            <entry key="321" type="xstring" value="develop"/>
            <entry key="322" type="xstring" value="fight"/>
            <entry key="323" type="xstring" value="am"/>
            <entry key="324" type="xstring" value="hard"/>
            <entry key="325" type="xstring" value="documentari"/>
            <entry key="326" type="xstring" value="remot"/>
            <entry key="327" type="xstring" value="wild"/>
            <entry key="328" type="xstring" value="anim"/>
            <entry key="329" type="xstring" value="unusu"/>
            <entry key="330" type="xstring" value="cultur"/>
            <entry key="331" type="xstring" value="despit"/>
            <entry key="332" type="xstring" value="bring"/>
            <entry key="333" type="xstring" value="footag"/>
            <entry key="334" type="xstring" value="hollywood"/>
            <entry key="335" type="xstring" value="costum"/>
            <entry key="336" type="xstring" value="artist"/>
            <entry key="337" type="xstring" value="team"/>
            <entry key="338" type="xstring" value="martin"/>
            <entry key="339" type="xstring" value="wife"/>
            <entry key="340" type="xstring" value="sometim"/>
            <entry key="341" type="xstring" value="stage"/>
            <entry key="342" type="xstring" value="event"/>
            <entry key="343" type="xstring" value="extrem"/>
            <entry key="344" type="xstring" value="popular"/>
            <entry key="345" type="xstring" value="parodi"/>
            <entry key="346" type="xstring" value="sexi"/>
            <entry key="347" type="xstring" value="name"/>
            <entry key="348" type="xstring" value="filmmak"/>
            <entry key="349" type="xstring" value="produc"/>
            <entry key="350" type="xstring" value="reli"/>
            <entry key="351" type="xstring" value="humour"/>
            <entry key="352" type="xstring" value="view"/>
            <entry key="353" type="xstring" value="hope"/>
            <entry key="354" type="xstring" value="serious"/>
            <entry key="355" type="xstring" value="flaw"/>
            <entry key="356" type="xstring" value="funni"/>
            <entry key="357" type="xstring" value="brown"/>
            <entry key="358" type="xstring" value="complet"/>
            <entry key="359" type="xstring" value="idiot"/>
            <entry key="360" type="xstring" value="easili"/>
            <entry key="361" type="xstring" value="clever"/>
            <entry key="362" type="xstring" value="definit"/>
            <entry key="363" type="xstring" value="presenc"/>
            <entry key="364" type="xstring" value="ten"/>
            <entry key="365" type="xstring" value="husband"/>
            <entry key="366" type="xstring" value="manag"/>
            <entry key="367" type="xstring" value="attract"/>
            <entry key="368" type="xstring" value="shape"/>
            <entry key="369" type="xstring" value="blond"/>
            <entry key="370" type="xstring" value="front"/>
            <entry key="371" type="xstring" value="camera"/>
            <entry key="372" type="xstring" value="histor"/>
            <entry key="373" type="xstring" value="valu"/>
            <entry key="374" type="xstring" value="evid"/>
            <entry key="375" type="xstring" value="nativ"/>
            <entry key="376" type="xstring" value="suffer"/>
            <entry key="377" type="xstring" value="manner"/>
            <entry key="378" type="xstring" value="funniest"/>
            <entry key="379" type="xstring" value="attempt"/>
            <entry key="380" type="xstring" value="teach"/>
            <entry key="381" type="xstring" value="danc"/>
            <entry key="382" type="xstring" value="women"/>
            <entry key="383" type="xstring" value="bottom"/>
            <entry key="384" type="xstring" value="ride"/>
            <entry key="385" type="xstring" value="step"/>
            <entry key="386" type="xstring" value="stand"/>
            <entry key="387" type="xstring" value="appar"/>
            <entry key="388" type="xstring" value="crazi"/>
            <entry key="389" type="xstring" value="woman"/>
            <entry key="390" type="xstring" value="invent"/>
            <entry key="391" type="xstring" value="american"/>
            <entry key="392" type="xstring" value="abl"/>
            <entry key="393" type="xstring" value="brief"/>
            <entry key="394" type="xstring" value="demonstr"/>
            <entry key="395" type="xstring" value="natur"/>
            <entry key="396" type="xstring" value="blood"/>
            <entry key="397" type="xstring" value="ill"/>
            <entry key="398" type="xstring" value="rate"/>
            <entry key="399" type="xstring" value="decad"/>
            <entry key="400" type="xstring" value="ve"/>
            <entry key="401" type="xstring" value="endur"/>
            <entry key="402" type="xstring" value="al"/>
            <entry key="403" type="xstring" value="accur"/>
            <entry key="404" type="xstring" value="pathet"/>
            <entry key="405" type="xstring" value="stumbl"/>
            <entry key="406" type="xstring" value="realis"/>
            <entry key="407" type="xstring" value="social"/>
            <entry key="408" type="xstring" value="energi"/>
            <entry key="409" type="xstring" value="pictur"/>
            <entry key="410" type="xstring" value="like"/>
            <entry key="411" type="xstring" value="style"/>
            <entry key="412" type="xstring" value="richard"/>
            <entry key="413" type="xstring" value="bill"/>
            <entry key="414" type="xstring" value="chang"/>
            <entry key="415" type="xstring" value="earlier"/>
            <entry key="416" type="xstring" value="drive"/>
            <entry key="417" type="xstring" value="forward"/>
            <entry key="418" type="xstring" value="collect"/>
            <entry key="419" type="xstring" value="potenti"/>
            <entry key="420" type="xstring" value="build"/>
            <entry key="421" type="xstring" value="ca"/>
            <entry key="422" type="xstring" value="yeah"/>
            <entry key="423" type="xstring" value="fire"/>
            <entry key="424" type="xstring" value="70s"/>
            <entry key="425" type="xstring" value="current"/>
            <entry key="426" type="xstring" value="ago"/>
            <entry key="427" type="xstring" value="person"/>
            <entry key="428" type="xstring" value="awesom"/>
            <entry key="429" type="xstring" value="hilari"/>
            <entry key="430" type="xstring" value="classic"/>
            <entry key="431" type="xstring" value="goe"/>
            <entry key="432" type="xstring" value="son"/>
            <entry key="433" type="xstring" value="burn"/>
            <entry key="434" type="xstring" value="laugh"/>
            <entry key="435" type="xstring" value="hot"/>
            <entry key="436" type="xstring" value="damn"/>
            <entry key="437" type="xstring" value="season"/>
            <entry key="438" type="xstring" value="seen"/>
            <entry key="439" type="xstring" value="episod"/>
            <entry key="440" type="xstring" value="sad"/>
            <entry key="441" type="xstring" value="air"/>
            <entry key="442" type="xstring" value="rememb"/>
            <entry key="443" type="xstring" value="satir"/>
            <entry key="444" type="xstring" value="total"/>
            <entry key="445" type="xstring" value="perspect"/>
            <entry key="446" type="xstring" value="humor"/>
            <entry key="447" type="xstring" value="viewer"/>
            <entry key="448" type="xstring" value="lot"/>
            <entry key="449" type="xstring" value="comedi"/>
            <entry key="450" type="xstring" value="fresh"/>
            <entry key="451" type="xstring" value="anymor"/>
            <entry key="452" type="xstring" value="offic"/>
            <entry key="453" type="xstring" value="war"/>
            <entry key="454" type="xstring" value="sexual"/>
            <entry key="455" type="xstring" value="charg"/>
            <entry key="456" type="xstring" value="smoke"/>
            <entry key="457" type="xstring" value="check"/>
            <entry key="458" type="xstring" value="oscar"/>
            <entry key="459" type="xstring" value="mark"/>
            <entry key="460" type="xstring" value="pick"/>
            <entry key="461" type="xstring" value="theme"/>
            <entry key="462" type="xstring" value="angl"/>
            <entry key="463" type="xstring" value="favor"/>
            <entry key="464" type="xstring" value="entertain"/>
            <entry key="465" type="xstring" value="rais"/>
            <entry key="466" type="xstring" value="day"/>
            <entry key="467" type="xstring" value="experi"/>
            <entry key="468" type="xstring" value="send"/>
            <entry key="469" type="xstring" value="box"/>
            <entry key="470" type="xstring" value="commerci"/>
            <entry key="471" type="xstring" value="sudden"/>
            <entry key="472" type="xstring" value="straight"/>
            <entry key="473" type="xstring" value="eat"/>
            <entry key="474" type="xstring" value="weird"/>
            <entry key="475" type="xstring" value="think"/>
            <entry key="476" type="xstring" value="colleg"/>
            <entry key="477" type="xstring" value="perfect"/>
            <entry key="478" type="xstring" value="minut"/>
            <entry key="479" type="xstring" value="terror"/>
            <entry key="480" type="xstring" value="okay"/>
            <entry key="481" type="xstring" value="scari"/>
            <entry key="482" type="xstring" value="christma"/>
            <entry key="483" type="xstring" value="care"/>
            <entry key="484" type="xstring" value="mari"/>
            <entry key="485" type="xstring" value="death"/>
            <entry key="486" type="xstring" value="money"/>
            <entry key="487" type="xstring" value="plan"/>
            <entry key="488" type="xstring" value="ruin"/>
            <entry key="489" type="xstring" value="dress"/>
            <entry key="490" type="xstring" value="suit"/>
            <entry key="491" type="xstring" value="dr"/>
            <entry key="492" type="xstring" value="suggest"/>
            <entry key="493" type="xstring" value="worst"/>
            <entry key="494" type="xstring" value="suicid"/>
            <entry key="495" type="xstring" value="director"/>
            <entry key="496" type="xstring" value="mission"/>
            <entry key="497" type="xstring" value="outsid"/>
            <entry key="498" type="xstring" value="risk"/>
            <entry key="499" type="xstring" value="carri"/>
            <entry key="500" type="xstring" value="blame"/>
            <entry key="501" type="xstring" value="award"/>
            <entry key="502" type="xstring" value="dramat"/>
            <entry key="503" type="xstring" value="score"/>
            <entry key="504" type="xstring" value="light"/>
            <entry key="505" type="xstring" value="hand"/>
            <entry key="506" type="xstring" value="add"/>
            <entry key="507" type="xstring" value="mean"/>
            <entry key="508" type="xstring" value="begin"/>
            <entry key="509" type="xstring" value="forc"/>
            <entry key="510" type="xstring" value="will"/>
            <entry key="511" type="xstring" value="sure"/>
            <entry key="512" type="xstring" value="public"/>
            <entry key="513" type="xstring" value="question"/>
            <entry key="514" type="xstring" value="asid"/>
            <entry key="515" type="xstring" value="origin"/>
            <entry key="516" type="xstring" value="read"/>
            <entry key="517" type="xstring" value="script"/>
            <entry key="518" type="xstring" value="dialogu"/>
            <entry key="519" type="xstring" value="stupid"/>
            <entry key="520" type="xstring" value="walk"/>
            <entry key="521" type="xstring" value="truli"/>
            <entry key="522" type="xstring" value="satisfi"/>
            <entry key="523" type="xstring" value="remak"/>
            <entry key="524" type="xstring" value="succeed"/>
            <entry key="525" type="xstring" value="hang"/>
            <entry key="526" type="xstring" value="twenti"/>
            <entry key="527" type="xstring" value="low-budget"/>
            <entry key="528" type="xstring" value="absurd"/>
            <entry key="529" type="xstring" value="camp"/>
            <entry key="530" type="xstring" value="food"/>
            <entry key="531" type="xstring" value="sleep"/>
            <entry key="532" type="xstring" value="bare"/>
            <entry key="533" type="xstring" value="floor"/>
            <entry key="534" type="xstring" value="tortur"/>
            <entry key="535" type="xstring" value="sport"/>
            <entry key="536" type="xstring" value="hair"/>
            <entry key="537" type="xstring" value="harri"/>
            <entry key="538" type="xstring" value="armi"/>
            <entry key="539" type="xstring" value="major"/>
            <entry key="540" type="xstring" value="simpli"/>
            <entry key="541" type="xstring" value="aw"/>
            <entry key="542" type="xstring" value="stick"/>
            <entry key="543" type="xstring" value="portray"/>
            <entry key="544" type="xstring" value="singl"/>
            <entry key="545" type="xstring" value="creat"/>
            <entry key="546" type="xstring" value="past"/>
            <entry key="547" type="xstring" value="role"/>
            <entry key="548" type="xstring" value="russian"/>
            <entry key="549" type="xstring" value="obvious"/>
            <entry key="550" type="xstring" value="flick"/>
            <entry key="551" type="xstring" value="speak"/>
            <entry key="552" type="xstring" value="accent"/>
            <entry key="553" type="xstring" value="six"/>
            <entry key="554" type="xstring" value="silli"/>
            <entry key="555" type="xstring" value="absolut"/>
            <entry key="556" type="xstring" value="garbag"/>
            <entry key="557" type="xstring" value="wors"/>
            <entry key="558" type="xstring" value="van"/>
            <entry key="559" type="xstring" value="skill"/>
            <entry key="560" type="xstring" value="wooden"/>
            <entry key="561" type="xstring" value="accept"/>
            <entry key="562" type="xstring" value="80s"/>
            <entry key="563" type="xstring" value="born"/>
            <entry key="564" type="xstring" value="proper"/>
            <entry key="565" type="xstring" value="art"/>
            <entry key="566" type="xstring" value="water"/>
            <entry key="567" type="xstring" value="twist"/>
            <entry key="568" type="xstring" value="plenti"/>
            <entry key="569" type="xstring" value="theater"/>
            <entry key="570" type="xstring" value="serial"/>
            <entry key="571" type="xstring" value="mom"/>
            <entry key="572" type="xstring" value="low"/>
            <entry key="573" type="xstring" value="especi"/>
            <entry key="574" type="xstring" value="element"/>
            <entry key="575" type="xstring" value="surpris"/>
            <entry key="576" type="xstring" value="sick"/>
            <entry key="577" type="xstring" value="annoy"/>
            <entry key="578" type="xstring" value="edit"/>
            <entry key="579" type="xstring" value="plain"/>
            <entry key="580" type="xstring" value="master"/>
            <entry key="581" type="xstring" value="english"/>
            <entry key="582" type="xstring" value="move"/>
            <entry key="583" type="xstring" value="comic"/>
            <entry key="584" type="xstring" value="writer"/>
            <entry key="585" type="xstring" value="written"/>
            <entry key="586" type="xstring" value="date"/>
            <entry key="587" type="xstring" value="plus"/>
            <entry key="588" type="xstring" value="talent"/>
            <entry key="589" type="xstring" value="incred"/>
            <entry key="590" type="xstring" value="comment"/>
            <entry key="591" type="xstring" value="pain"/>
            <entry key="592" type="xstring" value="write"/>
            <entry key="593" type="xstring" value="understand"/>
            <entry key="594" type="xstring" value="intend"/>
            <entry key="595" type="xstring" value="terribl"/>
            <entry key="596" type="xstring" value="brought"/>
            <entry key="597" type="xstring" value="captur"/>
            <entry key="598" type="xstring" value="mood"/>
            <entry key="599" type="xstring" value="fail"/>
            <entry key="600" type="xstring" value="paul"/>
            <entry key="601" type="xstring" value="intens"/>
            <entry key="602" type="xstring" value="quiet"/>
            <entry key="603" type="xstring" value="amus"/>
            <entry key="604" type="xstring" value="rich"/>
            <entry key="605" type="xstring" value="slowli"/>
            <entry key="606" type="xstring" value="realiz"/>
            <entry key="607" type="xstring" value="subject"/>
            <entry key="608" type="xstring" value="children"/>
            <entry key="609" type="xstring" value="ridicul"/>
            <entry key="610" type="xstring" value="shown"/>
            <entry key="611" type="xstring" value="resembl"/>
            <entry key="612" type="xstring" value="human"/>
            <entry key="613" type="xstring" value="actress"/>
            <entry key="614" type="xstring" value="word"/>
            <entry key="615" type="xstring" value="meant"/>
            <entry key="616" type="xstring" value="support"/>
            <entry key="617" type="xstring" value="caus"/>
            <entry key="618" type="xstring" value="shock"/>
            <entry key="619" type="xstring" value="dare"/>
            <entry key="620" type="xstring" value="hint"/>
            <entry key="621" type="xstring" value="yes"/>
            <entry key="622" type="xstring" value="book"/>
            <entry key="623" type="xstring" value="excit"/>
            <entry key="624" type="xstring" value="blue"/>
            <entry key="625" type="xstring" value="content"/>
            <entry key="626" type="xstring" value="focus"/>
            <entry key="627" type="xstring" value="connect"/>
            <entry key="628" type="xstring" value="weak"/>
            <entry key="629" type="xstring" value="line"/>
            <entry key="630" type="xstring" value="chosen"/>
            <entry key="631" type="xstring" value="fit"/>
            <entry key="632" type="xstring" value="five"/>
            <entry key="633" type="xstring" value="disappoint"/>
            <entry key="634" type="xstring" value="masterpiec"/>
            <entry key="635" type="xstring" value="favourit"/>
            <entry key="636" type="xstring" value="miss"/>
            <entry key="637" type="xstring" value="william"/>
            <entry key="638" type="xstring" value="sent"/>
            <entry key="639" type="xstring" value="countri"/>
            <entry key="640" type="xstring" value="emot"/>
            <entry key="641" type="xstring" value="audienc"/>
            <entry key="642" type="xstring" value="rang"/>
            <entry key="643" type="xstring" value="differ"/>
            <entry key="644" type="xstring" value="citi"/>
            <entry key="645" type="xstring" value="slasher"/>
            <entry key="646" type="xstring" value="redeem"/>
            <entry key="647" type="xstring" value="bore"/>
            <entry key="648" type="xstring" value="idea"/>
            <entry key="649" type="xstring" value="offer"/>
            <entry key="650" type="xstring" value="mere"/>
            <entry key="651" type="xstring" value="unless"/>
            <entry key="652" type="xstring" value="violenc"/>
            <entry key="653" type="xstring" value="occur"/>
            <entry key="654" type="xstring" value="accid"/>
            <entry key="655" type="xstring" value="histori"/>
            <entry key="656" type="xstring" value="conflict"/>
            <entry key="657" type="xstring" value="generat"/>
            <entry key="658" type="xstring" value="polit"/>
            <entry key="659" type="xstring" value="opinion"/>
            <entry key="660" type="xstring" value="race"/>
            <entry key="661" type="xstring" value="franc"/>
            <entry key="662" type="xstring" value="jerri"/>
            <entry key="663" type="xstring" value="appear"/>
            <entry key="664" type="xstring" value="special"/>
            <entry key="665" type="xstring" value="warn"/>
            <entry key="666" type="xstring" value="normal"/>
            <entry key="667" type="xstring" value="obsess"/>
            <entry key="668" type="xstring" value="bodi"/>
            <entry key="669" type="xstring" value="nightmar"/>
            <entry key="670" type="xstring" value="hate"/>
            <entry key="671" type="xstring" value="job"/>
            <entry key="672" type="xstring" value="disgust"/>
            <entry key="673" type="xstring" value="imag"/>
            <entry key="674" type="xstring" value="knowledg"/>
            <entry key="675" type="xstring" value="insult"/>
            <entry key="676" type="xstring" value="tast"/>
            <entry key="677" type="xstring" value="sens"/>
            <entry key="678" type="xstring" value="cat"/>
            <entry key="679" type="xstring" value="cameo"/>
            <entry key="680" type="xstring" value="color"/>
            <entry key="681" type="xstring" value="nor"/>
            <entry key="682" type="xstring" value="gangster"/>
            <entry key="683" type="xstring" value="sound"/>
            <entry key="684" type="xstring" value="signific"/>
            <entry key="685" type="xstring" value="communiti"/>
            <entry key="686" type="xstring" value="west"/>
            <entry key="687" type="xstring" value="york"/>
            <entry key="688" type="xstring" value="depict"/>
            <entry key="689" type="xstring" value="drama"/>
            <entry key="690" type="xstring" value="etc"/>
            <entry key="691" type="xstring" value="lee"/>
            <entry key="692" type="xstring" value="storylin"/>
            <entry key="693" type="xstring" value="decis"/>
            <entry key="694" type="xstring" value="overal"/>
            <entry key="695" type="xstring" value="slow"/>
            <entry key="696" type="xstring" value="motion"/>
            <entry key="697" type="xstring" value="fast"/>
            <entry key="698" type="xstring" value="hour"/>
            <entry key="699" type="xstring" value="dialog"/>
            <entry key="700" type="xstring" value="horribl"/>
            <entry key="701" type="xstring" value="throw"/>
            <entry key="702" type="xstring" value="rent"/>
            <entry key="703" type="xstring" value="titl"/>
            <entry key="704" type="xstring" value="refer"/>
            <entry key="705" type="xstring" value="appal"/>
            <entry key="706" type="xstring" value="disagre"/>
            <entry key="707" type="xstring" value="dread"/>
            <entry key="708" type="xstring" value="gruesom"/>
            <entry key="709" type="xstring" value="nasti"/>
            <entry key="710" type="xstring" value="terrifi"/>
            <entry key="711" type="xstring" value="review"/>
            <entry key="712" type="xstring" value="remark"/>
            <entry key="713" type="xstring" value="handl"/>
            <entry key="714" type="xstring" value="fine"/>
            <entry key="715" type="xstring" value="somehow"/>
            <entry key="716" type="xstring" value="draw"/>
            <entry key="717" type="xstring" value="sceneri"/>
            <entry key="718" type="xstring" value="cinematographi"/>
            <entry key="719" type="xstring" value="top"/>
            <entry key="720" type="xstring" value="cold"/>
            <entry key="721" type="xstring" value="tend"/>
            <entry key="722" type="xstring" value="creativ"/>
            <entry key="723" type="xstring" value="direct"/>
            <entry key="724" type="xstring" value="magnific"/>
            <entry key="725" type="xstring" value="screenplay"/>
            <entry key="726" type="xstring" value="tie"/>
            <entry key="727" type="xstring" value="jean"/>
            <entry key="728" type="xstring" value="found"/>
            <entry key="729" type="xstring" value="irrit"/>
            <entry key="730" type="xstring" value="approach"/>
            <entry key="731" type="xstring" value="parent"/>
            <entry key="732" type="xstring" value="display"/>
            <entry key="733" type="xstring" value="shallow"/>
            <entry key="734" type="xstring" value="bed"/>
            <entry key="735" type="xstring" value="becom"/>
            <entry key="736" type="xstring" value="desper"/>
            <entry key="737" type="xstring" value="relationship"/>
            <entry key="738" type="xstring" value="drug"/>
            <entry key="739" type="xstring" value="late"/>
            <entry key="740" type="xstring" value="seek"/>
            <entry key="741" type="xstring" value="grow"/>
            <entry key="742" type="xstring" value="author"/>
            <entry key="743" type="xstring" value="utter"/>
            <entry key="744" type="xstring" value="system"/>
            <entry key="745" type="xstring" value="typic"/>
            <entry key="746" type="xstring" value="averag"/>
            <entry key="747" type="xstring" value="western"/>
            <entry key="748" type="xstring" value="debut"/>
            <entry key="749" type="xstring" value="chill"/>
            <entry key="750" type="xstring" value="dark"/>
            <entry key="751" type="xstring" value="thriller"/>
            <entry key="752" type="xstring" value="claim"/>
            <entry key="753" type="xstring" value="victim"/>
            <entry key="754" type="xstring" value="demon"/>
            <entry key="755" type="xstring" value="god"/>
            <entry key="756" type="xstring" value="destroy"/>
            <entry key="757" type="xstring" value="told"/>
            <entry key="758" type="xstring" value="flashback"/>
            <entry key="759" type="xstring" value="agent"/>
            <entry key="760" type="xstring" value="fashion"/>
            <entry key="761" type="xstring" value="near"/>
            <entry key="762" type="xstring" value="recent"/>
            <entry key="763" type="xstring" value="peter"/>
            <entry key="764" type="xstring" value="disturb"/>
            <entry key="765" type="xstring" value="decent"/>
            <entry key="766" type="xstring" value="mask"/>
            <entry key="767" type="xstring" value="pointless"/>
            <entry key="768" type="xstring" value="particular"/>
            <entry key="769" type="xstring" value="bother"/>
            <entry key="770" type="xstring" value="bought"/>
            <entry key="771" type="xstring" value="serv"/>
            <entry key="772" type="xstring" value="purpos"/>
            <entry key="773" type="xstring" value="band"/>
            <entry key="774" type="xstring" value="dream"/>
            <entry key="775" type="xstring" value="beyond"/>
            <entry key="776" type="xstring" value="grave"/>
            <entry key="777" type="xstring" value="street"/>
            <entry key="778" type="xstring" value="grant"/>
            <entry key="779" type="xstring" value="car"/>
            <entry key="780" type="xstring" value="heavi"/>
            <entry key="781" type="xstring" value="spirit"/>
            <entry key="782" type="xstring" value="stop"/>
            <entry key="783" type="xstring" value="gori"/>
            <entry key="784" type="xstring" value="sorri"/>
            <entry key="785" type="xstring" value="mayb"/>
            <entry key="786" type="xstring" value="sequel"/>
            <entry key="787" type="xstring" value="ala"/>
            <entry key="788" type="xstring" value="studi"/>
            <entry key="789" type="xstring" value="whatsoev"/>
            <entry key="790" type="xstring" value="neither"/>
            <entry key="791" type="xstring" value="monster"/>
            <entry key="792" type="xstring" value="suspens"/>
            <entry key="793" type="xstring" value="cliché"/>
            <entry key="794" type="xstring" value="budget"/>
            <entry key="795" type="xstring" value="adapt"/>
            <entry key="796" type="xstring" value="novel"/>
            <entry key="797" type="xstring" value="ms"/>
            <entry key="798" type="xstring" value="requir"/>
            <entry key="799" type="xstring" value="appropri"/>
            <entry key="800" type="xstring" value="result"/>
            <entry key="801" type="xstring" value="appreci"/>
            <entry key="802" type="xstring" value="alan"/>
            <entry key="803" type="xstring" value="fault"/>
            <entry key="804" type="xstring" value="gay"/>
            <entry key="805" type="xstring" value="difficult"/>
            <entry key="806" type="xstring" value="level"/>
            <entry key="807" type="xstring" value="final"/>
            <entry key="808" type="xstring" value="wise"/>
            <entry key="809" type="xstring" value="trust"/>
            <entry key="810" type="xstring" value="tear"/>
            <entry key="811" type="xstring" value="prais"/>
            <entry key="812" type="xstring" value="nomin"/>
            <entry key="813" type="xstring" value="won"/>
            <entry key="814" type="xstring" value="addit"/>
            <entry key="815" type="xstring" value="bruce"/>
            <entry key="816" type="xstring" value="earth"/>
            <entry key="817" type="xstring" value="hundr"/>
            <entry key="818" type="xstring" value="inform"/>
            <entry key="819" type="xstring" value="mention"/>
            <entry key="820" type="xstring" value="mental"/>
            <entry key="821" type="xstring" value="hospit"/>
            <entry key="822" type="xstring" value="futur"/>
            <entry key="823" type="xstring" value="admir"/>
            <entry key="824" type="xstring" value="henri"/>
            <entry key="825" type="xstring" value="fool"/>
            <entry key="826" type="xstring" value="similar"/>
            <entry key="827" type="xstring" value="icon"/>
            <entry key="828" type="xstring" value="return"/>
            <entry key="829" type="xstring" value="strike"/>
            <entry key="830" type="xstring" value="wait"/>
            <entry key="831" type="xstring" value="cinemat"/>
            <entry key="832" type="xstring" value="uniqu"/>
            <entry key="833" type="xstring" value="visit"/>
            <entry key="834" type="xstring" value="michael"/>
            <entry key="835" type="xstring" value="door"/>
            <entry key="836" type="xstring" value="player"/>
            <entry key="837" type="xstring" value="threaten"/>
            <entry key="838" type="xstring" value="physic"/>
            <entry key="839" type="xstring" value="solid"/>
            <entry key="840" type="xstring" value="strong"/>
            <entry key="841" type="xstring" value="highlight"/>
            <entry key="842" type="xstring" value="discuss"/>
            <entry key="843" type="xstring" value="indian"/>
            <entry key="844" type="xstring" value="toy"/>
            <entry key="845" type="xstring" value="delight"/>
            <entry key="846" type="xstring" value="challeng"/>
            <entry key="847" type="xstring" value="visual"/>
            <entry key="848" type="xstring" value="odd"/>
            <entry key="849" type="xstring" value="strang"/>
            <entry key="850" type="xstring" value="robert"/>
            <entry key="851" type="xstring" value="guid"/>
            <entry key="852" type="xstring" value="vision"/>
            <entry key="853" type="xstring" value="mother"/>
            <entry key="854" type="xstring" value="explain"/>
            <entry key="855" type="xstring" value="tough"/>
            <entry key="856" type="xstring" value="pull"/>
            <entry key="857" type="xstring" value="unfortun"/>
            <entry key="858" type="xstring" value="admit"/>
            <entry key="859" type="xstring" value="mess"/>
            <entry key="860" type="xstring" value="voic"/>
            <entry key="861" type="xstring" value="apart"/>
            <entry key="862" type="xstring" value="pleas"/>
            <entry key="863" type="xstring" value="violent"/>
            <entry key="864" type="xstring" value="graphic"/>
            <entry key="865" type="xstring" value="market"/>
            <entry key="866" type="xstring" value="releas"/>
            <entry key="867" type="xstring" value="horror"/>
            <entry key="868" type="xstring" value="school"/>
            <entry key="869" type="xstring" value="project"/>
            <entry key="870" type="xstring" value="inhabit"/>
            <entry key="871" type="xstring" value="hole"/>
            <entry key="872" type="xstring" value="insid"/>
            <entry key="873" type="xstring" value="zombi"/>
            <entry key="874" type="xstring" value="gore"/>
            <entry key="875" type="xstring" value="roll"/>
            <entry key="876" type="xstring" value="ok"/>
            <entry key="877" type="xstring" value="pleasur"/>
            <entry key="878" type="xstring" value="cut"/>
            <entry key="879" type="xstring" value="unexpect"/>
            <entry key="880" type="xstring" value="gem"/>
            <entry key="881" type="xstring" value="concern"/>
            <entry key="882" type="xstring" value="comed"/>
            <entry key="883" type="xstring" value="over"/>
            <entry key="884" type="xstring" value="besid"/>
            <entry key="885" type="xstring" value="fantast"/>
            <entry key="886" type="xstring" value="coupl"/>
            <entry key="887" type="xstring" value="piec"/>
            <entry key="888" type="xstring" value="common"/>
            <entry key="889" type="xstring" value="grab"/>
            <entry key="890" type="xstring" value="attent"/>
            <entry key="891" type="xstring" value="quick"/>
            <entry key="892" type="xstring" value="noir"/>
            <entry key="893" type="xstring" value="cool"/>
            <entry key="894" type="xstring" value="video"/>
            <entry key="895" type="xstring" value="ad"/>
            <entry key="896" type="xstring" value="period"/>
            <entry key="897" type="xstring" value="rush"/>
            <entry key="898" type="xstring" value="push"/>
            <entry key="899" type="xstring" value="basic"/>
            <entry key="900" type="xstring" value="slight"/>
            <entry key="901" type="xstring" value="rest"/>
            <entry key="902" type="xstring" value="belong"/>
            <entry key="903" type="xstring" value="categori"/>
            <entry key="904" type="xstring" value="anyway"/>
            <entry key="905" type="xstring" value="steal"/>
            <entry key="906" type="xstring" value="messag"/>
            <entry key="907" type="xstring" value="board"/>
            <entry key="908" type="xstring" value="sex"/>
            <entry key="909" type="xstring" value="assum"/>
            <entry key="910" type="xstring" value="wall"/>
            <entry key="911" type="xstring" value="hurt"/>
            <entry key="912" type="xstring" value="choos"/>
            <entry key="913" type="xstring" value="paid"/>
            <entry key="914" type="xstring" value="chemistri"/>
            <entry key="915" type="xstring" value="match"/>
            <entry key="916" type="xstring" value="embarrass"/>
            <entry key="917" type="xstring" value="die"/>
            <entry key="918" type="xstring" value="career"/>
            <entry key="919" type="xstring" value="self"/>
            <entry key="920" type="xstring" value="respect"/>
            <entry key="921" type="xstring" value="key"/>
            <entry key="922" type="xstring" value="flat"/>
            <entry key="923" type="xstring" value="desert"/>
            <entry key="924" type="xstring" value="locat"/>
            <entry key="925" type="xstring" value="celebr"/>
            <entry key="926" type="xstring" value="intrigu"/>
            <entry key="927" type="xstring" value="la"/>
            <entry key="928" type="xstring" value="suck"/>
            <entry key="929" type="xstring" value="judg"/>
            <entry key="930" type="xstring" value="cheap"/>
            <entry key="931" type="xstring" value="veteran"/>
            <entry key="932" type="xstring" value="themselv"/>
            <entry key="933" type="xstring" value="standard"/>
            <entry key="934" type="xstring" value="moral"/>
            <entry key="935" type="xstring" value="joseph"/>
            <entry key="936" type="xstring" value="televis"/>
            <entry key="937" type="xstring" value="program"/>
            <entry key="938" type="xstring" value="rise"/>
            <entry key="939" type="xstring" value="type"/>
            <entry key="940" type="xstring" value="that"/>
            <entry key="941" type="xstring" value="sam"/>
            <entry key="942" type="xstring" value="throughout"/>
            <entry key="943" type="xstring" value="age"/>
            <entry key="944" type="xstring" value="imdb"/>
            <entry key="945" type="xstring" value="crime"/>
            <entry key="946" type="xstring" value="memori"/>
            <entry key="947" type="xstring" value="formula"/>
            <entry key="948" type="xstring" value="thrill"/>
            <entry key="949" type="xstring" value="europ"/>
            <entry key="950" type="xstring" value="arriv"/>
            <entry key="951" type="xstring" value="polic"/>
            <entry key="952" type="xstring" value="mix"/>
            <entry key="953" type="xstring" value="engag"/>
            <entry key="954" type="xstring" value="repeat"/>
            <entry key="955" type="xstring" value="unknown"/>
            <entry key="956" type="xstring" value="insight"/>
            <entry key="957" type="xstring" value="ii"/>
            <entry key="958" type="xstring" value="unlik"/>
            <entry key="959" type="xstring" value="trash"/>
            <entry key="960" type="xstring" value="contain"/>
            <entry key="961" type="xstring" value="altern"/>
            <entry key="962" type="xstring" value="chanc"/>
            <entry key="963" type="xstring" value="ladi"/>
            <entry key="964" type="xstring" value="report"/>
            <entry key="965" type="xstring" value="interview"/>
            <entry key="966" type="xstring" value="confus"/>
            <entry key="967" type="xstring" value="brain"/>
            <entry key="968" type="xstring" value="note"/>
            <entry key="969" type="xstring" value="copi"/>
            <entry key="970" type="xstring" value="familiar"/>
            <entry key="971" type="xstring" value="german"/>
            <entry key="972" type="xstring" value="vampir"/>
            <entry key="973" type="xstring" value="red"/>
            <entry key="974" type="xstring" value="genius"/>
            <entry key="975" type="xstring" value="figur"/>
            <entry key="976" type="xstring" value="respons"/>
            <entry key="977" type="xstring" value="univers"/>
            <entry key="978" type="xstring" value="scream"/>
            <entry key="979" type="xstring" value="agre"/>
            <entry key="980" type="xstring" value="exampl"/>
            <entry key="981" type="xstring" value="marriag"/>
            <entry key="982" type="xstring" value="justic"/>
            <entry key="983" type="xstring" value="georg"/>
            <entry key="984" type="xstring" value="scott"/>
            <entry key="985" type="xstring" value="prefer"/>
            <entry key="986" type="xstring" value="clark"/>
            <entry key="987" type="xstring" value="regular"/>
            <entry key="988" type="xstring" value="post"/>
            <entry key="989" type="xstring" value="cri"/>
            <entry key="990" type="xstring" value="research"/>
            <entry key="991" type="xstring" value="answer"/>
            <entry key="992" type="xstring" value="legend"/>
            <entry key="993" type="xstring" value="mysteri"/>
            <entry key="994" type="xstring" value="base"/>
            <entry key="995" type="xstring" value="matur"/>
            <entry key="996" type="xstring" value="count"/>
            <entry key="997" type="xstring" value="spell"/>
            <entry key="998" type="xstring" value="separ"/>
            <entry key="999" type="xstring" value="tradit"/>
            <entry key="1000" type="xstring" value="combin"/>
            <entry key="1001" type="xstring" value="month"/>
            <entry key="1002" type="xstring" value="teen"/>
            <entry key="1003" type="xstring" value="adult"/>
            <entry key="1004" type="xstring" value="concept"/>
            <entry key="1005" type="xstring" value="--"/>
            <entry key="1006" type="xstring" value="dub"/>
            <entry key="1007" type="xstring" value="occas"/>
            <entry key="1008" type="xstring" value="touch"/>
            <entry key="1009" type="xstring" value="previous"/>
            <entry key="1010" type="xstring" value="treat"/>
            <entry key="1011" type="xstring" value="male"/>
            <entry key="1012" type="xstring" value="societi"/>
            <entry key="1013" type="xstring" value="doll"/>
            <entry key="1014" type="xstring" value="worthi"/>
            <entry key="1015" type="xstring" value="former"/>
            <entry key="1016" type="xstring" value="somewhat"/>
            <entry key="1017" type="xstring" value="affair"/>
            <entry key="1018" type="xstring" value="friendship"/>
            <entry key="1019" type="xstring" value="troubl"/>
            <entry key="1020" type="xstring" value="follow"/>
            <entry key="1021" type="xstring" value="rule"/>
            <entry key="1022" type="xstring" value="beat"/>
            <entry key="1023" type="xstring" value="abus"/>
            <entry key="1024" type="xstring" value="sake"/>
            <entry key="1025" type="xstring" value="structur"/>
            <entry key="1026" type="xstring" value="deserv"/>
            <entry key="1027" type="xstring" value="record"/>
            <entry key="1028" type="xstring" value="keep"/>
            <entry key="1029" type="xstring" value="simpl"/>
            <entry key="1030" type="xstring" value="biggest"/>
            <entry key="1031" type="xstring" value="field"/>
            <entry key="1032" type="xstring" value="search"/>
            <entry key="1033" type="xstring" value="discov"/>
            <entry key="1034" type="xstring" value="club"/>
            <entry key="1035" type="xstring" value="haunt"/>
            <entry key="1036" type="xstring" value="reveal"/>
            <entry key="1037" type="xstring" value="atmospher"/>
            <entry key="1038" type="xstring" value="fill"/>
            <entry key="1039" type="xstring" value="climax"/>
            <entry key="1040" type="xstring" value="kidnap"/>
            <entry key="1041" type="xstring" value="surround"/>
            <entry key="1042" type="xstring" value="joe"/>
            <entry key="1043" type="xstring" value="glass"/>
            <entry key="1044" type="xstring" value="soldier"/>
            <entry key="1045" type="xstring" value="hype"/>
            <entry key="1046" type="xstring" value="spend"/>
            <entry key="1047" type="xstring" value="villain"/>
            <entry key="1048" type="xstring" value="loud"/>
            <entry key="1049" type="xstring" value="ray"/>
            <entry key="1050" type="xstring" value="none"/>
            <entry key="1051" type="xstring" value="extra"/>
            <entry key="1052" type="xstring" value="sharp"/>
            <entry key="1053" type="xstring" value="pace"/>
            <entry key="1054" type="xstring" value="increas"/>
            <entry key="1055" type="xstring" value="romanc"/>
            <entry key="1056" type="xstring" value="struggl"/>
            <entry key="1057" type="xstring" value="motiv"/>
            <entry key="1058" type="xstring" value="posit"/>
            <entry key="1059" type="xstring" value="negat"/>
            <entry key="1060" type="xstring" value="interact"/>
            <entry key="1061" type="xstring" value="whom"/>
            <entry key="1062" type="xstring" value="accord"/>
            <entry key="1063" type="xstring" value="outstand"/>
            <entry key="1064" type="xstring" value="otherwis"/>
            <entry key="1065" type="xstring" value="proceed"/>
            <entry key="1066" type="xstring" value="memor"/>
            <entry key="1067" type="xstring" value="italian"/>
            <entry key="1068" type="xstring" value="summer"/>
            <entry key="1069" type="xstring" value="paint"/>
            <entry key="1070" type="xstring" value="nois"/>
            <entry key="1071" type="xstring" value="middl"/>
            <entry key="1072" type="xstring" value="ignor"/>
            <entry key="1073" type="xstring" value="intellig"/>
            <entry key="1074" type="xstring" value="awkward"/>
            <entry key="1075" type="xstring" value="correct"/>
            <entry key="1076" type="xstring" value="trailer"/>
            <entry key="1077" type="xstring" value="form"/>
            <entry key="1078" type="xstring" value="blockbust"/>
            <entry key="1079" type="xstring" value="kick"/>
            <entry key="1080" type="xstring" value="tragedi"/>
            <entry key="1081" type="xstring" value="independ"/>
            <entry key="1082" type="xstring" value="strength"/>
            <entry key="1083" type="xstring" value="materi"/>
            <entry key="1084" type="xstring" value="latter"/>
            <entry key="1085" type="xstring" value="rape"/>
            <entry key="1086" type="xstring" value="constant"/>
            <entry key="1087" type="xstring" value="put"/>
            <entry key="1088" type="xstring" value="demand"/>
            <entry key="1089" type="xstring" value="unintent"/>
            <entry key="1090" type="xstring" value="sweet"/>
            <entry key="1091" type="xstring" value="tragic"/>
            <entry key="1092" type="xstring" value="sit"/>
            <entry key="1093" type="xstring" value="rip"/>
            <entry key="1094" type="xstring" value="cloth"/>
            <entry key="1095" type="xstring" value="movement"/>
            <entry key="1096" type="xstring" value="remain"/>
            <entry key="1097" type="xstring" value="wide"/>
            <entry key="1098" type="xstring" value="bizarr"/>
            <entry key="1099" type="xstring" value="control"/>
            <entry key="1100" type="xstring" value="minor"/>
            <entry key="1101" type="xstring" value="term"/>
            <entry key="1102" type="xstring" value="truth"/>
            <entry key="1103" type="xstring" value="sentiment"/>
            <entry key="1104" type="xstring" value="stay"/>
            <entry key="1105" type="xstring" value="wed"/>
            <entry key="1106" type="xstring" value="window"/>
            <entry key="1107" type="xstring" value="load"/>
            <entry key="1108" type="xstring" value="various"/>
            <entry key="1109" type="xstring" value="psycho"/>
            <entry key="1110" type="xstring" value="gorgeous"/>
            <entry key="1111" type="xstring" value="crack"/>
            <entry key="1112" type="xstring" value="rock"/>
            <entry key="1113" type="xstring" value="dull"/>
            <entry key="1114" type="xstring" value="possibl"/>
            <entry key="1115" type="xstring" value="choic"/>
            <entry key="1116" type="xstring" value="weapon"/>
            <entry key="1117" type="xstring" value="hire"/>
            <entry key="1118" type="xstring" value="england"/>
            <entry key="1119" type="xstring" value="find"/>
            <entry key="1120" type="xstring" value="femal"/>
            <entry key="1121" type="xstring" value="flesh"/>
            <entry key="1122" type="xstring" value="drawn"/>
            <entry key="1123" type="xstring" value="fame"/>
            <entry key="1124" type="xstring" value="trip"/>
            <entry key="1125" type="xstring" value="centuri"/>
            <entry key="1126" type="xstring" value="nevertheless"/>
            <entry key="1127" type="xstring" value="intent"/>
            <entry key="1128" type="xstring" value="eddi"/>
            <entry key="1129" type="xstring" value="excus"/>
            <entry key="1130" type="xstring" value="jennif"/>
            <entry key="1131" type="xstring" value="disast"/>
            <entry key="1132" type="xstring" value="ford"/>
            <entry key="1133" type="xstring" value="individu"/>
            <entry key="1134" type="xstring" value="scienc"/>
            <entry key="1135" type="xstring" value="vote"/>
            <entry key="1136" type="xstring" value="spot"/>
            <entry key="1137" type="xstring" value="trick"/>
            <entry key="1138" type="xstring" value="exploit"/>
            <entry key="1139" type="xstring" value="fellow"/>
            <entry key="1140" type="xstring" value="militari"/>
            <entry key="1141" type="xstring" value="genuin"/>
            <entry key="1142" type="xstring" value="creepi"/>
            <entry key="1143" type="xstring" value="overlook"/>
            <entry key="1144" type="xstring" value="virtual"/>
            <entry key="1145" type="xstring" value="sci-fi"/>
            <entry key="1146" type="xstring" value="alien"/>
            <entry key="1147" type="xstring" value="instanc"/>
            <entry key="1148" type="xstring" value="battl"/>
            <entry key="1149" type="xstring" value="space"/>
            <entry key="1150" type="xstring" value="disbelief"/>
            <entry key="1151" type="xstring" value="background"/>
            <entry key="1152" type="xstring" value="kept"/>
            <entry key="1153" type="xstring" value="soul"/>
            <entry key="1154" type="xstring" value="whilst"/>
            <entry key="1155" type="xstring" value="craft"/>
            <entry key="1156" type="xstring" value="enemi"/>
            <entry key="1157" type="xstring" value="menac"/>
            <entry key="1158" type="xstring" value="technolog"/>
            <entry key="1159" type="xstring" value="abil"/>
            <entry key="1160" type="xstring" value="nonsens"/>
            <entry key="1161" type="xstring" value="advic"/>
            <entry key="1162" type="xstring" value="situat"/>
            <entry key="1163" type="xstring" value="heard"/>
            <entry key="1164" type="xstring" value="doubl"/>
            <entry key="1165" type="xstring" value="media"/>
            <entry key="1166" type="xstring" value="comput"/>
            <entry key="1167" type="xstring" value="promis"/>
            <entry key="1168" type="xstring" value="opera"/>
            <entry key="1169" type="xstring" value="spanish"/>
            <entry key="1170" type="xstring" value="command"/>
            <entry key="1171" type="xstring" value="led"/>
            <entry key="1172" type="xstring" value="america"/>
            <entry key="1173" type="xstring" value="avail"/>
            <entry key="1174" type="xstring" value="cabl"/>
            <entry key="1175" type="xstring" value="christian"/>
            <entry key="1176" type="xstring" value="student"/>
            <entry key="1177" type="xstring" value="listen"/>
            <entry key="1178" type="xstring" value="recogn"/>
            <entry key="1179" type="xstring" value="tension"/>
            <entry key="1180" type="xstring" value="stretch"/>
            <entry key="1181" type="xstring" value="church"/>
            <entry key="1182" type="xstring" value="bullet"/>
            <entry key="1183" type="xstring" value="round"/>
            <entry key="1184" type="xstring" value="mile"/>
            <entry key="1185" type="xstring" value="spent"/>
            <entry key="1186" type="xstring" value="sister"/>
            <entry key="1187" type="xstring" value="toward"/>
            <entry key="1188" type="xstring" value="subtitl"/>
            <entry key="1189" type="xstring" value="blend"/>
            <entry key="1190" type="xstring" value="witti"/>
            <entry key="1191" type="xstring" value="ultim"/>
            <entry key="1192" type="xstring" value="rare"/>
            <entry key="1193" type="xstring" value="equal"/>
            <entry key="1194" type="xstring" value="owner"/>
            <entry key="1195" type="xstring" value="sourc"/>
            <entry key="1196" type="xstring" value="express"/>
            <entry key="1197" type="xstring" value="onto"/>
            <entry key="1198" type="xstring" value="languag"/>
            <entry key="1199" type="xstring" value="heaven"/>
            <entry key="1200" type="xstring" value="realiti"/>
            <entry key="1201" type="xstring" value="remov"/>
            <entry key="1202" type="xstring" value="superb"/>
            <entry key="1203" type="xstring" value="mountain"/>
            <entry key="1204" type="xstring" value="gotten"/>
            <entry key="1205" type="xstring" value="seven"/>
            <entry key="1206" type="xstring" value="faith"/>
            <entry key="1207" type="xstring" value="dislik"/>
            <entry key="1208" type="xstring" value="unbeliev"/>
            <entry key="1209" type="xstring" value="babi"/>
            <entry key="1210" type="xstring" value="distinct"/>
            <entry key="1211" type="xstring" value="cop"/>
            <entry key="1212" type="xstring" value="chase"/>
            <entry key="1213" type="xstring" value="cartoon"/>
            <entry key="1214" type="xstring" value="unfunni"/>
            <entry key="1215" type="xstring" value="adam"/>
            <entry key="1216" type="xstring" value="describ"/>
            <entry key="1217" type="xstring" value="wood"/>
            <entry key="1218" type="xstring" value="bloodi"/>
            <entry key="1219" type="xstring" value="spoil"/>
            <entry key="1220" type="xstring" value="roger"/>
            <entry key="1221" type="xstring" value="king"/>
            <entry key="1222" type="xstring" value="aspect"/>
            <entry key="1223" type="xstring" value="tune"/>
            <entry key="1224" type="xstring" value="contriv"/>
            <entry key="1225" type="xstring" value="conclus"/>
            <entry key="1226" type="xstring" value="tire"/>
            <entry key="1227" type="xstring" value="plane"/>
            <entry key="1228" type="xstring" value="honest"/>
            <entry key="1229" type="xstring" value="industri"/>
            <entry key="1230" type="xstring" value="compani"/>
            <entry key="1231" type="xstring" value="game"/>
            <entry key="1232" type="xstring" value="hell"/>
            <entry key="1233" type="xstring" value="fiction"/>
            <entry key="1234" type="xstring" value="civil"/>
            <entry key="1235" type="xstring" value="cult"/>
            <entry key="1236" type="xstring" value="premis"/>
            <entry key="1237" type="xstring" value="era"/>
            <entry key="1238" type="xstring" value="ring"/>
            <entry key="1239" type="xstring" value="hook"/>
            <entry key="1240" type="xstring" value="last"/>
            <entry key="1241" type="xstring" value="childhood"/>
            <entry key="1242" type="xstring" value="great"/>
            <entry key="1243" type="xstring" value="tone"/>
            <entry key="1244" type="xstring" value="deepli"/>
            <entry key="1245" type="xstring" value="desir"/>
            <entry key="1246" type="xstring" value="nation"/>
            <entry key="1247" type="xstring" value="channel"/>
            <entry key="1248" type="xstring" value="credibl"/>
            <entry key="1249" type="xstring" value="fair"/>
            <entry key="1250" type="xstring" value="caught"/>
            <entry key="1251" type="xstring" value="soundtrack"/>
            <entry key="1252" type="xstring" value="page"/>
            <entry key="1253" type="xstring" value="complaint"/>
            <entry key="1254" type="xstring" value="oper"/>
            <entry key="1255" type="xstring" value="logic"/>
            <entry key="1256" type="xstring" value="thrown"/>
            <entry key="1257" type="xstring" value="boy"/>
            <entry key="1258" type="xstring" value="opportun"/>
            <entry key="1259" type="xstring" value="issu"/>
            <entry key="1260" type="xstring" value="segment"/>
            <entry key="1261" type="xstring" value="catch"/>
            <entry key="1262" type="xstring" value="critic"/>
            <entry key="1263" type="xstring" value="film-mak"/>
            <entry key="1264" type="xstring" value="list"/>
            <entry key="1265" type="xstring" value="sign"/>
            <entry key="1266" type="xstring" value="limit"/>
            <entry key="1267" type="xstring" value="narrat"/>
            <entry key="1268" type="xstring" value="grace"/>
            <entry key="1269" type="xstring" value="emerg"/>
            <entry key="1270" type="xstring" value="object"/>
            <entry key="1271" type="xstring" value="french"/>
            <entry key="1272" type="xstring" value="pari"/>
            <entry key="1273" type="xstring" value="commentari"/>
            <entry key="1274" type="xstring" value="bear"/>
            <entry key="1275" type="xstring" value="subtl"/>
            <entry key="1276" type="xstring" value="grand"/>
            <entry key="1277" type="xstring" value="detect"/>
            <entry key="1278" type="xstring" value="terrif"/>
            <entry key="1279" type="xstring" value="reaction"/>
            <entry key="1280" type="xstring" value="breath"/>
            <entry key="1281" type="xstring" value="worri"/>
            <entry key="1282" type="xstring" value="spectacular"/>
            <entry key="1283" type="xstring" value="jack"/>
            <entry key="1284" type="xstring" value="warm"/>
            <entry key="1285" type="xstring" value="prevent"/>
            <entry key="1286" type="xstring" value="realism"/>
            <entry key="1287" type="xstring" value="twice"/>
            <entry key="1288" type="xstring" value="scare"/>
            <entry key="1289" type="xstring" value="forgotten"/>
            <entry key="1290" type="xstring" value="depart"/>
            <entry key="1291" type="xstring" value="christoph"/>
            <entry key="1292" type="xstring" value="endless"/>
            <entry key="1293" type="xstring" value="lover"/>
            <entry key="1294" type="xstring" value="dean"/>
            <entry key="1295" type="xstring" value="join"/>
            <entry key="1296" type="xstring" value="eventu"/>
            <entry key="1297" type="xstring" value="complex"/>
            <entry key="1298" type="xstring" value="bar"/>
            <entry key="1299" type="xstring" value="met"/>
            <entry key="1300" type="xstring" value="reach"/>
            <entry key="1301" type="xstring" value="mistak"/>
            <entry key="1302" type="xstring" value="profession"/>
            <entry key="1303" type="xstring" value="surreal"/>
            <entry key="1304" type="xstring" value="repres"/>
            <entry key="1305" type="xstring" value="achiev"/>
            <entry key="1306" type="xstring" value="contrast"/>
            <entry key="1307" type="xstring" value="interpret"/>
            <entry key="1308" type="xstring" value="one"/>
            <entry key="1309" type="xstring" value="compel"/>
            <entry key="1310" type="xstring" value="ideal"/>
            <entry key="1311" type="xstring" value="nuditi"/>
            <entry key="1312" type="xstring" value="witch"/>
            <entry key="1313" type="xstring" value="disney"/>
            <entry key="1314" type="xstring" value="japan"/>
            <entry key="1315" type="xstring" value="fat"/>
            <entry key="1316" type="xstring" value="lucki"/>
            <entry key="1317" type="xstring" value="smart"/>
            <entry key="1318" type="xstring" value="commit"/>
            <entry key="1319" type="xstring" value="govern"/>
            <entry key="1320" type="xstring" value="oh"/>
            <entry key="1321" type="xstring" value="insan"/>
            <entry key="1322" type="xstring" value="japanes"/>
            <entry key="1323" type="xstring" value="charl"/>
            <entry key="1324" type="xstring" value="pair"/>
            <entry key="1325" type="xstring" value="revolv"/>
            <entry key="1326" type="xstring" value="nake"/>
            <entry key="1327" type="xstring" value="road"/>
            <entry key="1328" type="xstring" value="stereotyp"/>
            <entry key="1329" type="xstring" value="superior"/>
            <entry key="1330" type="xstring" value="prepar"/>
            <entry key="1331" type="xstring" value="thin"/>
            <entry key="1332" type="xstring" value="central"/>
            <entry key="1333" type="xstring" value="ann"/>
            <entry key="1334" type="xstring" value="london"/>
            <entry key="1335" type="xstring" value="boyfriend"/>
            <entry key="1336" type="xstring" value="shine"/>
            <entry key="1337" type="xstring" value="depress"/>
            <entry key="1338" type="xstring" value="island"/>
            <entry key="1339" type="xstring" value="frustrat"/>
            <entry key="1340" type="xstring" value="replac"/>
            <entry key="1341" type="xstring" value="european"/>
            <entry key="1342" type="xstring" value="drag"/>
            <entry key="1343" type="xstring" value="de"/>
            <entry key="1344" type="xstring" value="fortun"/>
            <entry key="1345" type="xstring" value="sum"/>
            <entry key="1346" type="xstring" value="wrote"/>
            <entry key="1347" type="xstring" value="stuck"/>
            <entry key="1348" type="xstring" value="domin"/>
            <entry key="1349" type="xstring" value="buy"/>
            <entry key="1350" type="xstring" value="refus"/>
            <entry key="1351" type="xstring" value="attitud"/>
            <entry key="1352" type="xstring" value="awar"/>
            <entry key="1353" type="xstring" value="british"/>
            <entry key="1354" type="xstring" value="busi"/>
            <entry key="1355" type="xstring" value="machin"/>
            <entry key="1356" type="xstring" value="aim"/>
            <entry key="1357" type="xstring" value="mediocr"/>
            <entry key="1358" type="xstring" value="dri"/>
            <entry key="1359" type="xstring" value="gone"/>
            <entry key="1360" type="xstring" value="manipul"/>
            <entry key="1361" type="xstring" value="rescu"/>
            <entry key="1362" type="xstring" value="state"/>
            <entry key="1363" type="xstring" value="right"/>
            <entry key="1364" type="xstring" value="center"/>
            <entry key="1365" type="xstring" value="quot"/>
            <entry key="1366" type="xstring" value="model"/>
            <entry key="1367" type="xstring" value="inner"/>
            <entry key="1368" type="xstring" value="frighten"/>
            <entry key="1369" type="xstring" value="ghost"/>
            <entry key="1370" type="xstring" value="site"/>
            <entry key="1371" type="xstring" value="thousand"/>
            <entry key="1372" type="xstring" value="translat"/>
            <entry key="1373" type="xstring" value="vehicl"/>
            <entry key="1374" type="xstring" value="arm"/>
            <entry key="1375" type="xstring" value="drink"/>
            <entry key="1376" type="xstring" value="complain"/>
            <entry key="1377" type="xstring" value="frame"/>
            <entry key="1378" type="xstring" value="likabl"/>
            <entry key="1379" type="xstring" value="howard"/>
            <entry key="1380" type="xstring" value="dick"/>
            <entry key="1381" type="xstring" value="flow"/>
            <entry key="1382" type="xstring" value="photographi"/>
            <entry key="1383" type="xstring" value="affect"/>
            <entry key="1384" type="xstring" value="wow"/>
            <entry key="1385" type="xstring" value="price"/>
            <entry key="1386" type="xstring" value="smith"/>
            <entry key="1387" type="xstring" value="consist"/>
            <entry key="1388" type="xstring" value="seem"/>
            <entry key="1389" type="xstring" value="pleasant"/>
            <entry key="1390" type="xstring" value="festiv"/>
            <entry key="1391" type="xstring" value="root"/>
            <entry key="1392" type="xstring" value="laughabl"/>
            <entry key="1393" type="xstring" value="bland"/>
            <entry key="1394" type="xstring" value="gratuit"/>
            <entry key="1395" type="xstring" value="doctor"/>
            <entry key="1396" type="xstring" value="glad"/>
            <entry key="1397" type="xstring" value="failur"/>
            <entry key="1398" type="xstring" value="joy"/>
            <entry key="1399" type="xstring" value="travel"/>
            <entry key="1400" type="xstring" value="queen"/>
            <entry key="1401" type="xstring" value="reflect"/>
            <entry key="1402" type="xstring" value="cheer"/>
            <entry key="1403" type="xstring" value="technic"/>
            <entry key="1404" type="xstring" value="drop"/>
            <entry key="1405" type="xstring" value="innoc"/>
            <entry key="1406" type="xstring" value="store"/>
            <entry key="1407" type="xstring" value="inde"/>
            <entry key="1408" type="xstring" value="luck"/>
            <entry key="1409" type="xstring" value="ben"/>
            <entry key="1410" type="xstring" value="reveng"/>
            <entry key="1411" type="xstring" value="circumst"/>
            <entry key="1412" type="xstring" value="explor"/>
            <entry key="1413" type="xstring" value="pretenti"/>
            <entry key="1414" type="xstring" value="ador"/>
            <entry key="1415" type="xstring" value="youth"/>
            <entry key="1416" type="xstring" value="ahead"/>
            <entry key="1417" type="xstring" value="forev"/>
            <entry key="1418" type="xstring" value="practic"/>
            <entry key="1419" type="xstring" value="initi"/>
            <entry key="1420" type="xstring" value="possess"/>
            <entry key="1421" type="xstring" value="jone"/>
            <entry key="1422" type="xstring" value="depth"/>
            <entry key="1423" type="xstring" value="dougla"/>
            <entry key="1424" type="xstring" value="stone"/>
            <entry key="1425" type="xstring" value="psycholog"/>
            <entry key="1426" type="xstring" value="fascin"/>
            <entry key="1427" type="xstring" value="chris"/>
            <entry key="1428" type="xstring" value="advanc"/>
            <entry key="1429" type="xstring" value="atroci"/>
            <entry key="1430" type="xstring" value="park"/>
            <entry key="1431" type="xstring" value="scientist"/>
            <entry key="1432" type="xstring" value="pretend"/>
            <entry key="1433" type="xstring" value="techniqu"/>
            <entry key="1434" type="xstring" value="california"/>
            <entry key="1435" type="xstring" value="capabl"/>
            <entry key="1436" type="xstring" value="rubbish"/>
            <entry key="1437" type="xstring" value="welcom"/>
            <entry key="1438" type="xstring" value="brutal"/>
            <entry key="1439" type="xstring" value="opposit"/>
            <entry key="1440" type="xstring" value="handsom"/>
            <entry key="1441" type="xstring" value="unnecessari"/>
            <entry key="1442" type="xstring" value="surviv"/>
            <entry key="1443" type="xstring" value="land"/>
            <entry key="1444" type="xstring" value="wind"/>
            <entry key="1445" type="xstring" value="bank"/>
            <entry key="1446" type="xstring" value="rob"/>
            <entry key="1447" type="xstring" value="spoiler"/>
            <entry key="1448" type="xstring" value="romant"/>
            <entry key="1449" type="xstring" value="whatev"/>
            <entry key="1450" type="xstring" value="religi"/>
            <entry key="1451" type="xstring" value="process"/>
            <entry key="1452" type="xstring" value="stephen"/>
            <entry key="1453" type="xstring" value="theatric"/>
            <entry key="1454" type="xstring" value="say"/>
            <entry key="1455" type="xstring" value="wit"/>
            <entry key="1456" type="xstring" value="dumb"/>
            <entry key="1457" type="xstring" value="servic"/>
            <entry key="1458" type="xstring" value="regard"/>
            <entry key="1459" type="xstring" value="random"/>
            <entry key="1460" type="xstring" value="neat"/>
            <entry key="1461" type="xstring" value="winner"/>
            <entry key="1462" type="xstring" value="angel"/>
            <entry key="1463" type="xstring" value="miser"/>
            <entry key="1464" type="xstring" value="rank"/>
            <entry key="1465" type="xstring" value="fate"/>
            <entry key="1466" type="xstring" value="activ"/>
            <entry key="1467" type="xstring" value="theatr"/>
            <entry key="1468" type="xstring" value="notori"/>
            <entry key="1469" type="xstring" value="uninterest"/>
            <entry key="1470" type="xstring" value="empti"/>
            <entry key="1471" type="xstring" value="golden"/>
            <entry key="1472" type="xstring" value="grade"/>
            <entry key="1473" type="xstring" value="refresh"/>
            <entry key="1474" type="xstring" value="jason"/>
            <entry key="1475" type="xstring" value="impact"/>
            <entry key="1476" type="xstring" value="lesbian"/>
            <entry key="1477" type="xstring" value="fake"/>
            <entry key="1478" type="xstring" value="super"/>
            <entry key="1479" type="xstring" value="piti"/>
            <entry key="1480" type="xstring" value="photograph"/>
            <entry key="1481" type="xstring" value="held"/>
            <entry key="1482" type="xstring" value="protagonist"/>
            <entry key="1483" type="xstring" value="steve"/>
            <entry key="1484" type="xstring" value="zero"/>
            <entry key="1485" type="xstring" value="lie"/>
            <entry key="1486" type="xstring" value="news"/>
            <entry key="1487" type="xstring" value="substanc"/>
            <entry key="1488" type="xstring" value="influenc"/>
            <entry key="1489" type="xstring" value="law"/>
            <entry key="1490" type="xstring" value="leader"/>
            <entry key="1491" type="xstring" value="statement"/>
            <entry key="1492" type="xstring" value="chick"/>
            <entry key="1493" type="xstring" value="treatment"/>
            <entry key="1494" type="xstring" value="prison"/>
            <entry key="1495" type="xstring" value="thorough"/>
            <entry key="1496" type="xstring" value="fell"/>
            <entry key="1497" type="xstring" value="feet"/>
            <entry key="1498" type="xstring" value="bet"/>
            <entry key="1499" type="xstring" value="broken"/>
            <entry key="1500" type="xstring" value="detail"/>
            <entry key="1501" type="xstring" value="mild"/>
            <entry key="1502" type="xstring" value="nick"/>
            <entry key="1503" type="xstring" value="crash"/>
            <entry key="1504" type="xstring" value="balanc"/>
            <entry key="1505" type="xstring" value="grip"/>
        </config>
    </config>
</config>
