<?xml version="1.0" encoding="UTF-8"?>
<config xmlns="http://www.knime.org/2008/09/XMLConfig" xmlns:xsi="http://www.w3.org/2001/XMLSchema-instance" xsi:schemaLocation="http://www.knime.org/2008/09/XMLConfig http://www.knime.org/XMLConfig_2008_09.xsd" key="MiningSchema">
    <config key="learning">
        <entry key="array-size" type="xint" value="11"/>
        <entry key="0" type="xstring" value="TF-IDF"/>
        <entry key="1" type="xstring" value="topic_0"/>
        <entry key="2" type="xstring" value="topic_1"/>
        <entry key="3" type="xstring" value="topic_2"/>
        <entry key="4" type="xstring" value="topic_3"/>
        <entry key="5" type="xstring" value="topic_4"/>
        <entry key="6" type="xstring" value="topic_5"/>
        <entry key="7" type="xstring" value="topic_6"/>
        <entry key="8" type="xstring" value="topic_7"/>
        <entry key="9" type="xstring" value="topic_8"/>
        <entry key="10" type="xstring" value="topic_9"/>
    </config>
    <config key="target">
        <entry key="array-size" type="xint" value="0"/>
    </config>
</config>
