<?xml version="1.0" encoding="UTF-8"?>
<config xmlns="http://www.knime.org/2008/09/XMLConfig" xmlns:xsi="http://www.w3.org/2001/XMLSchema-instance" xsi:schemaLocation="http://www.knime.org/2008/09/XMLConfig http://www.knime.org/XMLConfig_2008_09.xsd" key="settings.xml">
<entry key="name" type="xstring" value="POS Filter"/>
<config key="model">
<config key="DeepPreprocessing_Internals">
<entry key="SettingsModelID" type="xstring" value="SMID_boolean"/>
<entry key="EnabledStatus" type="xboolean" value="true"/>
</config>
<entry key="DeepPreprocessing" type="xboolean" value="true"/>
<config key="AppendIncomingDoc_Internals">
<entry key="SettingsModelID" type="xstring" value="SMID_boolean"/>
<entry key="EnabledStatus" type="xboolean" value="true"/>
</config>
<entry key="AppendIncomingDoc" type="xboolean" value="true"/>
<config key="DocCol_Internals">
<entry key="SettingsModelID" type="xstring" value="SMID_string"/>
<entry key="EnabledStatus" type="xboolean" value="true"/>
</config>
<entry key="DocCol" type="xstring" value="Document"/>
<config key="OriginalDocCol_Internals">
<entry key="SettingsModelID" type="xstring" value="SMID_string"/>
<entry key="EnabledStatus" type="xboolean" value="true"/>
</config>
<entry key="OriginalDocCol" type="xstring" value="Orig Document"/>
<config key="Preprocess Unmodifiable_Internals">
<entry key="SettingsModelID" type="xstring" value="SMID_boolean"/>
<entry key="EnabledStatus" type="xboolean" value="true"/>
</config>
<entry key="Preprocess Unmodifiable" type="xboolean" value="false"/>
<config key="Strict_Internals">
<entry key="SettingsModelID" type="xstring" value="SMID_boolean"/>
<entry key="EnabledStatus" type="xboolean" value="true"/>
</config>
<entry key="Strict" type="xboolean" value="false"/>
<config key="ValidTags_Internals">
<entry key="SettingsModelID" type="xstring" value="SMID_stringarray"/>
<entry key="EnabledStatus" type="xboolean" value="true"/>
</config>
<config key="ValidTags">
<entry key="array-size" type="xint" value="12"/>
<entry key="0" type="xstring" value="JJ"/>
<entry key="1" type="xstring" value="JJR"/>
<entry key="2" type="xstring" value="JJS"/>
<entry key="3" type="xstring" value="NN"/>
<entry key="4" type="xstring" value="NNP"/>
<entry key="5" type="xstring" value="NNPS"/>
<entry key="6" type="xstring" value="VB"/>
<entry key="7" type="xstring" value="VBD"/>
<entry key="8" type="xstring" value="VBG"/>
<entry key="9" type="xstring" value="VBN"/>
<entry key="10" type="xstring" value="VBP"/>
<entry key="11" type="xstring" value="VBZ"/>
</config>
<config key="IncludeSelected_Internals">
<entry key="SettingsModelID" type="xstring" value="SMID_boolean"/>
<entry key="EnabledStatus" type="xboolean" value="true"/>
</config>
<entry key="IncludeSelected" type="xboolean" value="false"/>
</config>
<entry key="hasContent" type="xboolean" value="true"/>
<entry key="isInactive" type="xboolean" value="false"/>
<config key="ports">
<config key="port_1">
<entry key="index" type="xint" value="1"/>
<entry key="port_spec_class" type="xstring" value="org.knime.core.data.DataTableSpec"/>
<entry key="port_object_class" type="xstring" value="org.knime.core.node.BufferedDataTable"/>
<entry key="port_object_summary" type="xstring" value="Rows: 3807, Cols: 3"/>
<entry key="port_dir_location" type="xstring" value="port_1"/>
</config>
</config>
<config key="filestores">
<entry key="file_store_location" type="xstring" isnull="true" value=""/>
<entry key="file_store_id" type="xstring" value="90fc93e4-61c2-4a56-8350-67ae787849ed"/>
</config>
</config>
