<?xml version="1.0" encoding="iso-8859-1"?>
<!-- this file has been obtained by crawling internet sites by
Fundacio Barcelona Media please, access this site:
caw2.barcelonamedia.org to read the terms and conditions of use
 -->
<thread id="SD_148_1712240">
  <subdomain>games</subdomain>
  <title>German Politico Calls For Ban On Violent Games</title>
  <admin>Zonk</admin>
  <user>GamePolitics reports that Germany's new coalition government wants to limit the development and production of violent games. From the article: "... Andreas Scheuer, a parliamentarian serving under the banner of the conservative Christian Social Union, told Der Spiegel that violent games 'have no place in Germany's bedrooms.' Scheuer added that parents must be responsible for what their children play, but that the German government could help less media-savvy parents by introducing a 'complete ban' on violent games. Along with movies, games are already subject to a rating process</user>
  <date>1132231140</date>
  <topics>
    <main>Games</main>
    <secondary>Politics</secondary>
  </topics>
  <body>litics reports that Germany's new coalition government wants to limit the development and production of violent games. From the article: "... Andreas Scheuer, a parliamentarian serving under the banner of the conservative Christian Social Union, told Der Spiegel that violent games 'have no place in Germany's bedrooms.' Scheuer added that parents must be responsible for what their children play, but that the German government could help less media-savvy parents by introducing a 'complete ban' on violent games. Along with movies, games are already subject to a rating process."</body>
  <posts>
    <post id="SD_148_14054154" ref="SD_148_14054111">
      <post_score>2</post_score>
      <user id="SD_700296">afd8856</user>
      <date>1132231920</date>
      <body>Internet scared the shit out of everyone by moving things too fast for us to get adapted. It's just rezistance to changes. We'll keep pushing things forward, they'll push back, in the end it's gonna be our way (assuming that we're pro violent games. I personally don't care). That's the way progress goes, and the Internet is just Pandora's box.</body>
    </post>
    <post id="SD_148_14056072" ref="SD_148_14054339">
      <post_score>1</post_score>
      <user id="SD_312049">cyberbob2010</user>
      <date>1132241760</date>
      <body>lmao, when this is rated insightful you know the average age of the slashdotter has gotten waaaaaaaay way way too young</body>
    </post>
    <post id="SD_148_14061216" ref="SD_148_14057325">
      <post_score>2</post_score>
      <user id="SD_259450">Lonewolf666</user>
      <date>1132290480</date>
      <body>Currently, we have the occasional lawsuit campaign against filesharers, undertaken by game publishers who want to protect their revenue. But if certain types of games can't be sold in Germany anyway, there is no reason for publishers to waste any ressources on prosecution. Which means the police will be on their own in going after pirated versions of DOOM IV or such ;-)</body>
    </post>
    <post id="SD_148_14056068" ref="SD_148_14055787">
      <post_score>1</post_score>
      <user id="SD_778916">KDR_11k</user>
      <date>1132241700</date>
      <body>The logic is AFAIK that games are toys and toys must not contain Nazi symbols.</body>
    </post>
    <post id="SD_148_14054201" ref="SD_148_14054157">
      <post_score>2</post_score>
      <user id="SD_516763">meggito</user>
      <date>1132232220</date>
      <body>I have any even better idea. Forget he is a CS player, he is 19!!! Let's ban 19 year olds from public places without an identifying mark. THEN let's ban violent video-games. Finally, as the youth had brown hair, we must either burn the brunettes for our own safety or intern them somewhere. This kind of generic labeling IS what caused the halocaust. It is sad to see that the Germans have not changed.</body>
    </post>
    <post id="SD_148_14056245">
      <post_score>1</post_score>
      <user id="SD_778916">KDR_11k</user>
      <date>1132242840</date>
      <body>Since that coalition formed they have announced that they will disregard the constitution regarding debts, now they're trying to violate the right on freedom of expression (the exception is ONLY for youth protection and a complete ban is NOT youth protection!). Couldn't this be construed as an attempt to destroy the federalistic democratic foundation of the country? I mean, those fuckers openly stated they will disregard the constitution, isn't that enough to immediately and forcefully disband their parties or at least the coalition?  If they think violent games pose a great threat to the peace of society they should immediately ban all religious scriptures and confiscate them, preferrably even disband all religious institutions, there are more people claiming "God made me do it" than those claiming "Counterstrike made me do it" so religion is obviously a greater threat to society than games, right? Wait, what's that, you've read the Bible and don't go on killing sprees, those wackos are just exceptions?</body>
    </post>
    <post id="SD_148_14054202">
      <post_score>3</post_score>
      <post_moderation>Insightful</post_moderation>
      <user id="SD_686279">Jtheletter</user>
      <date>1132232220</date>
      <body>I'm not really up-to-speed on politics and laws in Germany but this seems rather draconian, especially in the context of the article quote: Scheuer added that parents must be responsible for what their children play, but that the German government could help less media-savvy parents by introducing a 'complete ban' on violent games. So OK, let's pretend for a second that banning games would in fact help 'less media-savvy parents' as intended, have they even done any studies** to show that such parents are in the majority? Or is the German government just assuming that they know better than most parents and/or most German parents aren't media-aware enough to make these decisions themselves? Let's face it, even if bans were the answer, no one has demonstrated that even a significant number of parents need this kind of help. And is it really helping society as a whole when the solution to help one set of people completely alienates another group, and leaves them with no choices? Let's hope this fails, and additionally (as unlikely as it is) our government pays attention and learns a lesson and so doesn't waste our time and money trying to implement something similar in the future as the violent games debate continues here in the US. (Full disclosure: I tried to read the original article linked from the blog that the /. summary points to but it is blocked by websense, if I've made some wrong assumptions - particularly about ** - then please correct me.)  </body>
    </post>
    <post id="SD_148_14054279" ref="SD_148_14054185">
      <post_score>3</post_score>
      <post_moderation>Insightful</post_moderation>
      <user id="SD_516763">meggito</user>
      <date>1132232520</date>
      <body>Yeah, a top-10 list of WW2 games is likely to involved some German killing. For the record, however, most of those games also involve American killing too. Oh, and those aren't necessarily the most popular, just the most popular WW2 games, which means your reference is biased. I would say that BF2 is more popular than either of the WW2 versions of BF you had listed. Your point is well taken, that video games depicted wars involving Germans may, on occasion, depict a German dying. That doesn't prevent us Americans from bannign the same WW2 game because you can pick up a Luger and kill the Yankees.</body>
    </post>
    <post id="SD_148_14054111">
      <post_score>0</post_score>
      <post_moderation>Flamebait</post_moderation>
      <user id="SD_926702">voice_of_all_reason</user>
      <date>1132231680</date>
      <body>Germany outlawing things for the "common good?" Why does this sound eerily familiar?  Maybe they can put yellow stars on offenders. Sorta like a bonus!</body>
    </post>
    <post id="SD_148_14057080">
      <post_score>1</post_score>
      <user id="SD_122890">ooh456</user>
      <date>1132247820</date>
      <body>You see... there was no violence in Germany before video games... so banning video games will solve the problem.  Nice one.  Next they are going to ban free speech to do away with poverty.  </body>
    </post>
    <post id="SD_148_14054153">
      <post_score>3</post_score>
      <post_moderation>Insightful</post_moderation>
      <user id="SD_890720">Red Flayer</user>
      <date>1132231920</date>
      <body>"told Der Spiegel that violent games 'have no place in Germany's bedrooms.'"  Let me get this straight, no violent games in German bedrooms?  Guess we'll have to go back to playing scheisse games.  Guess what? How about the idea that the German government has no place in their citizens' bedrooms?</body>
    </post>
    <post id="SD_148_14062116" ref="SD_148_14056526">
      <post_score>1</post_score>
      <user id="SD_931484">bri2000</user>
      <date>1132305600</date>
      <body>Similar to how when you step into an Embassy, you are considered to be on that nations land. (So if you step into the Russian Embassy, you are technically in Russia.) That's a common misconception. An embassy is not foreign territory. The myth arises because an embassy does have diplomatic immunity which prevents the host country's laws being enforceable in the embassy and prohibits the host country's security services entering to investigate crimes (or for any other reason), although the immunity can be waived. This can seem like the same thing and the distinction is subtle and not important for most purposes. I'm only aware of it because I once had to research the question of whether an embassy is considered to be off-shore for tax purposes for a client who wanted to avoid stamp duty and managment and control issues by signing a load of documents in the French embassy in London and claiming the closing took place on French soil. Unfortunately it doesn't work (although I did get two nights at a rather nice Parisian hotel as a result).</body>
    </post>
    <post id="SD_148_14067207" ref="SD_148_14054129">
      <post_score>1</post_score>
      <user id="SD_926227">Mister Gas Fireplace</user>
      <date>1132336140</date>
      <body>"Maybe they should start censoring the violent bits out of the Bible, too..." If they start banning violent movies, Passion of the Christ should be the first to go.</body>
    </post>
    <post id="SD_148_14056320">
      <post_score>0</post_score>
      <user>Anonymous Coward</user>
      <date>1132243200</date>
      <body>Video game player's world wide call for a ban on wacky German politico's</body>
    </post>
    <post id="SD_148_14054545">
      <post_score>1</post_score>
      <post_moderation>Troll</post_moderation>
      <user id="SD_224931">Irish_Samurai</user>
      <date>1132233840</date>
      <body>... violent games 'have no place in Germany's bedrooms.  Yeah, cause thats where we tape people shitting on each other during sex.</body>
    </post>
    <post id="SD_148_14054236">
      <post_score>2</post_score>
      <user id="SD_4567">Shads</user>
      <date>1132232400</date>
      <body>...Well it's to know that the US doesn't have a monopoly on stupid politicians.</body>
    </post>
    <post id="SD_148_14055064">
      <post_score>2</post_score>
      <post_moderation>Flamebait</post_moderation>
      <user id="SD_816431">Absolut187</user>
      <date>1132236660</date>
      <body>The German people managed to massacre 6 million Jews before video games were even invented..  Do you really think Germans need an instigator to be violent? Or any other people, for that matter. Did the 'founding fathers' need video games for their genocidal campaign against native americans?  The history of man prior to video games is a million times more barbaric than our history SINCE the invention of video games. Perhaps these violent games provide a healthy outlet?  The fact that some psychos still go off the deep end after playing video games does not mean that they would not have done so anyways.  The Columbine kids had a lot more mental problems than video games could ever cause.  These censorship promoters are idiots.</body>
    </post>
    <post id="SD_148_14057151" ref="SD_148_14055115">
      <post_score>2</post_score>
      <user id="SD_556486">Guspaz</user>
      <date>1132248180</date>
      <body>I don't need to coin a new phrase, Canada already has a perfectly good one.  Here's the article quote:  [violent games] have no place in Germany's bedrooms.' Andreas Scheuer, German parliamentarian, 2005  And here's a quote by one of Canada's most famous prime ministers:  There's no place for the state in the bedrooms of the nationPierre Elliott Trudeau, Canadian Prime Minister, 1967.  Of course, Trudeau was talking about a bill he had introduced as Justice Minister (before he became prime minister) that decriminalized homosexual acts in private. But it's one of his most famous quotes, and I think it applies just as well here. I mean, the quotes match up pretty well ;)</body>
    </post>
    <post id="SD_148_14055115">
      <post_score>1</post_score>
      <user id="SD_901447">Gamingboy</user>
      <date>1132237020</date>
      <body>You know the phrase "Where Books Burn, People Burn"?  I'm coining a new phrase: "Where Games burn, Books will follow."  After all, once Video Games are banned, they'd begin to blame movies, TV and Books. Will they ban those too?</body>
    </post>
    <post id="SD_148_14054155">
      <post_score>1</post_score>
      <post_moderation>Flamebait</post_moderation>
      <user id="SD_445237">Sylver Dragon</user>
      <date>1132231920</date>
      <body>violent games "have no place in Germany's bedrooms."  Scat porn on the other hand seems to be just fine.</body>
    </post>
    <post id="SD_148_14054129">
      <post_score>2</post_score>
      <user id="SD_62291">Cyphertube</user>
      <date>1132231800</date>
      <body> I don't mind regulating the sale of various products to those underage. But to state that we need to get rid video games because parents are too stupid to even read, well, I'm floored. If parents are too dumb, then obviously they shouldn't be raising the children, or you need to improve education. Deciding to impose restrictions on a particular medium is ridiculous. Violent movies are allowed, subject to a rating system. If the violent video games are on that rating system, then they should be allowed, too. Maybe they should start censoring the violent bits out of the Bible, too.... Oh wait, the CSU wouldn't do that, right? Fix the problem, instead of pandering. Politicians who pander to frantic moral agendas easily become the puppets of fascist rulers.  </body>
    </post>
    <post id="SD_148_14054764">
      <post_score>1</post_score>
      <user id="SD_886957">CheechWizz</user>
      <date>1132235040</date>
      <body>Over here in the Netherlands there's also debate about the violence in videogames, well a politician is trying to start a dabate about it anyway.  We all know already that there will always be people who like their entertainment to be violent, this is never gonna change. And as long as there is violent entertainment around there will be people protesting against it.  Violent games will not be banned in Germany nor in the Netherlands, and if they are, there's gonna be ways around it(some already exist, like valve's steam). Nobody will REALLY be affected by any of this, it's just the media, politicians and general public keeping themselves busy.  There's alot of problems out there that indeed cause violence, but those are pretty darn hard to solve so it's best to spend your time talking about this none issue than getting frustrated over the real issues.  After all, frustration is the biggest cause of violence.</body>
    </post>
    <post id="SD_148_14054852" ref="SD_148_14054545">
      <post_score>0</post_score>
      <user>Anonymous Coward</user>
      <date>1132235520</date>
      <body>You have got to be kidding me. A troll?  These two posts talk about the same thing (Post 1 [slashdot.org] and Post 2 [slashdot.org]). These posts actually show up BEFORE this one.  Who ever modded this guy a troll is a complete dipshit. This is why I post AC, if I didn't some fuckwit with Mod points incorrectly mod certain statements because they didn't like the language. Content is OK as long as it's in an infantile format.  morons.</body>
    </post>
    <post id="SD_148_14061534" ref="SD_148_14054153">
      <post_score>4</post_score>
      <post_moderation>Interesting</post_moderation>
      <user id="SD_151207">MadMoses</user>
      <date>1132297740</date>
      <body>German gamer here.  How about the idea that the German government has no place in their citizens' bedrooms?  Amen.  There are already video games that are verboten in Germany because of their violent content, e.g. Manhunt. This game has been confiscated from video game stores.  In addition, we have some kind of red list (called the Index), which includes all games that are rated suitable only for adults (18+). Those can't be sold in store areas that minor can access (i.e. they must be in a seperate room). You cannot advertise these games, you cannot print reviews of these games.  Because of this, some video game companies don't even try to sell some games in Germany. For instance, you can't buy God Of War (!) in Germany. If I want it, I have to import it from the UK or Austria.  Fuckers.</body>
    </post>
    <post id="SD_148_14057325" ref="SD_148_14054125">
      <post_score>3</post_score>
      <post_moderation>Interesting</post_moderation>
      <user id="SD_622509">rk87</user>
      <date>1132249140</date>
      <body> It's a tradeoff. Most people here in Germany understand English pretty well - in fact, good enough to play an English video game. So they're banning violent video games, and all it will do is increase piracy. Nice people in the states that have the violent video games will put them on bittorrent, the people here will download. It's a tradeoff - should we try to crack down on copyright infringement and stealing and piracy, or should we try to restrict an activity which has yet to be conclusively proven to actually cause violence? They can't just ban the internet, can they? My mom never let me play anything violent until I was 16. Once I did, I found fun in them but I was partially horrified at what I saw. This was a good experience. I was old enough to be mature enough to realize that I can't do in real life what I can do in these games, yet I was young enough for my mind to wrap around the idea of "I don't want this to happen to me in real life, do I?". So I can play all the violent games. It doesn't fase me a bit, in fact I think its pretty damn fun. But anybody that knows me in person knows exactly that I won't hurt a fly. I let out my anger in the game, and am a calm person when it matters.  </body>
    </post>
    <post id="SD_148_14054196" ref="SD_148_14054074">
      <post_score>1</post_score>
      <post_moderation>Funny</post_moderation>
      <user>Anonymous Coward</user>
      <date>1132232220</date>
      <body>I am kinda glad to know we (Americans) don't have the market for political stupidity cornered - just yet, anyway. We should introduce this guy to Rick Santorum (R-PA). They would love each other... but not like that.</body>
    </post>
    <post id="SD_148_14054074">
      <post_score>5</post_score>
      <post_moderation>Insightful</post_moderation>
      <user id="SD_3658">Malor</user>
      <date>1132231380</date>
      <body>That's an amazing piece of spin. Saying "Parents must be responsible" and then within ONE SENTENCE flipping that around to "Parents aren't responsible so we're going to ban the things we don't personally like." Even the current American administration would have a hard time topping that one.</body>
    </post>
    <post id="SD_148_14054213">
      <post_score>0</post_score>
      <post_moderation>Redundant</post_moderation>
      <user id="SD_911920">Puhase</user>
      <date>1132232280</date>
      <body>The Germans are just tired of seeing so many games where you are killing them. I mean if there were an entire genre of games where you were, say, a British soldier fighting the American rebellion, you think we would be pissed about it?  That being said, can't wait to fire up CoD:Big Red 1 and get back to killing Nazis...</body>
    </post>
    <post id="SD_148_14056526" ref="SD_148_14054419">
      <post_score>2</post_score>
      <user id="SD_739422">Ironsides</user>
      <date>1132244640</date>
      <body>I stationed in Germany at Ramstein AB. I wonder how this ban would affect us military members who purchase video games either online and shipped to our US mailing address or at our local BX/PX.  Just a guess, but I would say that you wouldn't be affected by German law. Similar to how when you step into an Embassy, you are considered to be on that nations land. (So if you step into the Russian Embassy, you are technically in Russia.) Easy way to check, does any German law apply on a US base in Germany? Or does US law apply there?</body>
    </post>
    <post id="SD_148_14054067">
      <post_score>4</post_score>
      <post_moderation>Funny</post_moderation>
      <user id="SD_7548">A nonymous Coward</user>
      <date>1132231380</date>
      <body>the German government could help less media-savvy parents by introducing a 'complete ban' on violent games  They could help my less savvy neighbor tone down his loud stereo. My other neighbor has a less savvy nose and doesn't understand how smelly his bbqs are. I have friends who are less savvy about politics and could use some help. There's the cow-orker who is less savvy about his belching and needs help.  I sure wish I lived in a country like Germany with such savvy politicians looking out for my less savvy fellow citizens.</body>
    </post>
    <post id="SD_148_14054643">
      <post_score>1</post_score>
      <user id="SD_926282">Davey McDave</user>
      <date>1132234380</date>
      <body>Damn those cursed videogames, they invented violence! Seriously, you'd be better banning Brixton from kids below 18 than banning videogames.</body>
    </post>
    <post id="SD_148_14054330">
      <post_score>2</post_score>
      <user id="SD_889367">syntaxglitch</user>
      <date>1132232760</date>
      <body>Especially the ones that weren't letting their children play these games anyhow, but enjoyed playing the games themselves. Talk about irresponsible parenting.  Given the demographics of videogame players these days, measures like this aren't so much "think of the children!" as "think of the young adults and middle aged folks!".</body>
    </post>
    <post id="SD_148_14054227">
      <post_score>2</post_score>
      <user id="SD_890720">Red Flayer</user>
      <date>1132232340</date>
      <body>Love the comments in TFA link... someone got a Godwin FP.  Too bad it was seriously intended, and did not, for one, welcome Beowulf clusters of Nazi overlords.</body>
    </post>
    <post id="SD_148_14054157">
      <post_score>2</post_score>
      <user id="SD_516763">meggito</user>
      <date>1132231920</date>
      <body>"19-year-old gunman Robert Steinhaueser was an avid Counter-strike player, leading to calls to limit violent games in Germany." There are MILLIONS of counter-strike players but if ONE commits a violent crime then ALL games must be banned? I know I'm going to take some flack for this but this seems like the same logic as: "If one Jew commits a crime then Judaism should be banned so let's have a halocaust." I KNOW it is messed up to say but I hope the point is not lost.</body>
    </post>
    <post id="SD_148_14059916" ref="SD_148_14059165">
      <post_score>1</post_score>
      <user id="SD_791929">Crunchie Frog</user>
      <date>1132268760</date>
      <body>How do you ork a cow? Very carefully. Oh wait, no. Wrong joke.  </body>
    </post>
    <post id="SD_148_14055479">
      <post_score>1</post_score>
      <user id="SD_863063">shma</user>
      <date>1132238820</date>
      <body> Andreas Scheuer, a parliamentarian serving under the banner of the conservative Christian Social Union, told Der Spiegel that violent games 'have no place in Germany's bedrooms.'   We have a saying here in Canada, coined by one of our Prime Ministers no less:  "The State has no place in the nation's bedrooms". He was actually talking about striking down laws banning homosexuality, but, oddly, it appplies equally well in here.  On another note, I would like to point out that this article is proof that it is not only liberals that advocate this kind of misguided legislation. The CSU/CDU coalition was the conservative group that just barely beat out Schroder's social democrats.  Of course, in highly red-shifted American political spectrum, they're both far left.</body>
    </post>
    <post id="SD_148_14061814" ref="SD_148_14054185">
      <post_score>1</post_score>
      <user id="SD_609224">Scherf</user>
      <date>1132302240</date>
      <body>First of all, the list you linked to is called "Top World War 2 First Person Games". There are a lot of other ones, that are very good  Second of all, killing Nazi soldiers in games, books and movies is pretty much okay for every german. Nobody frowns upon it and actually nobody cares.  Other than that: The only reason they bring this up now is because they weren't able to form a halfway working government since the elections and need something else to talk about. As soon as every one of these assholes holds some kind of office that allows him to live in wealth for the rest of his live, they will ditch the topic and start the actual work. And by work I mean, lose every single last bit of common sense they had, start breaking promises they made before the elections and create laws that drive the unemployment into unseen heights.  Isn't that awesome?</body>
    </post>
    <post id="SD_148_14061711">
      <post_score>0</post_score>
      <user>Anonymous Coward</user>
      <date>1132300920</date>
      <body>... violent games ban YOU!</body>
    </post>
    <post id="SD_148_14061366" ref="SD_148_14054074">
      <post_score>1</post_score>
      <user id="SD_691264">Xarius</user>
      <date>1132294020</date>
      <body>Even the current American administration would have a hard time topping that one.  Although they are trying their hardest to!</body>
    </post>
    <post id="SD_148_14054419">
      <post_score>1</post_score>
      <user id="SD_683341">BigDork1001</user>
      <date>1132233180</date>
      <body>I stationed in Germany at Ramstein AB. I wonder how this ban would affect us military members who purchase video games either online and shipped to our US mailing address or at our local BX/PX. Hopefully the US would step up and say that their ban wouldn't affect us. As an adult it's my decision whether I want to play a violent video game or not. And shoot, I'm in the military, violence is kind of implied in the job at some level or another.</body>
    </post>
    <post id="SD_148_14055787" ref="SD_148_14054279">
      <post_score>0</post_score>
      <user>Anonymous Coward</user>
      <date>1132240260</date>
      <body>Many of these games are already banned in Germany due to their use of Nazi symbols. From what I've heard, it's kind of hard to realistically depict WWII German units without the use of Nazi symbols - you know, that whole Swastika thing.  Anyway, since they already have that form of censorship it's not a big jump to censor other issues (slippery slope). No big surprise from me.</body>
    </post>
    <post id="SD_148_14113838">
      <post_score>1</post_score>
      <user id="SD_933841">Graham1982</user>
      <date>1132922400</date>
      <body>I remember when the original Wolfenstein 3D was banned in Germany because of it's WWII/Nazi/Violence content. In contrast, Japanese people were not really upset at all when Medal of Honor: Rising Sun came out a while back. America is fine with shooting down other people in games, but when sexual activity occurs (Hot Coffee mod for GTA: San Andreas) then the proverbial shit hits the fan. It is funny that we (as seperate countries) all have very different viewpoints on the morality of video games because of our social and historic differences. Overall, it is unfrotunate that not everyone can agree to give the consumer the choice for themselves. Oh, and Jack Thompson is a douche bag... I had to fit that in somewhere.  </body>
    </post>
    <post id="SD_148_14055671">
      <post_score>2</post_score>
      <user id="SD_592662">grumbel</user>
      <date>1132239780</date>
      <body>In germany it is already illegal to sell video games to people below the recomment age for a game (ie. the USK rating). Its also possible to 'index' very violent games, meaning not only it is forbitten to sell them to children blow 18 years, but its also forbitten to advertise those games at all, meaning you can't have them standing around in a shop where they might be spotted by children blow 18 or review them in magzines. So everything is already in place to ban those 'killer games' if needed. I get the feeling that those politicans simple haven't the slightest clue what the current laws are.</body>
    </post>
    <post id="SD_148_14060352" ref="SD_148_14056072">
      <post_score>2</post_score>
      <user id="SD_755">imroy</user>
      <date>1132273980</date>
      <body>No, just the games section of slashdot.</body>
    </post>
    <post id="SD_148_14054190" ref="SD_148_14054074">
      <post_score>1</post_score>
      <user id="SD_926702">voice_of_all_reason</user>
      <date>1132232160</date>
      <body>We were once willing to go nuclear to avoid secret prisons, torture, and indefinite detention. What happened?  Terrorists won...</body>
    </post>
    <post id="SD_148_14054240">
      <post_score>2</post_score>
      <user id="SD_706941">freidog</user>
      <date>1132232400</date>
      <body>Scheuer added that parents must be responsible for what their children play, but that the German government could help less media-savvy parents by introducing a 'complete ban' on violent games. Along with movies, games are already subject to a rating process."  Wait, they want parents to 'be responsible' for the games they buy their children or let their children play, but in an effort to make sure parents don't make the wrong descision (ie disagree with this wack-job), we'll ban violent video games entirely? How is that letting parents be resonsible for what their children play again? Or right, it's not about responsiblity, it's about you not likeing violent video games - so no one should.  I'm just glad to see once in a while the US doif other governmentsesn't have a monopoly on dumb politicians forcing their idealogical views on the rest of the country. Sometimes I do worry.</body>
    </post>
    <post id="SD_148_14056198" ref="SD_148_14054157">
      <post_score>2</post_score>
      <user id="SD_592662">grumbel</user>
      <date>1132242540</date>
      <body>### "19-year-old gunman Robert Steinhaueser was an avid Counter-strike player, leading to calls to limit violent games in Germany."  That argument is old and was very flawed right from the beginning. First of I don't think Robert was an avid CounterStrike player, he might have played it every once in a while, but so far I havn't seen any proof that he played more then every random gamer you might find. Secondly Robert used *real* guns, real guns he *legally* owned and with which he *legaly* trained, yes, even with germany's rather strict laws that was possible. So CounterStrike or not is completly a non issue, his training with real guns gave him the ability to kill 16 people (police and thus medical care only entering the building quite late helped quite a bit to, to kill the people).  And most ridiculuos, directly after the shooting new laws where approved that require to follow USK game ratings, thus no games for minors, unless they were rated such. Well, in the end it didn't matter anyway, since Robert was 19 already...</body>
    </post>
    <post id="SD_148_14054339">
      <post_score>2</post_score>
      <post_moderation>Insightful</post_moderation>
      <user id="SD_50252">TheHornedOne</user>
      <date>1132232820</date>
      <body>This stupid Kraut needs to have a few rounds of hot lead pumped into his head, be burned alive with some flaming napalm, and have his limbs removed not-too-gently with a dull butter knife</body>
    </post>
    <post id="SD_148_14069741" ref="SD_148_14057325">
      <post_score>2</post_score>
      <user id="SD_153932">Shihar</user>
      <date>1132376940</date>
      <body>People might laugh at this comment, but I think this would be a real cultural loss for Germany. People complain about America dominating cultures, but it is shit like this that feeds it.  Imagine this, you are a German game designer. You design video games, sell them in Germany in German, and then sell them everywhere else in their respective languages. Some person in America or Japan gets to play your German made games. Through these games they get perhaps a small glimpse into German perspectives and culture. In essence, exporting a German video game is spreading a little German culture to the rest of the world.  Now, shit like this passes. Suddenly being a game designer in Germany is not so appealing. Not only is your art limited in what it can show, you also need to go through the pain of getting it past a censor. Do you stand a shot in hell at competing with an American or Japanese company? Hell no. So what do you do? You find another country to work in, probably in an American or Japanese design team, or simply find a new way to make a living.  Now, as video games quickly rise in popularity, they have more influence in terms of art and culture. If all of Germany's video game designers flee Germany, Germany has basically axed itself out of having any sort of influence and say with this emerging art/entertainment form. They might as well just bow to the American and Japanese duopoly in video games and accept that if video games ever become as big as TV did, they are going to be stuck completely dominated by another culture in this field.  Personally, I hope that German people smack some sense into their politicians. This is a blatant violation of freedom of speech, government interference in art, and a loss for German culture. The only thing this will accomplish will be a complete lack of German video games and more pirated games from outside of Germany. It is good that most Germans learn English, because when no one is producing games in German, they are going to need it.</body>
    </post>
    <post id="SD_148_14054164">
      <post_score>2</post_score>
      <user id="SD_627260">zymurgy_cat</user>
      <date>1132231980</date>
      <body>So the government should help "less media saavy" parents by banning games....hmmm...You know, some parents don't know how to drive too well. I know! Let's ban driving to help them with their kids when they are old enough to drive.  Hmmm....you know, some parents don't know too much about nutrition. I know! Let's ban food to help them with their overweight kids.  Hmmm....you know, some parents don't understand computers and the Internet too well. I know! Let's ban the Internet to help them keep pornography away from their kids.</body>
    </post>
    <post id="SD_148_14054125">
      <post_score>2</post_score>
      <user id="SD_833038">sc0ttyb</user>
      <date>1132231740</date>
      <body>I was gonna make a comment relating this to the book burnings over 70 years ago, but I thought it was a bit much.  So, instead of making parents take responsibility for what their children see and do they're just gonna flat out ban violent games? As if the current censorship of games over there wasn't enough, I guess that sane, mature adults who enjoy playing violent games would be just totally screwed.  "Scheuer added that parents must be responsible for what their children play..." 'Nuff said.</body>
    </post>
    <post id="SD_148_14059165" ref="SD_148_14054067">
      <post_score>3</post_score>
      <post_moderation>Funny</post_moderation>
      <user id="SD_556838">vistic</user>
      <date>1132261620</date>
      <body>How do you ork a cow?  </body>
    </post>
    <post id="SD_148_14057019">
      <post_score>1</post_score>
      <user id="SD_122890">ooh456</user>
      <date>1132247460</date>
      <body>Hmm... so let me get this straight: Video games lead to violence. So there was no violence before video games, right? At least not in Germany anyway? Err.  IMHO the real cause of violence is religion and politics. Why not try to ban those? Oh wait... those are the people who are trying to ban video games.  GOOF! One more reason not to live in Germany.</body>
    </post>
    <post id="SD_148_14065142">
      <post_score>1</post_score>
      <user id="SD_896819">Braino420</user>
      <date>1132323480</date>
      <body>Maybe they're sick of all the WWII games. *ducks*</body>
    </post>
    <post id="SD_148_14054741" ref="SD_148_14054067">
      <post_score>2</post_score>
      <user id="SD_410908">da5idnetlimit.com</user>
      <date>1132234920</date>
      <body>" From the article: "... Da5id, a websurfer serving under the banner of the ADSL2+ progressist Atheist Social Union, told Der Spiegel that stupid politicians 'have no place in Germany's bedrooms.' Da5id added that politicians must be responsible for what their electors hear, but that the Slashdot government could help less media-savvy Politicians by introducing a 'complete ban' on stupid politicians. Along with politician, Political parties programs are already subject to a rating process."  Vote for me, your alternative is Krang...  </body>
    </post>
    <post id="SD_148_14057636">
      <post_score>2</post_score>
      <user id="SD_314784">Elrac</user>
      <date>1132251060</date>
      <body>  "... Andreas Scheuer, a parliamentarian serving under the banner of the conservative Christian Social Union, told Der Spiegel that violent games 'have no place in Germany's bedrooms.'  It just so happens that my girlfriend happen to be into bedroom activities that involve bondage, whips and canes. If he wants to take that away I'm gonna show him violence!  Ignorant ugly bastard. As if his useless outdated party didn't have worthwhile problems to take on. Oh right, I forgot - they don't have a clue as to where to begin, so instead of twiddling their thumbs and picking their noses they prefer to fix what ain't broke.  Good thing I wasn't mad when I wrote this.</body>
    </post>
    <post id="SD_148_14054185">
      <post_score>3</post_score>
      <post_moderation>Interesting</post_moderation>
      <user id="SD_764958">skyshock21</user>
      <date>1132232100</date>
      <body>Could this be because all the good FPS games these days are based upon killing the most Germans you possibly can? [about.com]  Nah... couldn't be.</body>
    </post>
    <post id="SD_148_14056155">
      <post_score>1</post_score>
      <user id="SD_719329">tpet</user>
      <date>1132242300</date>
      <body>I am sick of people blaming violent video games for real life violence. People make their own choices. If someone tends towards violence, they will be more likely to play violent video games and also more likely to commit acts of violence in real life, but there is not a causal relationship. If violent video games caused real life violence, I would have killed a lot of people by now. But the reality is, the violent impulses a person has can be satisfied in real life or in virtual reality. For some people, violence is addictive, causing them to crave more of it the more they get, so violent games are not good for them, but the effect is no different than if they chose to be violent in real life first. A person who is addicted to violence is a special case, and should not be used as an argument against virtual violence. People who do not have this addiction, but do have a tendency for a certain amount of violence(I think this is a vast majority, judging by how many people play video games vs. how many people go on huge killing sprees), will be positively affected by violent video games, because the virtual violence will satisfy their violent tendencies so that they no longer have a desire to work their violent feelings out in a real life setting.</body>
    </post>
    <post id="SD_148_14060082" ref="SD_148_14054202">
      <post_score>1</post_score>
      <user id="SD_712872">freakmn</user>
      <date>1132270560</date>
      <body>I find it somewhat ironic that you are talking about censorship, but you can't read the blog (about censorship) due to an internet filter. I think it's funny. Probably not ironic, but I'll just throw that out there, so some pedant can correct me.</body>
    </post>
    <post id="SD_148_14054089">
      <post_score>5</post_score>
      <post_moderation>Funny</post_moderation>
      <user id="SD_575267">Winterblink</user>
      <date>1132231500</date>
      <body>"... violent games 'have no place in Germany's bedrooms.' "  Wait a sec... what are we talking about here? :)</body>
    </post>
    <post id="SD_148_14059541">
      <post_score>2</post_score>
      <user id="SD_615188">illumina+us</user>
      <date>1132264800</date>
      <body>The German's already banned the years 1939 - 1945 and any content referencing those years. Do they really need to ban anymore?  We were on vacation... We were invited. They served Punch.   </body>
    </post>
  </posts>
</thread>
