<?xml version="1.0" encoding="iso-8859-1"?>
<!-- this file has been obtained by crawling internet sites by
Fundacio Barcelona Media please, access this site:
caw2.barcelonamedia.org to read the terms and conditions of use
 -->
<thread id="SD_265_209203">
  <subdomain>games</subdomain>
  <title>Credit Card Required To View 'M' Rated Information</title>
  <admin>Zonk</admin>
  <user>John Callaham</user>
  <date>1129043820</date>
  <topics>
    <main>Games</main>
    <secondary>Politics</secondary>
  </topics>
  <body>"Gamecloud has a special feature article titled 'Going Through The Age Gate'. Why are some downloads of game trailers and demos are now requiring that a person declare their age before accessing them?" Not only are some sites requiring you declare your age, Activision is requiring a credit card to view "M" rated game information. From the article: "Asking for a credit card number, even if that the message says it will not be charged, brings up some very serious questions. Why is Activision asking for credit card numbers to access product pages that promote 'M' rated games when the ESRB and every other publisher only use the required 'age gate'?"</body>
  <posts>
    <post id="SD_265_13769136" ref="SD_265_13768565">
      <post_score>2</post_score>
      <user id="SD_739948">max born</user>
      <date>1129047480</date>
      <body>It would be an even bigger story if Activision could determine your age from your credit card number. I might be wrong but I doubt they can. Just because you have a credit card doesn't mean you're necessarily over 18, does it?</body>
    </post>
    <post id="SD_265_13768566">
      <post_score>2</post_score>
      <post_moderation>Interesting</post_moderation>
      <user id="SD_828656">scenestar</user>
      <date>1129044120</date>
      <body>And apparently that works.  So why should "violent content" producers be any different than "adult content" producers?  (not that I've ever used a credit card to verify my age)</body>
    </post>
    <post id="SD_265_13773704">
      <post_score>2</post_score>
      <post_moderation>Informative</post_moderation>
      <user>Anonymous Coward</user>
      <date>1129109400</date>
      <body>For anyone who has done any CC validation testing, the test number of 4 followed by fifteen 1s works on the site- so you don't even need to enter in a valid CC number to see the information.</body>
    </post>
    <post id="SD_265_13787618" ref="SD_265_13782071">
      <post_score>1</post_score>
      <user id="SD_531544">kannibal_klown</user>
      <date>1129235880</date>
      <body>True, but the grandparent was saying how he can't figure out why people bother getting them at all. I was just saying that used responsibly they are quite useful.</body>
    </post>
    <post id="SD_265_13768830" ref="SD_265_13768762">
      <post_score>1</post_score>
      <user id="SD_10147">DavidTC</user>
      <date>1129045560</date>
      <body>Or just get a check card. Minors can have checking acounts.</body>
    </post>
    <post id="SD_265_13769716" ref="SD_265_13769444">
      <post_score>1</post_score>
      <user id="SD_685628">tuzzyfoad</user>
      <date>1129051980</date>
      <body>  yes, but if you went and called and got your dog and/or niece a card, that wouldn't make it legal would it?  Dunno, would it? I'm sure if I did so and then used the card to make purchases it would be illegal, however, we're talking about using one for supposed proof of age. No purchases are taking place.  </body>
    </post>
    <post id="SD_265_13768964">
      <post_score>5</post_score>
      <post_moderation>Informative</post_moderation>
      <user id="SD_68586">Bios_Hakr</user>
      <date>1129046340</date>
      <body>First off, I can't remember the last time I for game information from a publisher's site. Does anyone seriuosly go to Activision.com to look up the features of Big Mutha Truka 2005? No thanks. I read off-site previews and reviews. Something like mediareviews, 1up, or gamerankings always has enough information on the games I find interesting.  Second, these guys are only hurting themselves. Let's say 10% of gamers actually go to a publisher's site to get something. How many will actually have a CC? How many will be willing to put that number in? I think not many. The traffic to what is, in effect, an advertisement will fall. And with the adverts not getting clicks, the game sales will fall sharply.  Finally, let's say they have an exclusive demo or make you register to get updates. Well, the demo will be out on eMule and ISOHunt within a few days. If not, the full game will be out no later than 2 weeks after the release. And if people can't access a demo, sales will fall and piracy will rise. Updates and patches will end up mirrored by tons of fan sites; they are rarely hosted back at the publisher's site anyway.  Look, I really understand that game publishers are scared. After all, they are in a position where screenshots and in-game videos will get you sued while Tubgirl and Rocco float around unmolested. It really is sick when selling a game to a kid will result in a bigger fine than selling him porn or alcohol. The pubs are scared. But taking this first step is really going to hurt them in the eyes of the precious few consumers that actually try and read their sites.</body>
    </post>
    <post id="SD_265_13770877" ref="SD_265_13770816">
      <post_score>3</post_score>
      <post_moderation>Funny</post_moderation>
      <user id="SD_640580">kd5ujz</user>
      <date>1129066740</date>
      <body>err, that "I thought" should be "he thought". Fruedian slip. My parents are not to blame for my blemished credit. I attribute that to ebay and alcohol.</body>
    </post>
    <post id="SD_265_13810019">
      <post_score>1</post_score>
      <user id="SD_805683">asscheese</user>
      <date>1129546440</date>
      <body>I must admit, years of growing up playing Doom, Turok, Conkers and such, I cant help but to only get angry thinking back on all those years I spent appearently illegally rotting my brain with these pixelized portraials of blood and sex. Shit, why couldnt they have thought of this a few years back before all that violence caused this traumatizing damage. Lock up your daughters, blind fold your sons. No one is safe!!! Nobody look or you may be turned into a pillar of salt!</body>
    </post>
    <post id="SD_265_13773957">
      <post_score>0</post_score>
      <user>Anonymous Coward</user>
      <date>1129111140</date>
      <body>You don't see age verification over at Apple's Quicktime movie trailer site, do you? Even when trailers are rated R...</body>
    </post>
    <post id="SD_265_13771723" ref="SD_265_13771388">
      <post_score>1</post_score>
      <user id="SD_716292">stupid_is</user>
      <date>1129083360</date>
      <body>Hell, if you "Open in new Window" in IE or FF you bypass it. How dumb is that?</body>
    </post>
    <post id="SD_265_13773320">
      <post_score>2</post_score>
      <post_moderation>Informative</post_moderation>
      <user id="SD_858416">Kingrames</user>
      <date>1129106880</date>
      <body>there was an article on the local news not too long ago about a woman who filled out a credit card application for her preschool daughter. It was accepted, and she was sent a card.  So I suppose it IS all about the money.</body>
    </post>
    <post id="SD_265_13780670" ref="SD_265_13775136">
      <post_score>1</post_score>
      <user id="SD_531544">kannibal_klown</user>
      <date>1129185180</date>
      <body>True, but they help build up a credit rating. So long as you pay off your entire bill before the end of the months you don't acquire interest. I make sure I'm always completely paid of at the end of the month, sometimes checking/paying my balance online 2 or 3 times a month just to be sure.  I'll admit, when I first got a credit card I was making like NO money. Instead of saving up for a few more months to buy the parts of a new computer I decided to use a credit card. So I had a big bill for the next few months. That was a mistake that I learned from.  They aren't bad, but you need a credit rating. Otherwise you can't get house or car loans, or you have to pay an obscene amount of money upfront for a cellphone service. You just need to learn how to use them responsibly. Unfortunately, an 18-year-old kid won't learn that lesson right away.</body>
    </post>
    <post id="SD_265_13769578">
      <post_score>1</post_score>
      <user id="SD_851350">fixer007</user>
      <date>1129050840</date>
      <body>Anyone know if it actually verifies card info?  if not you could just change your own CC info just enough to get by. Maybe they are only doing a MOD10 check.  I guess you would only do this if you cared to see this stuff...</body>
    </post>
    <post id="SD_265_13773606" ref="SD_265_13768565">
      <post_score>2</post_score>
      <user id="SD_890772">James_Aguilar</user>
      <date>1129108620</date>
      <body>And an even better question is, "Will anyone ever look at this page versus a page that only has an age gate."  Hint: the answer is, "No."</body>
    </post>
    <post id="SD_265_13768991" ref="SD_265_13768897">
      <post_score>1</post_score>
      <user id="SD_685628">tuzzyfoad</user>
      <date>1129046460</date>
      <body>True, but those pre-approved ones are.  As for the apps, if my dog had a SSN, I'm fairly certain I could get a card out of the 10-30 apps he receives in a month.  A minor most certainly could, especially one with an income and a bank account.</body>
    </post>
    <post id="SD_265_13777158" ref="SD_265_13772528">
      <post_score>4</post_score>
      <post_moderation>Informative</post_moderation>
      <user id="SD_239443">LochNess</user>
      <date>1129133340</date>
      <body>really? I just went to http://www.activision.com/en_US/game_list/game_lis t.jsp [activision.com] and right-clicked on the Quake 4 link, and it bypassed the credit card thing. Firefox 1.0.7.</body>
    </post>
    <post id="SD_265_13773333" ref="SD_265_13768762">
      <post_score>1</post_score>
      <user id="SD_860350">Jakeypants</user>
      <date>1129106940</date>
      <body>Well I'm sure it works a whole lot better than age verification by asking you to enter your birthdate. What's easier - getting a credit card or just entering 1/1/1970?  I don't want to enter a credit card number if I'm not buying something, so I won't be using this site. But don't say this is a stupid measure - it's the best web-based age verification method that I can think of, besides requesting both a CC number AND a birthdate.</body>
    </post>
    <post id="SD_265_13780031">
      <post_score>1</post_score>
      <user id="SD_915343">thelonestranger</user>
      <date>1129169880</date>
      <body>As one of the few people in the UK whos never bothered with credit cards, I guess this means I wont be viewing any of this oh so important information as I'm unable to prove my age. Oh well, Im sure I'll get over it.</body>
    </post>
    <post id="SD_265_13769004">
      <post_score>3</post_score>
      <post_moderation>Insightful</post_moderation>
      <user id="SD_697974">AzraelKans</user>
      <date>1129046580</date>
      <body>And the entire webpage will get 0 visits in .. 5,4,3,2,1...  Sorry but I seriously doubt someone could be naive enough to release a CC just for seing a website. (unless is a payment site or is Actually a KID doing the visit) specially when several websites have the material, I dont really see how this could work in anyway for anyone. (except for hackers to have a grand opportunity at CC farming)</body>
    </post>
    <post id="SD_265_13770816" ref="SD_265_13768548">
      <post_score>2</post_score>
      <user id="SD_640580">kd5ujz</user>
      <date>1129065660</date>
      <body>A guy I work with, found out at age 18, that his parents had credit cards in his name for 5 years, and had trashed his credit. I thought of taking them to court over the deal, but for some reason did not. This is a common thing in south texas. That and selling SSNs to illegals/tax write offs for cash.</body>
    </post>
    <post id="SD_265_13768762">
      <post_score>3</post_score>
      <post_moderation>Informative</post_moderation>
      <user id="SD_610051">RyoShin</user>
      <date>1129045200</date>
      <body>Because everyone knows that you just cannot have a credit card if you're under 18!  Unless you get a card on your parent's account.  Or get a credit card while 16 (I started getting massive solicitations about that age.)  Or find/loot/steal a credit card from someone.  Or get someone who has a credit card allow you to use their number.  There are some things I will give up credit card numbers for. Getting another credit card, for instance. Or buying something. But I'm not going to release my financial information to view a trailer for a video game. I'll just wait until some independent game site sticks it on their server, thanks.  Next thing you know, we'll be getting stories on Slashdot like "Activisions's New Game (first born and credit card required) is said to put the 'mat' in 'mature'."</body>
    </post>
    <post id="SD_265_13770599" ref="SD_265_13770092">
      <post_score>2</post_score>
      <user id="SD_727027">tepples</user>
      <date>1129062180</date>
      <body> A few years back, 7-11 had AmEx "gift cards" that you could add value to just by handing cash to the clerk. There was no ID or age check to get one. That pilot program ended If it ended, then why is American Express still advertising its Travelers Cheque Card program [americanexpress.com]?  </body>
    </post>
    <post id="SD_265_13770590" ref="SD_265_13768566">
      <post_score>2</post_score>
      <user id="SD_559668">gl4ss</user>
      <date>1129062000</date>
      <body>thing is, it doesn't work.  if it's not going to be charged you could use just _anybodys_ cc you ever had access to, too, without the cc owner even knowing.  however, what it DOES work for is TRACKING YOU, so have a shot at profiling and so forth.</body>
    </post>
    <post id="SD_265_13769444" ref="SD_265_13768704">
      <post_score>2</post_score>
      <user id="SD_61692">k_187</user>
      <date>1129049700</date>
      <body>yes, but if you went and called and got your dog and/or niece a card, that wouldn't make it legal would it?</body>
    </post>
    <post id="SD_265_13772596">
      <post_score>2</post_score>
      <user id="SD_738831">faloi</user>
      <date>1129101780</date>
      <body>Can't you get a debit card as soon as you open a bank account nowadays? Are these systems sophisticated enough to care whether it's a debit card or credit card, or are they pretty straight-forward (i.e. with that information I was able to put a one cent charge and reverse it)?</body>
    </post>
    <post id="SD_265_13772782" ref="SD_265_13769271">
      <post_score>2</post_score>
      <user id="SD_248976">fafaforza</user>
      <date>1129103580</date>
      <body>Can you explain how obtaining a credit card for a young adult is forfeiting parenting altogether?</body>
    </post>
    <post id="SD_265_13769967" ref="SD_265_13768566">
      <post_score>2</post_score>
      <user id="SD_768421">Meagermanx</user>
      <date>1129054140</date>
      <body>Sure you haven't.  WinkWink, NudgeNudge, Saynomore Saynomore.</body>
    </post>
    <post id="SD_265_13769914">
      <post_score>2</post_score>
      <user id="SD_71693">Inoshiro</user>
      <date>1129053660</date>
      <body>Back in the 80s and 90s, of course. The algorithm for verification of a CC is not hard to implement. It's trivial to generate millions of them.  How does Activision think that's going to stop anyone? Generate millions of fake CCs for getting past this, and continue. Hell, use fake CCs for all sites that won't charge your CC. Not charging it is the same as not checking, right?</body>
    </post>
    <post id="SD_265_13768849">
      <post_score>5</post_score>
      <post_moderation>Funny</post_moderation>
      <user id="SD_880843">PetyrRahl</user>
      <date>1129045680</date>
      <body>That will be the next headline. They'll get hacked, the CC #'s will be stolen and ID theft will abound. Later it will come out that it was an ambitious VP who was in on it, made out like a bandit and is still at large.  Petyr</body>
    </post>
    <post id="SD_265_13771557" ref="SD_265_13768592">
      <post_score>4</post_score>
      <post_moderation>Insightful</post_moderation>
      <user id="SD_869574">nunchux</user>
      <date>1129079040</date>
      <body>Gee no parent ever gets there children credit cards in america. Age verification via credit card is not even close to fool proof.  Really though, it might as well be consent. If a parent gives a teen a credit card the kid has either proven themself to be extremely trustworthy, or the parent's so rich or out of it he doesn't give a fuck what little Dylan/Dakota/Paris does. A 16-year old with a credit card can get in a lot more trouble than buying an M-rated game with 3-D models of boobs.</body>
    </post>
    <post id="SD_265_13769068">
      <post_score>1</post_score>
      <post_moderation>Insightful</post_moderation>
      <user id="SD_916930">B3AST!</user>
      <date>1129046940</date>
      <body> very bad idea......one more chance for someone to steal your credit card number and you aren't even BUYING anything from it....it's one thing if i at least was getting something out of the deal, but to just be getting a trailer when they steal it?? that's sad this is like when companies use your SS number for verification or worse, for your employee ID...it wasn't designed for that and should not be used for that  </body>
    </post>
    <post id="SD_265_13768840" ref="SD_265_13768622">
      <post_score>0</post_score>
      <user id="SD_871244">kevstar31</user>
      <date>1129045620</date>
      <body>Could some one use one of those programs that generate fake card numbers?</body>
    </post>
    <post id="SD_265_13769271" ref="SD_265_13768592">
      <post_score>1</post_score>
      <user id="SD_890022">non0score</user>
      <date>1129048560</date>
      <body>Sure, but I think in those cases, the parents already pretty much forfeited parenting all together. So I guess this scheme only addresses those who don't have credit cards and are under 18?</body>
    </post>
    <post id="SD_265_13768915">
      <post_score>0</post_score>
      <post_moderation>Offtopic</post_moderation>
      <user id="SD_670104">code-e255</user>
      <date>1129046040</date>
      <body>Err... What are you guys talking about? http://www.quake4game.com/ [quake4game.com] http://www.truecrime.com/ [truecrime.com] Check them out yourself. I'm asked to input my birth date by those sites, not my credit card number.</body>
    </post>
    <post id="SD_265_13782071" ref="SD_265_13780670">
      <post_score>2</post_score>
      <user id="SD_250190">Holi</user>
      <date>1129196280</date>
      <body>Actually credit cards for children (under 18) have no effect on their credit rating as the accounts are actually in the parents name (just have the children's name on the card).</body>
    </post>
    <post id="SD_265_13778548">
      <post_score>0</post_score>
      <user>Anonymous Coward</user>
      <date>1129146540</date>
      <body>...holding down the shift key when inserting a CD.  Go to the Activision site and try to go to the page for an M-rated game. When the credit card activation page comes up, look at the link that the "submit" button takes you to. Get the url that it submits to the script, and go straight there. You'll be at the M-rated page without it stopping you :)</body>
    </post>
    <post id="SD_265_13769135">
      <post_score>5</post_score>
      <post_moderation>Insightful</post_moderation>
      <user id="SD_236404">telstar</user>
      <date>1129047480</date>
      <body>I just checked out Activision's website ... that's just nuts. Requiring a credit card to access the content of Doom 3? They're only hurting themselves and their sales. I'd NEVER enter my credit card just to access content. Hell, I won't even register for many free websites just to read content that's blocked behind authentication.  Worse yet, they request your credit card number in this small popup with pretty much no supporting text that's helpful in identifying that it's a popup coming from Activision. For all you know, it's a popup from some advertiser phishing for credit card numbers. From the titlebar, you can see that the page uses https, but that's about it. Dumb, dumb move for a company trying to promote their product.</body>
    </post>
    <post id="SD_265_13768565">
      <post_score>5</post_score>
      <post_moderation>Insightful</post_moderation>
      <user id="SD_230456">American AC in Paris</user>
      <date>1129044120</date>
      <body>Why is Activision asking for credit card numbers to access product pages that promote 'M' rated games when the ESRB and every other publisher only use the required 'age gate'? It's pretty obvious why they're doing this--this is classic Cover Your Ass. Sure, nobody has sued a game publisher over the good ol' fashioned trust system yet--but Activision really doesn't relish the thought of being that lucky test case. Hence, they've decided to close this particular avenue of litigation. A better question would be to ask whether or not Activision is overreacting to the percieved threat of a lawsuit.  </body>
    </post>
    <post id="SD_265_13770607" ref="SD_265_13768889">
      <post_score>2</post_score>
      <user id="SD_179118">borkus</user>
      <date>1129062240</date>
      <body>From what little I know about credit card transactions, you can't really validate a card with its bank without making a transaction. While you can make a transaction and roll it back, both of those acts would cost the website money. Also, banks don't like it when you put charges on a card that you don't intend to complete. Because of that, I'd imagine that the above post is correct. In fact, they probably don't even store the card number and revalidate it if you log in - they just keep a flag stating that you at one time did give them a possibly valid card.  What tickles me so much is that something so easy to do in real life (verify someone's age) is so inherently difficult to do online with computers.</body>
    </post>
    <post id="SD_265_13769808" ref="SD_265_13768762">
      <post_score>1</post_score>
      <user id="SD_409504">damiam</user>
      <date>1129052760</date>
      <body>Since the site doesn't actually verify your info with the CC company, you don't even need a valid number. A randomly generated card number [darkcoding.net] works just fine.</body>
    </post>
    <post id="SD_265_13773761" ref="SD_265_13768548">
      <post_score>1</post_score>
      <user id="SD_846799">thesnarky1</user>
      <date>1129109760</date>
      <body>I got my first one at 16. Banks'll let you do it, especially if a parent will sign on it with you. (Think of it, teenage girls and shopping, why WOULDN'T they want that interest to build up an extra 2 years?)</body>
    </post>
    <post id="SD_265_13795333" ref="SD_265_13794928">
      <post_score>2</post_score>
      <user id="SD_68586">Bios_Hakr</user>
      <date>1129318080</date>
      <body>What kind of idiot are you? Have you actually seen porn since the mid-1970s? Kids do not need to see things like Juggs. I shouldn't have to explain why a fat woman is squirting milk into some dude's cereal. Kids shouldn't see things like Hustler where girls are pissing on each other or a girl is taking it in the ass and in the mouth at the same time.  That shit is not normal. To let anyone be tainted by such perversions at an early age should be a criminal offense.  I don't care if my kids see a boobie or two. Even a muff shot every now and agian is ok. But when a girl has her feet behind her head and her boyfriends is playing gynocologist with his fingers, that shit should be kept behing lock and key untill someone asks for it by name.</body>
    </post>
    <post id="SD_265_13769947" ref="SD_265_13769005">
      <post_score>2</post_score>
      <user id="SD_768421">Meagermanx</user>
      <date>1129053960</date>
      <body>I don't know, some canines can be very careless billpayers. You know, buy a dog bone on credit here, refurnish your doghouse there... It all adds up, if you don't pay it off quickly, and that means high interest rates. Your friend's dog may have been just the type of customer Mastercard was looking for.</body>
    </post>
    <post id="SD_265_13769770" ref="SD_265_13769136">
      <post_score>5</post_score>
      <post_moderation>Insightful</post_moderation>
      <user id="SD_15122">NMerriam</user>
      <date>1129052460</date>
      <body>I had my first gold card when I was 16. I don't know why people think credit cards are an age verification -- banks aren't exactly shy about handing them out to anyone with a checking account.</body>
    </post>
    <post id="SD_265_13803305">
      <post_score>1</post_score>
      <user id="SD_251590">Firefly1</user>
      <date>1129453440</date>
      <body>I'll have to agree with many of the posters here: any company asking for a credit card number as proof of age is out of line for some combination of arrogance, presumption, and outright naivete. That said, I have two questions: one, has anyone from the security community put in their .02cr on this issue; and two, are any of you planning to write Activision (for instance) and share their displeasure over this 'idea'?</body>
    </post>
    <post id="SD_265_13772048" ref="SD_265_13771382">
      <post_score>0</post_score>
      <user>Anonymous Coward</user>
      <date>1129092600</date>
      <body>I am 24 and have had a credit card since I was 18, I have never paid one cent to have any credit card. your notion that it costs money to have a credit card is rediculous. There are plenty of card companies that charge no fees to have one, besides sometimes a credit card is a necessity.</body>
    </post>
    <post id="SD_265_13782345" ref="SD_265_13774502">
      <post_score>2</post_score>
      <user id="SD_890720">Red Flayer</user>
      <date>1129198620</date>
      <body>"Granted that segment of the population is fairly small, but isn't the goal of entertainment companies to entertain everyone they can?"  No, the goal is to get everyone they can to purchase their product. It's a cost/benefit thing.  Risk of lawsuit for not verifying age * (Cost of settlement of lawsuit + cost of lawyers to negotiate settlement and/or handle civil suit)  Vs.  Lost profits due to people not buying because of CC verification.  Besides, if a game trailer is forbidden, you can bet that every kid is going to want to see it.</body>
    </post>
    <post id="SD_265_13768660" ref="SD_265_13768548">
      <post_score>3</post_score>
      <post_moderation>Informative</post_moderation>
      <user id="SD_653724">MBraynard</user>
      <date>1129044540</date>
      <body>People under 18 can get check card without a parent's permission, and the activision server cannot distinguish between a check card and a regular credit card.</body>
    </post>
    <post id="SD_265_13769656">
      <post_score>4</post_score>
      <post_moderation>Informative</post_moderation>
      <user id="SD_917605">BushCheney08</user>
      <date>1129051560</date>
      <body>Well, the sample credit card numbers on the VeriSign page [verisign.com] seem to work okay. I only tried a few, but they worked. And it only took a few seconds of googling to come up with those.</body>
    </post>
    <post id="SD_265_13770092">
      <post_score>2</post_score>
      <user id="SD_57572">Myself</user>
      <date>1129055220</date>
      <body>It's been stated that Activision doesn't even verify the cards, they're just checking the number, so any generator should work for this.  But for other purposes, like buying AdultCheck IDs, why not just get one of the little cash-reloadable cards? A few years back, 7-11 had AmEx "gift cards" that you could add value to just by handing cash to the clerk. There was no ID or age check to get one.  That pilot program ended, but I think recently there've been a few other cash-card systems that appear as a CC to the merchant. If there's no ID check to get the card, then any kid could plunk down $20 for one and "age-verify" to all sorts of sites, particularly the AdultCheck network.</body>
    </post>
    <post id="SD_265_13771388">
      <post_score>5</post_score>
      <post_moderation>Interesting</post_moderation>
      <user id="SD_71946">rajivvarma</user>
      <date>1129075080</date>
      <body>Firefox seems to bypass the Activision window blocking access to the "mature" site. All you have to do is open the link in a new tab (middle-click or ctrl-click on the link).</body>
    </post>
    <post id="SD_265_13768686">
      <post_score>3</post_score>
      <post_moderation>Insightful</post_moderation>
      <user id="SD_877411">diamondmagic</user>
      <date>1129044720</date>
      <body>Wouldn't this belong under YRO?  Microsoft passport requires this to access many first-party features, so it isn't somthing new. But the fact you do need to enter a credit card number is disturbing, not just detering people away from the game. Passport stores your number in a database after you enter it; would this?</body>
    </post>
    <post id="SD_265_13770220" ref="SD_265_13768762">
      <post_score>0</post_score>
      <user>Anonymous Coward</user>
      <date>1129056660</date>
      <body>Another one to join the torrent of "this works" - an American Express GiftCard, which is not only not a credit card but is often held by under-18s, works fine.  Most of my opinions have been posted, but what exactly is Activision trying to do here? Build a gigantic credit card database so they can sign up to lots of porn sites? Why does one have to be 18+ to see information about a mature-rated game? Would said information include something such as the ESRB's rating information for the game?  The computer game industry didn't do enough when Columbine et al were happening, and now they're getting screwed over for it. Studies all over the place say that television causes violence, but god forbid taking away television--why, that's as American as apple pie--or, for that matter, the right to bear arms... could, perhaps, freedom of speech be used against this?</body>
    </post>
    <post id="SD_265_13769859" ref="SD_265_13768622">
      <post_score>1</post_score>
      <post_moderation>Interesting</post_moderation>
      <user id="SD_888673">jonfr</user>
      <date>1129053240</date>
      <body>It is pretty obvious that there credit card check is faulty, i only get the year 2002 as final year. My own credit card however runs out this year (2005), so pepole with legal credit cards can't even check in. However there way to check age is fishy, they are not trustworthy of this peace of info.</body>
    </post>
    <post id="SD_265_13802042" ref="SD_265_13768660">
      <post_score>1</post_score>
      <user id="SD_557678">garethx1</user>
      <date>1129430640</date>
      <body>This is so true. They asked if I wanted one when I opened an account for my 2 month old son. I had a job and a debit card at 15. (actually an ATM card then, but the same thing now) If all they need is the number w/ no charges, no parent would even know even if they looked at the statement.</body>
    </post>
    <post id="SD_265_13769258" ref="SD_265_13768915">
      <post_score>1</post_score>
      <user id="SD_688931">dbhankins</user>
      <date>1129048440</date>
      <body>RTFA.  It explicitly states that it's the Activision site that's asking for CC#s, and that some of the game-specific sites - in particular, the two that you mentioned - aren't currently asking for them. The Activision Value site doesn't even have an age gate.</body>
    </post>
    <post id="SD_265_13772743" ref="SD_265_13768566">
      <post_score>1</post_score>
      <post_moderation>Informative</post_moderation>
      <user>Anonymous Coward</user>
      <date>1129103280</date>
      <body>And nor should you... http://www.timesonline.co.uk/article/0,,11069-1486 281,00.html [timesonline.co.uk]</body>
    </post>
    <post id="SD_265_13770649" ref="SD_265_13770607">
      <post_score>1</post_score>
      <user id="SD_921453">6ame633k</user>
      <date>1129062960</date>
      <body>Perhaps they are tackling it from the wrong direction - maybe they should lobby to make it illegal for children under 17 to be on the Internet without parental supervision - put the burden on the parents! Yeah...that'll happen....</body>
    </post>
    <post id="SD_265_13771382" ref="SD_265_13768548">
      <post_score>2</post_score>
      <user id="SD_624423">Patrik_AKA_RedX</user>
      <date>1129074960</date>
      <body>Lets see. I'm 23. I don't have a credit card. Nor does anyone I know. Why should I pay for a card I don't want nor need to prove I'm above 18?</body>
    </post>
    <post id="SD_265_13797082" ref="SD_265_13795333">
      <post_score>2</post_score>
      <user id="SD_573674">EvilNTUser</user>
      <date>1129364520</date>
      <body> I'd rather have my theoretical kids see any of the things you mentioned than let them play games that for example idolize gangster culture*. I hardly think someone is going to start enjoying triple penetration just because they saw it in a movie. And if they would enjoy it, it's none of my business as long as they use protection. What kind of idiot are *you*, who thinks we should censor things that hurt no one but the prudes?   *Of course, if my kids had already demonstrated their intelligence and good manners, I'd let them do that too.  </body>
    </post>
    <post id="SD_265_13802560">
      <post_score>1</post_score>
      <user id="SD_434">drwiii</user>
      <date>1129442880</date>
      <body>Just copy and paste the link into your URL bar instead of clicking on it. Whoops, no card prompt, you're in.</body>
    </post>
    <post id="SD_265_13769660">
      <post_score>2</post_score>
      <user id="SD_379">oGMo</user>
      <date>1129051560</date>
      <body> I thought Visa and other CC companies had policies regarding not identifying customers by CC information. As much as they'll bend you over themselves, they seem to be pretty strict with merchants, reserving the bend-you-over right for themselves. Anyone know the specific policies on this?  </body>
    </post>
    <post id="SD_265_13769018">
      <post_score>1</post_score>
      <user id="SD_922171">NotMyNickName</user>
      <date>1129046640</date>
      <body>Since I was 15 or younger if I needed a credit card for something all I had to do was ask my parents. As long as I gave them the money for the purchase they didn't mind. And if you take a parent like that, add to it the mentality of many parents today who don't pay much attention to what their children watch or surf on the net and it shouldn't be too hard to get a credit card number. Of course over all it's just a stupid idea. I realize it's CYA but still...</body>
    </post>
    <post id="SD_265_13791869" ref="SD_265_13787618">
      <post_score>1</post_score>
      <user id="SD_842081">Prophet of Nixon</user>
      <date>1129289220</date>
      <body>That's funny, I have a fine credit rating, perhaps because of paid off student loans, and actually just got a house about 2 weeks ago. Granted, it makes me want to scream, since I hate debt (hence the paid off student loans already, they were priority 1)... but I guess its better than throwing away money on an appartment.</body>
    </post>
    <post id="SD_265_13770984" ref="SD_265_13768849">
      <post_score>1</post_score>
      <user id="SD_850437">TheCarlMau</user>
      <date>1129068480</date>
      <body>I doubt that they actually store the credit card information. At least, I hope not! :-)</body>
    </post>
    <post id="SD_265_13772401" ref="SD_265_13772048">
      <post_score>2</post_score>
      <user id="SD_624423">Patrik_AKA_RedX</user>
      <date>1129099920</date>
      <body>mmm, Visa: 19,83/ year. Mastercard (and visa) (different bank): 37  Got a free one in Belgium? I don't.</body>
    </post>
    <post id="SD_265_13794928" ref="SD_265_13768964">
      <post_score>2</post_score>
      <user id="SD_573674">EvilNTUser</user>
      <date>1129312200</date>
      <body> "It really is sick when selling a game to a kid will result in a bigger fine than selling him porn or alcohol." I agree that the fines are stupid in general, but if we are to fine people, selling violent games to kids should damn well be a more serious offense than selling them a magazine with some unclothed human beings. Don't fall for the "porn is evil"-propaganda.  </body>
    </post>
    <post id="SD_265_13768704" ref="SD_265_13768622">
      <post_score>1</post_score>
      <user id="SD_685628">tuzzyfoad</user>
      <date>1129044840</date>
      <body>  Because you can't show them your driver's license or photo ID over the internet. The only way they can even try to check for age is to see if you have a credit card (you can only get your own if you're 18 in most states).  My dog is only 6 and he gets credit card apps all the time, including the pre-approved ones you activate with a phonecall. My niece is in 9th grade and gets apps all the time as well.  </body>
    </post>
    <post id="SD_265_13768738">
      <post_score>4</post_score>
      <post_moderation>Informative</post_moderation>
      <user id="SD_778854">StandSure</user>
      <date>1129045020</date>
      <body>I live in California and I had my first Credit Card at 17. So just having a credit card doesn't make you an adult. At the time it was guaranteed by my mother but I still had a number on it. So if they want to protect themselves it had better tie into a real database somewhere down the line which will tell them your age.</body>
    </post>
    <post id="SD_265_13771231" ref="SD_265_13768840">
      <post_score>0</post_score>
      <user>Anonymous Coward</user>
      <date>1129072020</date>
      <body>  That's no problem, they can start asking for the expiration date and security code on the back to authorize it too.  </body>
    </post>
    <post id="SD_265_13768889">
      <post_score>5</post_score>
      <post_moderation>Informative</post_moderation>
      <user>Anonymous Coward</user>
      <date>1129045860</date>
      <body>This thing isn't asking for name, billing address, CVC/CV2 number, experation date...  It's asking for a number and a DOB.  What this thing is doing is running the number against a check of Visa/Mastercard/AMEX's available card numbers to see if the algorithms check out. For example... 1111 1111 1111 1111 is not a valid card number. In fact, there are credit card number generators out on the net that do nothing but figure out bank information numbers and card holder numbers, throw it together, and give you a 16 digit account number.  Any credit card generator program could easily be used to bypass this if people are being uptight about the authorization.  The whole reason behind this is so that the parents realize that little Billy is digging in the wallet trying to figure out what a real credit card number looks like.  Is it so bad that, instead of really looking at the information, we dig out the pitchforks over any little thing?</body>
    </post>
    <post id="SD_265_13771275" ref="SD_265_13769444">
      <post_score>2</post_score>
      <user id="SD_8679">Maserati</user>
      <date>1129072800</date>
      <body>Not really, no. The trick is getting your dog to call.</body>
    </post>
    <post id="SD_265_13770223">
      <post_score>3</post_score>
      <post_moderation>Funny</post_moderation>
      <user id="SD_325138">cgenman</user>
      <date>1129056720</date>
      <body>We should all feel comfortable entering our credit card information at Activision [russianmob.gov]. In fact, I'm going to do it right now on their super secure server [suckered.com].  I suggest you all follow me and just do it [dontdoit.com].</body>
    </post>
    <post id="SD_265_13771944" ref="SD_265_13771733">
      <post_score>2</post_score>
      <user id="SD_304739">LittleBigLui</user>
      <date>1129089600</date>
      <body>  It's actually a quote from an episode of Third Rock From the Sun, that old NBC nightly sitcom.    No wonder i didn't recognize it then. Didn't watch that show much, and then only dubbed in german which probably would have crippled it beyond recognition anyways.</body>
    </post>
    <post id="SD_265_13773078">
      <post_score>2</post_score>
      <post_moderation>Funny</post_moderation>
      <user id="SD_846597">Kylere</user>
      <date>1129105680</date>
      <body>I will skip activision game data, I have seen the coding of their games, their is no way I trust the coding of their "secure" servers. Really anyone willing to give up credit card data to see a game trailer/preview is seriously confused about life priorities.</body>
    </post>
    <post id="SD_265_13769983" ref="SD_265_13768991">
      <post_score>5</post_score>
      <post_moderation>Funny</post_moderation>
      <user id="SD_768421">Meagermanx</user>
      <date>1129054320</date>
      <body>Sounds like SOMEBODY has been signing their dog up for "Free iPods". "Do you wanna iPod, boy? Doya? Huh? Yes you do. Yes you do want an iPod!"</body>
    </post>
    <post id="SD_265_13776672" ref="SD_265_13770502">
      <post_score>2</post_score>
      <user id="SD_705449">Lehk228</user>
      <date>1129129320</date>
      <body>seconded, i just tested with a generated visa number and it works</body>
    </post>
    <post id="SD_265_13776419" ref="SD_265_13772782">
      <post_score>1</post_score>
      <user id="SD_890022">non0score</user>
      <date>1129127640</date>
      <body>Kid: Hey mom, I want to get Black and White 2. Is that OK? Mom: *thinks* B&amp;W2 isn't violent */thinks* Sure! Just put it on your CC. Kid: *goes on ebworld.com* Hrm...Quake 4 looks cool. I guess mom won't care since they cost the same.  And last I checked, VISA statements doesn't say exactly what you bought in the store, just how much you were charged from that store.  I think I came off a bit too critical with the words "forfeiting parenting altogether." What I mean is that maybe parents don't necessarily intentionally not parent their children, but that their actions may lead to such situations that effectively result in lack of parenting.</body>
    </post>
    <post id="SD_265_13769614" ref="SD_265_13768565">
      <post_score>2</post_score>
      <post_moderation>Insightful</post_moderation>
      <user id="SD_2353">DAldredge</user>
      <date>1129051200</date>
      <body>That doesn't stop those who buy a prepaid visa debit card from the local mall.  </body>
    </post>
    <post id="SD_265_13787911">
      <post_score>1</post_score>
      <user id="SD_898206">ozTravman</user>
      <date>1129239420</date>
      <body>Maybe Activision are smarter than they think. They know the only people to give out their credit card to view a trailer will be kids! So if you put in your credit card details maybe it then denies access to the trailer.</body>
    </post>
    <post id="SD_265_13797403">
      <post_score>0</post_score>
      <user>Anonymous Coward</user>
      <date>1129368900</date>
      <body>I'm virtually 24, but not had much success with getting a credit card, guess no dirty games for me :(</body>
    </post>
    <post id="SD_265_13779641" ref="SD_265_13771388">
      <post_score>1</post_score>
      <user id="SD_16825">Osty</user>
      <date>1129161780</date>
      <body>  Firefox seems to bypass the Activision window blocking access to the "mature" site. All you have to do is open the link in a new tab (middle-click or ctrl-click on the link).  It's just a silly onclick event handler on the link. Turn off javascript, and you're in. Right-click or middle-click and you're in (those don't register a click event). If you're into being productively lazy, write a simple Greasmonkey script that strips onclick event handlers from anchor tags on Activision sites (maybe be smarter about it and only strip those that call the checkCCCookie() method). Use a proxy to dynamically replace http://www.activision.com/cookie/js/global.js [activision.com] with an implementation that stubs out checkCCCookie(). This silly little check isn't going to stop anybody. So far it doesn't appear that they've implemented this half-assed check for patch downloads. If they do, they will have just shot themselves in the other foot.  </body>
    </post>
    <post id="SD_265_13769189" ref="SD_265_13768738">
      <post_score>3</post_score>
      <post_moderation>Insightful</post_moderation>
      <user id="SD_573049">SoCalChris</user>
      <date>1129047900</date>
      <body>On that note, what is stopping a young teen from going to 7-11, and paying the $10 fee for one of their prepaid credit cards [7-eleven.com]?</body>
    </post>
    <post id="SD_265_13769503" ref="SD_265_13768565">
      <post_score>3</post_score>
      <post_moderation>Insightful</post_moderation>
      <user id="SD_39836">bob_jordan</user>
      <date>1129050180</date>
      <body>Its an odd way to cover your ass.  You can access this violent content if you either ...  a) Have a credit card and are therefor 18 or over. b) Have parents who let you use their credit card online. c) Are able to write simple programs and can type "luhn number" into google.  Bob.</body>
    </post>
    <post id="SD_265_13768622">
      <post_score>4</post_score>
      <post_moderation>Interesting</post_moderation>
      <user id="SD_32595">jpowers</user>
      <date>1129044360</date>
      <body>Because you can't show them your driver's license or photo ID over the internet. The only way they can even try to check for age is to see if you have a credit card (you can only get your own if you're 18 in most states). I'm sure collecting the card lets them verify your ID, but it's useful marketing data for them, too. They can match you wherever you put in that card # and see what you're interested in.  I'm not thrilled about putting my credit card number in online when there's nothing to buy, but I don't think this is for them to charge it - imagine them treating the card like a doubleclick cookie and you see where they may be able to gather a little bit of data about their users. I'm not as paranoid about personal data as some, so it's not much of a concern to me, but if we had some other unique form of ID I'd be more comfortable with this.</body>
    </post>
    <post id="SD_265_13771708" ref="SD_265_13768762">
      <post_score>2</post_score>
      <user id="SD_304739">LittleBigLui</user>
      <date>1129083000</date>
      <body>from parent's sig:  sine cosine cosine sine 3.14159!    Sounds like a spell from Harry Potter and the Lessons of Trigonometry. :)</body>
    </post>
    <post id="SD_265_13772528" ref="SD_265_13771388">
      <post_score>2</post_score>
      <user id="SD_137243">sckeener</user>
      <date>1129101300</date>
      <body>looks like they closed that loop. I just tried and failed doing a ctrl-click.</body>
    </post>
    <post id="SD_265_13771733" ref="SD_265_13771708">
      <post_score>2</post_score>
      <user id="SD_610051">RyoShin</user>
      <date>1129083600</date>
      <body>It's actually a quote from an episode of Third Rock From the Sun, that old NBC nightly sitcom. :)  Ah, Dick, the laughs you brought me...</body>
    </post>
    <post id="SD_265_13774502">
      <post_score>3</post_score>
      <post_moderation>Insightful</post_moderation>
      <user id="SD_521266">Rinisari</user>
      <date>1129114500</date>
      <body>What about the people who are over 20 and don't have a credit card because they simply don't want one? Granted that segment of the population is fairly small, but isn't the goal of entertainment companies to entertain everyone they can?</body>
    </post>
    <post id="SD_265_13769005" ref="SD_265_13768548">
      <post_score>0</post_score>
      <user>Anonymous Coward</user>
      <date>1129046580</date>
      <body>In college, a friend of mine's dog had a credit card. I guess theoretically it was of-age in dog-years, but I don't think that's what MasterCard had in mind when they sent out the card.</body>
    </post>
    <post id="SD_265_13776692" ref="SD_265_13769660">
      <post_score>2</post_score>
      <user id="SD_705449">Lehk228</user>
      <date>1129129440</date>
      <body>activision only does the mathematical (mod10 i think is the name) test for validity, and credit card generating tool or list of generated numbers will work</body>
    </post>
    <post id="SD_265_13768897" ref="SD_265_13768704">
      <post_score>0</post_score>
      <user>Anonymous Coward</user>
      <date>1129045920</date>
      <body>application != credit card</body>
    </post>
    <post id="SD_265_13775136" ref="SD_265_13772782">
      <post_score>1</post_score>
      <user id="SD_842081">Prophet of Nixon</user>
      <date>1129119300</date>
      <body>Its not forfeiting parenting so much as it is forfeiting sense altogether. Credit cards are unreasonable debt for instant gratification. I still can't understand why everyone gets the things, other than their being normal and expected these days.</body>
    </post>
    <post id="SD_265_13774114" ref="SD_265_13768548">
      <post_score>1</post_score>
      <user id="SD_758413">Xabora</user>
      <date>1129112280</date>
      <body>As much as this sucks there is a way around this check. Right Click -> Open in a New Window.</body>
    </post>
    <post id="SD_265_13783500" ref="SD_265_13775136">
      <post_score>2</post_score>
      <user id="SD_638065">BlueCodeWarrior</user>
      <date>1129206600</date>
      <body>Most debit cards act just like credit cards. I had a job at 15, and I had a debit card linked to my checking account where I put money from said job to spend on eBay from about 16 or so.</body>
    </post>
    <post id="SD_265_13768548">
      <post_score>2</post_score>
      <post_moderation>Insightful</post_moderation>
      <user id="SD_890022">non0score</user>
      <date>1129044060</date>
      <body>Aren't credit cards obtainable only at the age of 18 or greater? If so, this would satisfy the case of being 18 or older to view the content (granted not all 18 year olds or over have credit cards, but this is Activision's loss).</body>
    </post>
    <post id="SD_265_13776620" ref="SD_265_13769258">
      <post_score>1</post_score>
      <post_moderation>Informative</post_moderation>
      <user>Anonymous Coward</user>
      <date>1129128960</date>
      <body>I had my first credit card when I was 16.. It was also under my own name.. I didnt need my parents help getting it. I live in Ontario and dont quite know the laws.  I would however never give any1 my credit card # for age verification. I would just not goto the website.</body>
    </post>
    <post id="SD_265_13770502" ref="SD_265_13769578">
      <post_score>2</post_score>
      <post_moderation>Informative</post_moderation>
      <user id="SD_773099">caitsith2</user>
      <date>1129060860</date>
      <body>MOD10 check only. You can even use fake numbers like 4242 4242 4242 4242, or 4000 0000 0000 0002. However, if it fails on either the birth date, or the credit card number, a cookie is set, to completely disallowing of a second chance, unless the user knows how to clear the cookie.</body>
    </post>
    <post id="SD_265_13791689">
      <post_score>0</post_score>
      <user>Anonymous Coward</user>
      <date>1129287960</date>
      <body>It is better than a simple age gate (any 8, 10, 14 etc -year old can figure out that simply entering a birthday before 1987 will make them appear to be 18)  You aren't being charged for anything either.  Yes, lots of people who are teens have credit/debit cards... society is moving away from that paper stuff called cash into electronic payments. Everyone 18+ should ahve a credit card and teens should at least have debit/check cards.  But the CC# thing will help keep younger kids out ... provided they don't steal daddy's gold card (and he may never know b/c no charge shows up... mabye they should charge you $1 and then credit you back $1 ... so somethign shows on the statement but there is no actual cost to the consumer)</body>
    </post>
    <post id="SD_265_13772265" ref="SD_265_13772048">
      <post_score>1</post_score>
      <user id="SD_601844">nairobiny</user>
      <date>1129098300</date>
      <body>and your spelling of the word "ridiculous" is rediculous. Pip pip!</body>
    </post>
    <post id="SD_265_13793979" ref="SD_265_13791869">
      <post_score>1</post_score>
      <user id="SD_531544">kannibal_klown</user>
      <date>1129303140</date>
      <body>Same here. Remember, there is 'good debt," which credit cards rarely fall under. Student loans and House loans help out a lot, car loans a little less, and credit cards even less (to the point that they can hurt). So long as you don't start falling behind, you're fine. The problem is with credit cards most people bite off more than they can chew.  Having a student loan helps out A LOT. Paying it off helps a lot, but even just paying it every month brings your score up.  I'm in the same boat, I hate debt. I'm almost done paying off my student loan. Afterwards though I'm going to need to buy a car, so back into debt I go.</body>
    </post>
    <post id="SD_265_13768592" ref="SD_265_13768548">
      <post_score>5</post_score>
      <post_moderation>Insightful</post_moderation>
      <user id="SD_250190">Holi</user>
      <date>1129044180</date>
      <body>Gee no parent ever gets there children credit cards in america. Age verification via credit card is not even close to fool proof.</body>
    </post>
  </posts>
</thread>
