<?xml version="1.0" encoding="iso-8859-1"?>
<!-- this file has been obtained by crawling internet sites by
Fundacio Barcelona Media please, access this site:
caw2.barcelonamedia.org to read the terms and conditions of use
 -->
<thread id="SD_454_0349236">
  <subdomain>yro</subdomain>
  <title>A Look at Technology Legislation for 2006</title>
  <admin>ScuttleMonkey</admin>
  <user>segphault</user>
  <date>1135733160</date>
  <topics>
    <main>United States</main>
    <secondary>Patents</secondary>
    <secondary>Politics</secondary>
  </topics>
  <body>"Ars Technica provides some insight into technology legislation scheduled for congressional review in 2006. From the article: 'Congress plans to cover some important tech issues in 2006 [...] like digital communication, intellectual property law, and computer security. [...] Patent reform is also on the menu. Industry groups have requested that the government allow them to participate in the patent review process, and some legislators have discussed imposing stricter constraints upon patent related injunctions..'"</body>
  <posts>
    <post id="SD_454_14352332" ref="SD_454_14350634">
      <post_score>3</post_score>
      <post_moderation>Interesting</post_moderation>
      <user id="SD_699984">mattwarden</user>
      <date>1135769640</date>
      <body>The US is a much larger and more diverse country. This is why No Child Left Behind is failing. And that is why, prior to Bush, the Republican Party has held that public schools should be controlled locally. Why anyone could think that a federal government could set a standard that was approrpriate for a rural farm area with 99% white Protestants and approrpriate for an urban area with 95% minorities is beyond me. It is a hindrance to progress for those areas where the guidelines don't make as much sense.</body>
    </post>
    <post id="SD_454_14354638" ref="SD_454_14351039">
      <post_score>2</post_score>
      <user id="SD_68586">Bios_Hakr</user>
      <date>1135793520</date>
      <body>>>E.g. "the USPTO grants inventor X the exclusive commercial rights to invention Y for N years under such and such conditions, including a clear description of the invention, and fair use for all non-commercial use."  So, if you invented the next big thing, you'd be perfectly OK with MS taking it and releasing it for free?</body>
    </post>
    <post id="SD_454_14355529" ref="SD_454_14350428">
      <post_score>0</post_score>
      <user>Anonymous Coward</user>
      <date>1135804560</date>
      <body>"enforcing anticompetitive monopolies based on patents is, dare I say, socialistic and not at all capitalistic"  moded "insightful" ??? That's crazy. you (I guess it's people from USA who modded this up) are a bunch of washed brains. The IP-pattent craze is supported by right wings parties everywhere in the world. There is nothing "socialistic" (whatever that means) in these moves.  and I will be marqued troll, but you are the ones who have an agenda spreading this sort of bullshit.</body>
    </post>
    <post id="SD_454_14350413">
      <post_score>5</post_score>
      <post_moderation>Insightful</post_moderation>
      <user>Anonymous Coward</user>
      <date>1135734120</date>
      <body>It's quite frightening the amount of control that the US government is gaining over computer technology. To me, technology, specifically the internet, is great because it offers freedom, a way to do as I like without the limitations of government and politics. Perhaps someday in the near future, that freedom will no longer exist...</body>
    </post>
    <post id="SD_454_14350971">
      <post_score>1</post_score>
      <user id="SD_810520">mofomojo</user>
      <date>1135748580</date>
      <body>It's funny, how 50 years of fighting the communists and their adapting their policy of censorship.  I think the US is reaching the breaking point where the government is no longer transparent.  As soon as it reads : "FCC censorship" on your monitor when you visit Rotten.com, that's when you know the communists really have won. Plus, "FCC" kinda sounds like "KGB"... amirite, or what?</body>
    </post>
    <post id="SD_454_14350472">
      <post_score>3</post_score>
      <post_moderation>Interesting</post_moderation>
      <user id="SD_921977">Harmonious Botch</user>
      <date>1135735680</date>
      <body>"Industry groups have requested that the government allow them to participate in the patent review process" While I suspect that this is letting the fox guard the henhouse, there is away to make it work: When applying for a patent the applicant would split it into 2 parts. The first states what he can do, but not how. The second says how he can do it. The first part is made public a year before the second. If during that year, someone else can show how it is done, than the patent is denied on the basis of failing the nonobvious test. ( It need not be a year, maybe a month or two would work better ) If nobody can come up with something in that year, then the patent review process begins.</body>
    </post>
    <post id="SD_454_14352004" ref="SD_454_14350539">
      <post_score>2</post_score>
      <user id="SD_878240">ToasterofDOOM</user>
      <date>1135766520</date>
      <body>That's probably most likely. I've met one congressman from Georgia and know through my Grandfather Jeff Sessions of Alabama. Neither of them seem to be technologically literate at all. They want to do the right thing, but they approach technology as they would any other field, whereas in reality it is radically different. We seriously need some non-technophobe politicians.</body>
    </post>
    <post id="SD_454_14351039" ref="SD_454_14350428">
      <post_score>4</post_score>
      <post_moderation>Insightful</post_moderation>
      <user id="SD_196118">pieterh</user>
      <date>1135750740</date>
      <body>Rapid patent enforcement would be quite fine if patents in general respected the original social bargain, namely exclusive rights to the inventor in exchange for a temporary monopoly.  It's not really about politics, just that "intellectual rights" have been twisted into "intellectual property" over the last decades, with the implication being that ideas and inventions are now property. In fact they are not, it's the exclusive right that is property.  Patents and copyrights could work very well (possibly even in software, though only with fundamental reforms) if the concept of "I.P." was replaced, by, e.g. "Intellectual License", and the terms of these licenses made much more clear and transparent.  E.g. "the USPTO grants inventor X the exclusive commercial rights to invention Y for N years under such and such conditions, including a clear description of the invention, and fair use for all non-commercial use."  If the patent system was reformed to clarify the license behind the property, it'd be quite fine to enforce patents rapidly and firmly. At the same time, a large part of the enforcement would be against patent holders that abused their licenses.  Ah, in an ideal world...  </body>
    </post>
    <post id="SD_454_14351336" ref="SD_454_14351264">
      <post_score>1</post_score>
      <user id="SD_874402">sgent</user>
      <date>1135758720</date>
      <body>before spouting off against the various congressmen for not knowing the constitution, learn it yourself.  Article I, Section 8. The Congress shall have power...To promote the progress of science and useful arts, by securing for limited times to authors and inventors the exclusive right to their respective writings and discoveries;  Congress may make a mess of things, but they have always had the defined power to pass laws dealing with patents, tradmarks, and copyrights.  </body>
    </post>
    <post id="SD_454_14351264">
      <post_score>3</post_score>
      <post_moderation>Insightful</post_moderation>
      <user id="SD_163177">dada21</user>
      <date>1135756920</date>
      <body>It looks like Congress needs to first pass a law mandating that all political candidates do a thorough class on studying the Constitution, pay for dictionaries to explain phrases such as "Congress shall make no law..." and maybe even look over a history of every fascist and socialist regime and why they always fail.  Not one of these laws falls under any Congressional power as given to them by the Constitution. The Commerce Clause has been distorted and stretched as far as imaginable, considering the intent of the clause was to give the Feds the power to keep the states from restricting trade between each other. Instead, we're seeing it used to help the Feds restrict trade completely, or to enhance trade of their friends/cronies with subsidies or monopoly power.  Congress has done so much damage, and it will only continue. Don't think a major change in party numbers or voting for a third party will help it -- we've lost the war again tyranny, and we have only one thing to look forward to: the continued rape we call democracy.  Bring back, at the least, a federalist representative republic where states compete with one another for the best talent, and the feds can do nothing but look on with empty pockets.</body>
    </post>
    <post id="SD_454_14350636" ref="SD_454_14350470">
      <post_score>0</post_score>
      <user>Anonymous Coward</user>
      <date>1135740000</date>
      <body>Technology should be used to better the lives of the many instead of fill the pockets of the few.  So should government, but look what they do instead.  Then again, that's a pretty worthy goal for each and every one of *us*, too, but look at what most of us spend all our time doing...filling our own pockets.  Inevidable effect of encouraging the "greed is good" mentality...?</body>
    </post>
    <post id="SD_454_14350628" ref="SD_454_14350487">
      <post_score>3</post_score>
      <post_moderation>Insightful</post_moderation>
      <user id="SD_835669">Decessus</user>
      <date>1135739820</date>
      <body>I've always wondered if part of the reason kids are not interested in education is due to the image that people who like school seem to receive.  If you actually like school, then you get branded a nerd and you then become somewhat of an outcast. Perhaps so many kids just want to be liked that they adopt the attitude that school and education isn't for them.  It seems that schools encourage sports activities more than they do educational ones. My school had pep rallies, dances, and all sorts of other activities that focused on sporting events.  One solution to increasing children's education is to have more events that give credit to kids who take their education seriously. The schools should try and do something that changes the image of people who like to go to school and do well.</body>
    </post>
    <post id="SD_454_14350498" ref="SD_454_14350472">
      <post_score>5</post_score>
      <post_moderation>Interesting</post_moderation>
      <user id="SD_669689">TubeSteak</user>
      <date>1135736700</date>
      <body>:o\  I think your idea fails the non-obvious test.  If it is truly an important patent, I don't see why another company wouldn't try any and every underhanded technique they have at their disposal to try and discover the method &amp; invalidate the patent.  Before I get accused of being a tinfoil hat paranoid, don't forget that the U.S. has been accused by a variety of countries that they've passed along NSA intercepts containing sensitive business information to help U.S. companies win international contracts. I wouldn't put much of anything past the largest companies.</body>
    </post>
    <post id="SD_454_14351359" ref="SD_454_14350477">
      <post_score>4</post_score>
      <post_moderation>Interesting</post_moderation>
      <user id="SD_16811">CokeBear</user>
      <date>1135759080</date>
      <body>So what would it take for the EFF to write some legislation and get it passed? (With the support of the Slashdot community.) If it was well written and important legislation, I'd pledge $50. Who's with me?</body>
    </post>
    <post id="SD_454_14350563">
      <post_score>2</post_score>
      <user id="SD_881055">VincenzoRomano</user>
      <date>1135738560</date>
      <body>I wonder how can all these laws restrict (real) freedom [wikipedia.org] for Internet users. I suppose that companies are concerned with P2P file sharing [wikipedia.org] and (maybe) governs are concerned with pedophilia [wikipedia.org] and terrorism [wikipedia.org].  On the first field there is little they can really do but limiting the usage of Internet itself as a bidirectional medium. If everyone used a strong encription P2P protocol mapped over, say, TCP port 80 or 25 to do my P2P, then I'd like to see how could they stop me. Only by avoiding incoming traffic to my systems. That's almost the same as old fashioned TV and averyone would skip such a stupid technology.  On the second field there is little to do without leaking into organisations in order to grab ciphers. A simple message (email, IM, etc.) like "Let's meet at the usual pub for a couple of beers at 10" could mean everything, from a friends party to a terrorist action meeting. Who knows?  Do they think they have enough resources to fight such a battle, 24 hours a day, 365 day a year all over the world? Even by "controlling" the Internet they cannot stop people from creating VPNs (in a general sense) to do whatever they want. Unless 1984 [wikipedia.org] is much more in the near future than in near past!</body>
    </post>
    <post id="SD_454_14350591">
      <post_score>1</post_score>
      <user id="SD_859520">mysterystevenson</user>
      <date>1135739100</date>
      <body>Intentional incompatibility between systems and programs causes problems that denies efficiency to all and costs money for everyone that is slowed down. It would be a fortunate change if the "program makers" would really try to provide a service to consumers that improves the digital world instead of conflicting in a useless gambit that has failed in other industries in the past.  </body>
    </post>
    <post id="SD_454_14351808" ref="SD_454_14350478">
      <post_score>2</post_score>
      <user id="SD_199019">kabocox</user>
      <date>1135764600</date>
      <body>I wonder if it's not that their generation doesn't use direct deposit, but that they understand all the little things that could be taken out of your account or deposit without your knowledge until they see a statement some time in a month or 2. They like those little paper things because that somehow makes their checking and savings accounts more secure than someone that uses direct deposit.  Um, that doesn't make any sense. I use direct deposit for my income. None of my bills are paid that way. If it was just me, I'd most likely do it, but my wife likes checks. She needs to write down the amount of the bills in her check books so she'd know how much money we have at any given range.</body>
    </post>
    <post id="SD_454_14350487">
      <post_score>4</post_score>
      <post_moderation>Insightful</post_moderation>
      <user id="SD_319225">UberWhack</user>
      <date>1135736220</date>
      <body>Our elected representatives are legitimately concerned that youngsters today aren't as interested in science as in days past,  It seems to me that many "youngsters" aren't interested in education in general.  I do not see, however, what this has to do with technology related legislation...   uW</body>
    </post>
    <post id="SD_454_14351779" ref="SD_454_14351264">
      <post_score>0</post_score>
      <user>Anonymous Coward</user>
      <date>1135764300</date>
      <body>first pass a law mandating that all political candidates do a thorough class on studying the Constitution, pay for dictionaries to explain phrases such as "Congress shall make no law..." and maybe even look over a history of every fascist and socialist regime and why they always fail.  Why stop at political candidates? when all folks and currently elected MUST study the constitution? not SHOULD or MAY, start using MUST! Fuck them. They ARE BREAKING their Oaths! That's DOMESTIC TERRORISM~!  I'd like to see wording like, MUST BE proficient at TCPIP, electronics, digital logic, and several basic programming languages. (How many? hmm) in order to vote or write laws that govern them.  Because if you don't fix the E-VOTING inside the LOCAL PRECINTS inside the UNITED STATES problem everything else won't matter.  you can *NOT* validate electronics or it's signals! If you don't get this, we're fucked!  This good Ol' Boy Network is nothing but MAFIA CARNAGE! There is NO more "United States of America."  it MUST be re-named The electronically hacked cracked(man in the middle attacked) and court elected LOCAL PRECINTS OF WHAT WAS OUR BELOVED FUCKING AMERICA VGhlIGVsZWN0cm9uaWNhbGx5IGhhY2tlZCBjcmFja2VkKG1hbi BpbiB0aGUgbWlkZGxlIGF0dGFja2VkKSBhbmQgY291cnQgZWxl Y3RlZCBMT0NBTCBQUkVDSU5UUyBPRiBXSEFUIFdBUyBPVVIgQk VMT1ZFRCBGVUNLSU5HIEFNRVJJQ0EK (base64)  ps. interestingly the picture to post this message on slashdot spells the word, "doomed" perhaps we already are. I see a lot of posts that refer to 1984, 1984 is fucking here now!</body>
    </post>
    <post id="SD_454_14350517">
      <post_score>3</post_score>
      <user id="SD_615965">nighty5</user>
      <date>1135737240</date>
      <body>that govenments start to wake up and actually furful their actual role and start to care about their citizens and stop caring less about greedy companies.  Its good to be informed about the going's on in technology, but the more I read slashdot, the more cynical I become.  I'm hoping the trend will change shortly.  </body>
    </post>
    <post id="SD_454_14350478">
      <post_score>5</post_score>
      <post_moderation>Interesting</post_moderation>
      <user id="SD_568564">User 956</user>
      <date>1135735800</date>
      <body>Although the situation in Iraq is sure to monopolize a big chunk of their time, they also want to spend time on issues like digital communication, intellectual property law, and computer security.  What's frightening is that the majority of congressmonkeys in office are either completely oblivious, or they consider orwellian DRM to be a "solution". I mean, honestly, can you expect a solid understanding of technology issues from a generation that doesn't even use direct deposit? [fark.com]</body>
    </post>
    <post id="SD_454_14353383" ref="SD_454_14351355">
      <post_score>2</post_score>
      <user id="SD_739422">Ironsides</user>
      <date>1135779960</date>
      <body>Current patent law has a patent lasting for 20 years, this is fine, it's Copyright lifetimes that are the problem, with a "life of the author plus 50 years".</body>
    </post>
    <post id="SD_454_14350665" ref="SD_454_14350603">
      <post_score>-1</post_score>
      <post_moderation>Offtopic</post_moderation>
      <user>Anonymous Coward</user>
      <date>1135740780</date>
      <body>Castro attacks Bush and says any US-led invasion of Cuba will fail 12/27/2005 11:30  The Communist leader called US Secretary of State Condoleezza Rice "mad"  The Cuban President Fidel Castro said that any US invasion to his country would fail and called US Secretary of State Condoleezza Rice "mad" after Washington announced plans for a "democratic transition" in the Caribbean Island last week. Castro talked before the Nationl Assembly shortly after his government announced that it had turned a corner in its econmical recovery from severe financial crisis, reportin 11.8 percent growth in 2005.  "I am going to tell you what I think about this famous commission, for the democratic transition in Cuba: they are a group of shit-eaters who do not deserve the world's respect," Castro told the National Assembly. "In this context, it does not matter if it was the mad woman who talks of transition - it is a circus, they are completely depraved, they should be pitied," added the 79-year-old Cuban leader.  While US imperialism was in its decline, Castro said, his revolution is "uncontainable and unstoppable. "We are in transition: to socialism, to communism," Castro insisted.  Castro has been recently strenghtened by a number of victories of left wing parties in recent South American elections. The leaders of these parties: Tabare Vazquez, in Uruguay; Lula da Silva, in Brazil; Nestor Kirchner, in Argentina; Hugo Chavez, in Venezuela; and lately Evo Morales, in Bolivia, support his rule in Cuba and are critics of the US policies toward the region.  Economy rebound  Addressing the communist nation's lawmakers as President Fidel Castro looked on, Economics Minister Jose Luis Rodriguez said the Caribbean nation had fully recovered from the 1990s, when austerity measures were adopted to survive the economic crisis caused by the Soviet Union's collapse.  "This could be considered the highest in revolutionary history," Rodriguez said of the growth figure, referring to the 47-year-long administration of Castro, who came to power with the Jan. 1, 1959, triumph of the Cuban revolution.  The economics minister also projected economic growth of 10 percent for 2006. Rodriguez said the biggest income earners for Cuba this year were tourism, nickel and the exportation of services - especially doctors and other medical workers hired by other countries such as Venezuela to provide free care to poor people.</body>
    </post>
    <post id="SD_454_14355823" ref="SD_454_14350634">
      <post_score>3</post_score>
      <post_moderation>Interesting</post_moderation>
      <user id="SD_729040">Geoffreyerffoeg</user>
      <date>1135808040</date>
      <body>Although not a regular supporter of mr. Bush, I am supportive of his "no child left behind" act. If implemented correctly it raises school standards to a higher level, creating an overall more educated workforce, and thus a more educated, flexible, and innovative society in which innovation thrives, and where racial injustice, crime and other human misdeeds are at a minumum.  The key words are "if implemented correctly". What NCLB does, in practice, is that it holds everyone to certain national standards, and good teachers who would have quickly taught that material anyway are forced to give standardized tests and formal lesson plans and all sorts of other bureaucracy about the subject, which decreases how much they actually teach. NCLB is an equalizer: it's good that it holds poorer-performing schools, teachers, and students to higher standards, but it also holds back the better-performing schools until they can "prove" they're past that point.  NCLB is great in theory, but so is capital-C Communism. And along with that analogy, democratic socialism works in those crazy European countries with 50% income tax and free healthcare (as opposed to, say, 100% income tax and free food). And so should a limited version of NCLB if it's not required in schools above, say, the 60th percentile (or even 40th should do). You're not doing anyone a favor if you're making the bad schools and the good schools approach the same target. You're not going to have any true innovation if the geniuses have been shuffled into the same "educated workforce" - there's people who serve society better in academia than in the workforce.  Oh, and remember that "No Child Left Behind" in a literal sense means holding everyone else back to keep up with him.</body>
    </post>
    <post id="SD_454_14354649">
      <post_score>2</post_score>
      <user id="SD_28843">chandoni</user>
      <date>1135793580</date>
      <body>Time to renew your EFF membership! (there are also the tax advantages of joining before the end of the year)</body>
    </post>
    <post id="SD_454_14350423">
      <post_score>0</post_score>
      <post_moderation>Redundant</post_moderation>
      <user>Anonymous Coward</user>
      <date>1135734360</date>
      <body>...Coz we all know that Politicians are only trying to do what's best for the people, such as you and me.</body>
    </post>
    <post id="SD_454_14350549" ref="SD_454_14350413">
      <post_score>4</post_score>
      <post_moderation>Interesting</post_moderation>
      <user id="SD_631190">WindBourne</user>
      <date>1135738140</date>
      <body> The first would be to disallow any blocking of others. IOW, it is status quo when it comes to packets going over a network. This would allow services to really build, but it could curtail future build-outs. The second is the libertarian way. That is, we could allow anything, but we could also prohibit exclusive monopolies. Right now, govs. do a give away by allowing exclusive monopolies to various large companies. In my area, comcast has the coax rights. Qwest has the twisted pair rights. Comcast is now trying to stop Qwest from carrying iptv, by getting local legislation to block it, even though comcast has the right to offer phone and internet. By prohibiting any gov. from entering into a exclusive monopolies (or just allow very short-term ones), we would encourage huge build-outs, with the possibility of curtailments of services. Personally, I prefer the later, but either should work. What I do know will fail, is if we give exclusive monopolies like we do now, AND we allow the companies to control services. That will prevent build-outs (why would the big players peer with you?), and would kill services that were not developed by a company.  </body>
    </post>
    <post id="SD_454_14353570" ref="SD_454_14350927">
      <post_score>0</post_score>
      <user>Anonymous Coward</user>
      <date>1135781880</date>
      <body>Echelon Carnivore, next</body>
    </post>
    <post id="SD_454_14353883" ref="SD_454_14350634">
      <post_score>0</post_score>
      <user>Anonymous Coward</user>
      <date>1135784880</date>
      <body>If implemented correctly it raises school standards to a higher level, creating an overall more educated workforce  The problem with that is raising the standards does not automatically mean people meet the raised standard. For example, a few years ago California changed the High School graduation standard, statewide, to make passing Algebra I a mandatory requirement. While I have no problem with that being a graduation requirement, setting that standard does nothing to help the people who weren't passing Math A or Math B classes - yet the politicians treat it as though simply setting that higher standard will make everything better.  It won't, it will just mean that more children will fail to meet the standard. Long term, we need to raise the standards, but we need to figure out how to get more children meeting the current standard - or we'll never be able to meet a higher standard.</body>
    </post>
    <post id="SD_454_14352967" ref="SD_454_14350634">
      <post_score>1</post_score>
      <post_moderation>Informative</post_moderation>
      <user>Anonymous Coward</user>
      <date>1135775520</date>
      <body>The "No Child Left Behind Act" can and will never be implemented correctly in this nation. One of its main issues is the fact that it holds the teacher directly responsible for how the children do on "Standardized" tests. If you were a teacher and had the monetary future of your school on your back, not to mention the Principle, fellow teachers and parents what would you do? Teach to the test. Great, so we end up with a nation of students that know how to pass a single test and a bunch of teachers who know they can do better, but have to have the financial future of their school in mind. It needs to go.</body>
    </post>
    <post id="SD_454_14350640" ref="SD_454_14350540">
      <post_score>3</post_score>
      <post_moderation>Interesting</post_moderation>
      <user id="SD_669689">TubeSteak</user>
      <date>1135740120</date>
      <body>I guess.  Mostly it's that the original idea of patents has been corrupted.  I don't imagine that the original patent clerks envisioned companies whose sole business was patent litigation.</body>
    </post>
    <post id="SD_454_14350516" ref="SD_454_14350384">
      <post_score>-1</post_score>
      <post_moderation>Troll</post_moderation>
      <user>Anonymous Coward</user>
      <date>1135737180</date>
      <body>Gay Zionist Association of America:  Is that you?! I heard you control over 92% of American TV, Movies, Radio, Music, Newspapers!</body>
    </post>
    <post id="SD_454_14350928" ref="SD_454_14350628">
      <post_score>1</post_score>
      <user id="SD_941776">Seekerr_alt-tab</user>
      <date>1135747620</date>
      <body>Having been a nerd meself, I'd disagree with this. Most nerds act in the traditional nerdy antisocial way because they think it's expected of them. As soon as you realise that there's no need to hold up the nerd act, you cease to be a nerd. On the downside, you lose all your nerdy friends, and struggle to find anyone who can discuss quantum theory ;D It's not up to the schools. It's up to the nerds, to do well, and to ignore the stereotypes. But I still don't see what this has to do with legislation? So there might (might, I doubt it meself) be a technology dropoff...wat's this going to do about that, again? (nope, I didn't RTFA. this is SLASHDOT, after all!)</body>
    </post>
    <post id="SD_454_14374815" ref="SD_454_14355731">
      <post_score>2</post_score>
      <user id="SD_165446">Dyolf Knip</user>
      <date>1072961520</date>
      <body>Yeah, and their rationale, IIRC, was "Undoing the CTEA and releasing several decades of copyrighted work into the public would be too hard".</body>
    </post>
    <post id="SD_454_14351919" ref="SD_454_14350413">
      <post_score>0</post_score>
      <user>Anonymous Coward</user>
      <date>1135765740</date>
      <body>"specifically the internet, is great because it offers freedom"  This is exactly why they are cracking down on it, it scares the pants off people in power, government or otherwise.</body>
    </post>
    <post id="SD_454_14350768" ref="SD_454_14350487">
      <post_score>2</post_score>
      <post_moderation>Interesting</post_moderation>
      <user id="SD_941751">rob1980</user>
      <date>1135743000</date>
      <body>I do not see, however, what this has to do with technology related legislation...  Technology = application of science. Lose interest in science, and technology could suffer as a result.</body>
    </post>
    <post id="SD_454_14350927" ref="SD_454_14350855">
      <post_score>2</post_score>
      <user id="SD_881055">VincenzoRomano</user>
      <date>1135747620</date>
      <body>Nice! And with some hundreds thousands of targets, if not tens of millions, using wired and wireless phones, internet email and messages and even magazines ads all over the world, it cannot be done in a snap. IMHO, without some good hint and leak in they would have a very hard time to "recognize" anything!</body>
    </post>
    <post id="SD_454_14350524" ref="SD_454_14350470">
      <post_score>1</post_score>
      <user id="SD_929661">modmans2ndcoming</user>
      <date>1135737540</date>
      <body>yes, and lets also hope for world peace.</body>
    </post>
    <post id="SD_454_14356337" ref="SD_454_14350701">
      <post_score>2</post_score>
      <user id="SD_593551">Ohreally_factor</user>
      <date>1135814880</date>
      <body>No, I think the correct response of an elected representative of either party is "Your check just cleared, go ahead."</body>
    </post>
    <post id="SD_454_14350603" ref="SD_454_14350516">
      <post_score>-1</post_score>
      <post_moderation>Offtopic</post_moderation>
      <user>Anonymous Coward</user>
      <date>1135739340</date>
      <body>Spying on the US Security State. Countermeasures for US Citizens 12/27/2005 10:45  Is anyone really surprised that the USA now openly advocates torture, spying on its own citizens, or equates dissent with aiding and abetting the "brutal killers" as Bush describes them?  Whew! Life is imitating art. President Bush stars as Sgt. Bob Barnes, the maniacal soldier in Oliver Stone's Platoon, who proclaims that he "is reality". Vice President Cheney is Dr. Phibes as portrayed by Vincent Price in the movie classic, The Abominable Doctor Phibes. You want torture? Talk to Dr. Phibes. Secretary of Defense Rumsfeld brings to life Colonel Walt Kurtz, the rogue US Army soldier from Francis Ford Coppola's Apocalypse Now. American society is modeled on Starship Troopers' militarized society at war with the insects from another galaxy. A great scene in Troopers is a segment which shows children stamping out bugs with glee as the narrator says, "Support the war effort. Do your part to kill the bug!" Welcome to the USA.  Is anyone really surprised that the USA now openly advocates torture, spying on its own citizens, or equates dissent with aiding and abetting the "brutal killers" as Bush describes them? Ummm, should US homegrown serial killers be designated enemy combatants? Who could argue with a clear conscience that the US didn't have 911 coming. Civilians are innocent, the American fundamentalists say. Oh me, oh my, the victimized USA and so much innocence lost on that day. That sentimental dream went out the window long ago with the Allied bombing of Dresden in WWII and the fire-bombing and subsequent use of nuclear weapons against Japan. Add Rwanda and Darfur to that and, right at home, add decades of US government approved racial segregation, plus the US government's response to Katrina and, for that matter, 911. Useless commissions, staged congressional hearings, senseless senses of congress, a presidential press conference. All by formula, of course. What's the point? Nothing changes.  The USA is no victim or innocent bystander in the world's machinations. Each and every US citizen is responsible for the actions of its leaders--such as they are. If the American people want a militarized state, then so be it. Have some brass and go for it. If they want to torture, then they should have the guts to stick a knife in the throat of a living human being and watch'em gurgle and die. The NO TORTURE amendment of John McCain is a joke. The US government is a government by and for loopholes. It'll go on as long as the USA exists.  Of Mice and Evil Doers  Why limit the game to waterboarding or electric shock? Use the Spanish Inquisition era Mouse Trap. Put a bunch of mice into an open metal container and then secure it and them on the abdomen of the evil doer/dissenter. Slowly apply heat to the metal. Mice burrow when they can't run. Use your imagination. The "Land of the Free and the Home of the Brave." What nonsense! Special operators are brave, some journalists and citizens are brave, fire fighters and first responders are brave, but most Americans are from the Land of the Cowardly.  The overthrown regimes, the assassinations, the support for murderous regimes, silencing dissidents, eliminating politicians and sanctioning the use of torture and murder of civilians the world over is the standard mode of operations. The leaders of the USA work hard to ensure that they are not charged with war crimes or plain old violation of US law - such as it is. And the American people tolerate it. At the pace the USA is pissing off the rest of the world, expect more 911's.  We have to, in all seriousness, thank Bush and his crew for speaking bluntly about what has been known for so long by so few, but never really exposed. Yes, Americans, your leaders authorize torture, domestic spying, and are adept at creating threats that lead to wars. After all, it's good for business and anyway, how would "you", White Collar Proletariat, know what it takes to keep the gas pumps in operation or wha  Read the rest of this comment...</body>
    </post>
    <post id="SD_454_14350617" ref="SD_454_14350428">
      <post_score>3</post_score>
      <post_moderation>Interesting</post_moderation>
      <user>Anonymous Coward</user>
      <date>1135739640</date>
      <body>"...enforcing anticompetitive monopolies based on patents is, dare I say, socialistic and not at all capitalistic."  Please dare to say it! Say it to everone you meet, shout it from the rooftops! I keep saying this, and I want to use this chance to shout it louder again.  Patents are unique in being simultaneously anti-capitalist and anti-social. They screw business and they screw society equally. They are a very devious form af anti-progressive thought, skillfully sold as the exact opposite.  "What is to be gained from damping progress?" you may ask. Work that one out for yourselves.</body>
    </post>
    <post id="SD_454_14350855" ref="SD_454_14350563">
      <post_score>2</post_score>
      <post_moderation>Interesting</post_moderation>
      <user>Anonymous Coward</user>
      <date>1135745400</date>
      <body>On the second field there is little to do without leaking into organisations in order to grab ciphers. A simple message (email, IM, etc.) like "Let's meet at the usual pub for a couple of beers at 10" could mean everything, from a friends party to a terrorist action meeting. Who knows?  The NSA does, after having (without a warrant) examined your call-placing patterns for the last two years and recognizing that you don't go to the pub with this person regularly at all, or even talk to them. Of course, they also now know about Senator Jones' 20-something intern paramour, and Congressman Smith's crossdressing habit. So don't expect too much complaining out of the politicos about all this.</body>
    </post>
    <post id="SD_454_14353841" ref="SD_454_14353383">
      <post_score>2</post_score>
      <user id="SD_191772">mysidia</user>
      <date>1135784580</date>
      <body> Current patent law has a patent lasting for 20 years, this is fine, it's Copyright lifetimes that are the problem, with a "life of the author plus 50 years". Hm... life of the author is not a limited time. I don't know about you, but I plan to live forever. Plus 50 years is arguably not a limited time, because it's absurdly long. The U.S. has been around for what, 250 - 260 years? This policy will have copyright lasting for almost half the time this country has been existence, and with it likely to further be extended retroactively -- that is not a limited time by any means. Congress' ability to retroactively extend the copyright term (but not to retroactively reduce it, for fear of claims or retribution, like withdrawl of campaign funds by powerful rights holders), assures that the policy is not a limited time: it might turn out that the rights eventually expire, but it would be sure luck, by coincidence almost, for the term to not be extended. The constitution doesn't say for limited times... unless rights holders get lucky and convince a gullible congress to keep renewing the time period.. Limited time means limited time, and there must be a concrete, non-expandable, maximum limit for any one piece of work, decided at the time the right is first granted, otherwise.... this sharade of ever-extending copyright will never end.  </body>
    </post>
    <post id="SD_454_14350393">
      <post_score>-1</post_score>
      <post_moderation>Offtopic</post_moderation>
      <user>Anonymous Coward</user>
      <date>1135733580</date>
      <body>HELLO WORLD 53232 53232 HELLO WORLD 81097 81097 35688 35688 17037 17037 27055 27055 48152 48152 87450 87450 00729 00729 54317 54317 48599 48599 69622 69622 75797 75797 66350 66350 44092 44092 16726 16726 25368 25368 29531 29531 08646 08646 18368 18368 70595 70595 69437 69437 08052 08052 86041 86041 08744 08744 51833 51833 16470 16470 92811 92811 82873 82873 44438 44438 27312 27312 56953 56953 14904 14904 46194 46194 89132 89132 11437 11437 99038 99038 91650 91650 35802 35802 16646 16646 13121 13121 36624 36624 24031 24031 99432 99432 59991 59991 09070 09070 63777 63777 85845 85845 67993 67993 00617 00617 59492 59492 72336 72336 59078 59078 42632 42632 53511 53511 96456 96456 79804 79804 32798 32798 K-BYE</body>
    </post>
    <post id="SD_454_14353089" ref="SD_454_14351808">
      <post_score>2</post_score>
      <post_moderation>Interesting</post_moderation>
      <user id="SD_122480">Scarblac</user>
      <date>1135776780</date>
      <body> Sorry to go even further off topic, but this is one of those 'difference between the US and Europe' moments again. People seriously get wages paid in checks? I had no idea the word "paycheck" was literal. In Europe, there used to be "Eurocheques" for use in foreign countries, but they ceased to exist in 2002 (after all, ATMs work everywhere, can just pay cash in other countries). Bills are paid electronically, or, I guess, by sending a paper transfer order to your bank. Every two months I get a paper record of what went in and out on my accounts, I store them, but I don't think I'll use them ever again. Just interesting to see how different these Western countries can be. :-)  </body>
    </post>
    <post id="SD_454_14353211" ref="SD_454_14350477">
      <post_score>2</post_score>
      <user id="SD_106857">Daniel Dvorkin</user>
      <date>1135778040</date>
      <body>Of course, this is why politicians have staff. I don't expect my Senator or Representative to understand all the technical issues involved in, say proprietary software vs. F/OSS, or DRM vs. fair use; I do, however, expect him to have someone on his staff who does, and who can help filter out the lobbyists' bullshit from legitimate input. The problem, it seems to me, is the "revolving door" in which staff members and lobbyists are very often the same people, going from one position to another and -- inevitably -- carrying money and biases with them.</body>
    </post>
    <post id="SD_454_14350477">
      <post_score>5</post_score>
      <post_moderation>Insightful</post_moderation>
      <user id="SD_669689">TubeSteak</user>
      <date>1135735740</date>
      <body>Congress is (inevitably) stuffed with men and women who do not have the time to be fully informed about the subjects they are voting on.  This is why lobbyists get paid so much money.  Your avg Congress Critter gets a lot of their information from lobbyists, industry groups and various other organizations with an agenda.  Worse, sometimes the legislation put forward by Congress people is essentially a cut-n-paste job from 'model legislation' that the lobbyists like to give out.  Occassionaly, your representatives get called on their blatant plagarizing, but more often than not, it goes unnoticed because the 'model' legislation was never made public in the first place.  Nowadays, with MS Word documents and PDF being posted to your Congress person's website, we get the occassional meta-bomb revealing that the document was written up by some lobbyist.  /not anti-congress, just pointing out the negatives that come with lobbying  </body>
    </post>
    <post id="SD_454_14351969">
      <post_score>3</post_score>
      <post_moderation>Insightful</post_moderation>
      <user id="SD_39506">JackL</user>
      <date>1135766220</date>
      <body>It is interesting that Ars Technica didn't include legislation introduced to close the analog hole [slashdot.org] as some of the most important in 2005. I was worried that in the flurry of activity in congress before the winter recess that it might have passed. I did a little looking [google.com] but didn't find anything about it so I assume it did not pass... yet.</body>
    </post>
    <post id="SD_454_14350494" ref="SD_454_14350487">
      <post_score>5</post_score>
      <post_moderation>Insightful</post_moderation>
      <user id="SD_793348">jZnat</user>
      <date>1135736520</date>
      <body>Maybe if Congress stopped outlawing new technology all the time, people might actually want to try IT or CS more often. Right now there's patent minefields, outsourcing to incompetents in India, alleged DMCA-violations up the ass, and increasingly annoying companines like SCO trying to pick on the little guys just to name a few. It becomes more and more illegal to actually work in IT or CS, and they wonder why nobody wants to do it anymore...</body>
    </post>
    <post id="SD_454_14350701" ref="SD_454_14350402">
      <post_score>1</post_score>
      <post_moderation>Flamebait</post_moderation>
      <user id="SD_462549">shanen</user>
      <date>1135741740</date>
      <body>I think you're greatly overestimating the way they do things these days:  "I don't want to obey those laws, and you can't make me, you can't make me, you can't make me!" "But you promised!"   Hint: The second part is especially characteristic of your typical Democratic Congresscritter.</body>
    </post>
    <post id="SD_454_14356941" ref="SD_454_14354638">
      <post_score>2</post_score>
      <user id="SD_196118">pieterh</user>
      <date>1135824840</date>
      <body>Since I've been doing that with my own works for 20 years, yes, of course.</body>
    </post>
    <post id="SD_454_14362348" ref="SD_454_14350472">
      <post_score>0</post_score>
      <user>Anonymous Coward</user>
      <date>1135894380</date>
      <body> Your idea is a good one, but may I propose a slight change: Give it a month, two months, a year, etc. and see how many ways companies interpret the idea and how many different implementations of the idea expressed in the patent arise. If the idea is general (ie. "Hyperlinks", or this latest nuisance of a "Method of storing data remotely" BS), then there will undoubtedly be many implementations or ideas regarding the same general concept yet these implementations will be vastly different products or services. Better yet, lets establish a new government profession: IP researchers, most of whom are engineers and have degrees in CS, SE or IT. When a company wants to patent an idea, they perform the same two steps you just described. After the first step is complete, the job of these IP researchers is to transform the general idea submitted into a more concrete idea. If too many ideas arise from the same concept, then the concept is too general and needs to be refined before it is accepted by the patent office. If the researchers can't think of anything or they all come up with the same concrete idea, then the patent is not too general and is accepted. Maybe this country can get somewhere with that. -MB, SE student from RIT  </body>
    </post>
    <post id="SD_454_14355731" ref="SD_454_14353841">
      <post_score>1</post_score>
      <user id="SD_727027">tepples</user>
      <date>1135806840</date>
      <body> Limited time means limited time, and there must be a concrete, non-expandable, maximum limit for any one piece of work, decided at the time the right is first granted Most Supreme Court justices would disagree with you, telling you to go ask Congress.  </body>
    </post>
    <post id="SD_454_14350860" ref="SD_454_14350634">
      <post_score>3</post_score>
      <post_moderation>Insightful</post_moderation>
      <user id="SD_719028">Guuge</user>
      <date>1135745520</date>
      <body>If implemented correctly it raises school standards to a higher level, creating an overall more educated workforce, and thus a more educated, flexible, and innovative society in which innovation thrives, and where racial injustice, crime and other human misdeeds are at a minumum.  ...thus creating a nation that will never elect people like Mr. Bush. Come on, did you really expect it to be implemented correctly?</body>
    </post>
    <post id="SD_454_14354245" ref="SD_454_14354028">
      <post_score>2</post_score>
      <user id="SD_16811">CokeBear</user>
      <date>1135789020</date>
      <body>So is it time to create a new organization, with similar interests, with the expressed intent of lobbying congress?</body>
    </post>
    <post id="SD_454_14350630" ref="SD_454_14350517">
      <post_score>2</post_score>
      <post_moderation>Funny</post_moderation>
      <user id="SD_254216">Debiant</user>
      <date>1135739880</date>
      <body>I doubt it.  Becoming more cynical is in a direct relation to snabby, wise-ass replies you read that cynical Slashdot readers give to prove how seasoned and intelligent they are.  Like this one.</body>
    </post>
    <post id="SD_454_14350581" ref="SD_454_14350541">
      <post_score>2</post_score>
      <user id="SD_615965">nighty5</user>
      <date>1135738920</date>
      <body>whoops, thats a typo.  should be start caring less about greedy companies.  Good pick-up :)</body>
    </post>
    <post id="SD_454_14350402">
      <post_score>4</post_score>
      <post_moderation>Interesting</post_moderation>
      <user id="SD_666512">techno-vampire</user>
      <date>1135733820</date>
      <body>It's nice to know that congressmen are considering legislation to prevent ISPs from restricting third-party services and patent reform. It will be interesting to see what happens after the lobbyists get their hands on whatever bills get introduced.</body>
    </post>
    <post id="SD_454_14350470">
      <post_score>1</post_score>
      <user id="SD_632932">stastuffis</user>
      <date>1135735620</date>
      <body> With the heavy reliance upon such important technologies these days, many people (business elite, politicians, etc.) will have the opportunity to either help or hinder the consumers. However, the impact doesn't stop at the option of a few products here and there, but it directly hints towards our rights regarding privacy, ownership, and other things. Technology should be used to better the lives of the many instead of fill the pockets of the few.  </body>
    </post>
    <post id="SD_454_14351894" ref="SD_454_14350498">
      <post_score>0</post_score>
      <user>Anonymous Coward</user>
      <date>1135765500</date>
      <body>Where did you get this NSA BS? WHat proof do you have, and CNN (&amp; most liberal newspapers) doesn't count because they don't bother to research crazy left-wing story.</body>
    </post>
    <post id="SD_454_14351396" ref="SD_454_14351264">
      <post_score>0</post_score>
      <user>Anonymous Coward</user>
      <date>1135759560</date>
      <body>nitpicking a little - but if they used their dictionaries they would discover that socialism is not a synonim for communism</body>
    </post>
    <post id="SD_454_14351837" ref="SD_454_14351359">
      <post_score>1</post_score>
      <user id="SD_826127">Vampyre_Macavity</user>
      <date>1135764900</date>
      <body>I'd pledge $25 (not because I'm stingy, but because that's all I can afford right now).</body>
    </post>
    <post id="SD_454_14350539" ref="SD_454_14350423">
      <post_score>2</post_score>
      <post_moderation>Insightful</post_moderation>
      <user id="SD_598104">scgops</user>
      <date>1135738020</date>
      <body>Lovely.  Which is more likely, members of Congress understanding technological issues well enough to make rational, informed decisions and enact well-written legislation, or those same politicians going with whatever is pitched by the best funded set of lobbyists?  Call me crazy, but I can't picture a whole lot of Congressmen being technically literate enough to fully understand the issues described in the article. That's going to drastically limit their ability to predict the ramifications of the potential solutions.</body>
    </post>
    <post id="SD_454_14356407" ref="SD_454_14350971">
      <post_score>2</post_score>
      <user id="SD_593551">Ohreally_factor</user>
      <date>1135815900</date>
      <body>The Chekists already control the White House.</body>
    </post>
    <post id="SD_454_14350428">
      <post_score>5</post_score>
      <post_moderation>Insightful</post_moderation>
      <user id="SD_793348">jZnat</user>
      <date>1135734480</date>
      <body>According to TFA, it seems that this will basically be providing patent enforcement at a much quicker level. Of course, this could also lead to the realisation that patents are bullshit and enforcing anticompetitive monopolies based on patents is, dare I say, socialistic and not at all capitalistic.</body>
    </post>
    <post id="SD_454_14354028" ref="SD_454_14351359">
      <post_score>1</post_score>
      <user id="SD_594096">triffidsting</user>
      <date>1135786560</date>
      <body>If the EFF actively lobbies congress, I thought they would put their tax exempt status in jeopardy. Anyone know for sure?</body>
    </post>
    <post id="SD_454_14351355" ref="SD_454_14351336">
      <post_score>4</post_score>
      <post_moderation>Insightful</post_moderation>
      <user id="SD_163177">dada21</user>
      <date>1135758960</date>
      <body>I know the Constitution. I see two things in the Constitutional quote above that don't exist in the laws we have today covering patents, copyright and trademarks:  by securing for limited times  and  to authors and inventors  Patents are for authors and inventors. The fact that are sold away to lawyers and patent holding groups is outrageous. Limited times doesn't mean decades or lifetimes.</body>
    </post>
    <post id="SD_454_14350490">
      <post_score>3</post_score>
      <post_moderation>Informative</post_moderation>
      <user id="SD_254216">Debiant</user>
      <date>1135736280</date>
      <body>Jus think Skype. If big operators and telecoms have to say what can be done without any rescrictions, soon there will be no Voip, except what they want to offer.  After all the operators are the bridges which connect customers to other bridges that form the internet. Do we want to allow some troll to block our way and tell how and which way we can walk in the bridge?  I don't, but if nothing is done, that's where it will end. Because even operators have to make a buck, and that's the easiest way. And they have a point that when they say they've put money to infastructure that others use, unfortunately.</body>
    </post>
    <post id="SD_454_14350384">
      <post_score>-1</post_score>
      <post_moderation>Flamebait</post_moderation>
      <user>Anonymous Coward</user>
      <date>1135733400</date>
      <body>GNAA Announces Corporate Downsizing and Administrative Reformation Misha Borovsky (GNAP) - Hollywood - GNAA President timecop announced at a press conference this morning that the Gay Nigger Association of America is in the midst of a large effort to reduce operating costs and streamline business processes. "Layoffs of approximately fifty percent of the gay workforce are to be expected, as well as a shifting in administrative functions," timecop was quoted as saying. Analysts predict this corporate downsizing was made necessary due to over-investment into the New Orleans area, when it was announced last year that the GNAA would be opening a state-of-the-art branch office on the coast. The building was nearing completion and just opening for business when it was destroyed by hurricane Katrina, which has been recently found to be the responsibility of Jews. As George W. Bush is noted for not caring about black people, FEMA has refused to pay for the repairs, and the project was scrapped. "We are also making internal changes to the corporate information technology intranet," said supers, CTO for GNAA Worldwide Operations. "Many of our information moving processes were running on the Lunix platform, and this was generating large costs due to system slowness and instability. After a careful usability study, we have found that we will be saving millions of dollars [USD] per year by switching to the Microsoft Windows 2003 Server System". timecop ended the conference by announcing, "We'll always be there for the gay niggers of the world. With this restructuring of the organization, we are enabled to offer twice the service for a fraction of the cost. It's a new gay universe ahead."   About GNAA: GNAA (GAY NIGGER ASSOCIATION OF AMERICA) is the first organization which gathers GAY NIGGERS from all over America and abroad for one common goal - being GAY NIGGERS.  Are you GAY [klerck.org]? Are you a NIGGER [mugshots.org]? Are you a GAY NIGGER [gay-sex-access.com]?  If you answered "Yes" to all of the above questions, then GNAA (GAY NIGGER ASSOCIATION OF AMERICA) might be exactly what you've been looking for! Join GNAA (GAY NIGGER ASSOCIATION OF AMERICA) today, and enjoy all the benefits of being a full-time GNAA member. GNAA (GAY NIGGER ASSOCIATION OF AMERICA) is the fastest-growing GAY NIGGER community with THOUSANDS of members all over United States of America and the World! You, too, can be a part of GNAA if you join today!  Why not? It's quick and easy - only 3 simple steps!  First, you have to obtain a copy of GAYNIGGERS FROM OUTER SPACE THE MOVIE [imdb.com] and watch it. You can download the movie [idge.net] (~130mb) using BitTorrent. Second, you need to succeed in posting a GNAA First Post [wikipedia.org] on slashdot.org [slashdot.org], a popular "news for trolls" website. Third, you need to join the official GNAA irc channel #GNAA on irc.gnaa.us, and apply for membership.  Talk to one of the ops or any of the other members in the channel to sign up today! Upon submitting your application, you will be required to submit links to your successful First Post, and you will be tested on your knowledge of GAYNIGGERS FROM OUTER SPACE.  If you are having trouble locating #GNAA, the official GAY NIGGER ASSOCIATION OF AMERICA irc channel, you might be on a wrong irc network. The correct network is NiggerNET, and  Read the rest of this comment...</body>
    </post>
    <post id="SD_454_14351545">
      <post_score>0</post_score>
      <user>Anonymous Coward</user>
      <date>1135761720</date>
      <body>I think something like "2006's misadventures of the idiot politicians and their clueless quest to do something about technology they can't understand but think they're qualified to regulate anyway" would be appropriate.</body>
    </post>
    <post id="SD_454_14356386" ref="SD_454_14352332">
      <post_score>2</post_score>
      <user id="SD_593551">Ohreally_factor</user>
      <date>1135815660</date>
      <body>You might have a point, but I don't think it even got that far. The No Child Left Behind Act is failing because it was completely under-funded. Compassionate Conservatism and $1.85 will get you a Grande cup of Starbucks.</body>
    </post>
    <post id="SD_454_14355343" ref="SD_454_14353089">
      <post_score>3</post_score>
      <post_moderation>Funny</post_moderation>
      <user id="SD_919543">kimvette</user>
      <date>1135802220</date>
      <body>{ or, I guess, by sending a paper transfer order to your bank. }  Right. A check.</body>
    </post>
    <post id="SD_454_14350634">
      <post_score>3</post_score>
      <post_moderation>Insightful</post_moderation>
      <user id="SD_857917">mixenmaxen</user>
      <date>1135739940</date>
      <body>"No doubt President Bush's well meaning but misguided No Child Left Behind Act is partly to blame as well. As the son of a science teacher, I regularly hear about how government emphasis on unrealistic academic standards incapacitates effective science education. And as a victim of the public school system myself, I am painfully aware of how it impedes learning"  Although not a regular supporter of mr. Bush, I am supportive of his "no child left behind" act. If implemented correctly it raises school standards to a higher level, creating an overall more educated workforce, and thus a more educated, flexible, and innovative society in which innovation thrives, and where racial injustice, crime and other human misdeeds are at a minumum. Coming from Denmark, a country that has carried this policy for many years, I think that I am justified in saying that I know what the implications of this policy are. The current good example, of course, being Skype - Started by a Dane and a Swede. Furthermore, there is the upside of not having outrageous public discussions about whether ID should be accepted into classrooms as science, a subject Danes spend many a cold winternight joking about, and of course being scared shitless that the worlds only superpower is at an educational level where the public can be made to believe this nonsense...</body>
    </post>
    <post id="SD_454_14352960" ref="SD_454_14351264">
      <post_score>0</post_score>
      <user>Anonymous Coward</user>
      <date>1135775460</date>
      <body> Why not require them to pass a standardized test on the subject of the constitution? Then expand that to any general area the legislator intends to make a decision relating to -- I.E., before any legislator would be allowed to participate in a vote on a matter directly related to the internet or telecommunications, they would have to pass a 30-question test to obtain a 'Certified Technology Sector Legislator' credential, another test to obtain a 'Computer Technology Legislator Credential', and a 50-question multiple choice test to obtain a 'Certified Internet Politician' credential. The content would have to be developed by a neutral party, not some technology vendor, and provide a solid benchmark against the base level of knowledge someone needs to have in order to claim they understand the implications for individuals, hobbyists/geeks, industry, competition, consumer choice, and value.  </body>
    </post>
    <post id="SD_454_14350541" ref="SD_454_14350517">
      <post_score>1</post_score>
      <user id="SD_246685">Corfe</user>
      <date>1135738020</date>
      <body>  and stop caring less about greedy companies   Yeah, I agree, and... wait a minute, whose side are you on?</body>
    </post>
    <post id="SD_454_14350552" ref="SD_454_14350494">
      <post_score>3</post_score>
      <post_moderation>Insightful</post_moderation>
      <user id="SD_934156">Gravis Zero</user>
      <date>1135738140</date>
      <body>i was about to say some of that. it's like asking why "youngster" arent interested in building a bicycle when you cannot use gears, interchangable parts, any type of welding device, and adding handlebars is illegal. it's also close to someone pointing a gun at you and saying, "feel free to do anything you want on this computer... just dont make me unhappy" which is quite a nebulous assertion. hmm... patent minefields... sounds like we need some of those rats [slashdot.org].</body>
    </post>
    <post id="SD_454_14350540" ref="SD_454_14350477">
      <post_score>1</post_score>
      <post_moderation>Interesting</post_moderation>
      <user>Anonymous Coward</user>
      <date>1135738020</date>
      <body>So in a way, the overall idea of a patent system isn't the problem but rather the process by which the physical patent system of today is being modified?  -- Thats Logic.</body>
    </post>
  </posts>
</thread>
