<?xml version="1.0" encoding="iso-8859-1"?>
<!-- this file has been obtained by crawling internet sites by
Fundacio Barcelona Media please, access this site:
caw2.barcelonamedia.org to read the terms and conditions of use
 -->
<thread id="SD_392_197228">
  <subdomain>games</subdomain>
  <title>Jack Thompson Calls The Feds On PA</title>
  <admin>Zonk</admin>
  <user>Gamespot is reporting that Jack has taken his beef to the Feds regarding the dangerous pixelantes over at Penny Arcade. From the article: "In a letter addressed to John McKay, US Attorney for the Western District of Washington, and sent to media outlets, Thompson this morning said the site was using a variety of means 'to encourage and solicit criminal harassment' of him. Thomspon wrote to McKay, 'Please help me if you can,' but did not include specific actions he wished to have taken against the site. McKay's office prosecutes cases investigated by several law enforcement agencies in Western Washington, including the FBI." PvP is also running a parody indicating that Jack has appealed to the Justice League for assistance with Gabe and Tych</user>
  <date>1129988640</date>
  <topics>
    <main>It's funny. Laugh.</main>
    <secondary>Games</secondary>
    <secondary>Politics</secondary>
  </topics>
  <body>ot is reporting that Jack has taken his beef to the Feds regarding the dangerous pixelantes over at Penny Arcade. From the article: "In a letter addressed to John McKay, US Attorney for the Western District of Washington, and sent to media outlets, Thompson this morning said the site was using a variety of means 'to encourage and solicit criminal harassment' of him. Thomspon wrote to McKay, 'Please help me if you can,' but did not include specific actions he wished to have taken against the site. McKay's office prosecutes cases investigated by several law enforcement agencies in Western Washington, including the FBI." PvP is also running a parody indicating that Jack has appealed to the Justice League for assistance with Gabe and Tycho.</body>
  <posts>
    <post id="SD_392_13853826" ref="SD_392_13853653">
      <post_score>1</post_score>
      <post_moderation>Insightful</post_moderation>
      <user>Anonymous Coward</user>
      <date>1129991760</date>
      <body>Maybe they aren't juvenile enough to be making jokes about rape. Rape isn't funny.  (Unless you're raping a clown).</body>
    </post>
    <post id="SD_392_13856463" ref="SD_392_13853826">
      <post_score>1</post_score>
      <user id="SD_768281">SPY_jmr1</user>
      <date>1130030640</date>
      <body>&lt;carlin> Imagine: Porky Pig, raping Elmer Fudd. Why do you think they call him "Porky", eh? &lt;/carlin></body>
    </post>
    <post id="SD_392_13854602" ref="SD_392_13853822">
      <post_score>2</post_score>
      <user id="SD_322502">Yorrike</user>
      <date>1130003340</date>
      <body>Because his real name is John Thompson. Jack is a nickname for anyone called John.</body>
    </post>
    <post id="SD_392_13858202">
      <post_score>2</post_score>
      <post_moderation>Interesting</post_moderation>
      <user id="SD_816416">diseasesofseamen</user>
      <date>1130063460</date>
      <body>Jack is what the Greeks called a sykophant - someone who starts suits for profit - an activity regarded at the time on par with child molestation. I think they had it roughly right.</body>
    </post>
    <post id="SD_392_13853785">
      <post_score>5</post_score>
      <post_moderation>Interesting</post_moderation>
      <user id="SD_82978">Kaenneth</user>
      <date>1129991280</date>
      <body>http://www.law.stetson.edu/excellence/litethics/fl bar.htm [stetson.edu]  The Florida Bar Ideals and Goals of Professionalism These aspirational guidelines for lawyers were adopted by the Board of Governors of the Florida Bar on May 16, 1990.  "A lawyer's word should be his or her bond. The lawyer should not knowingly misstate, distort, or improperly exaggerate any fact or opinion and should not improperly permit the lawyer's silence or inaction to mislead anyone."  http://www.jud10.org/WillsonInn/Florida%20Bar%20an d%20Inn%20of%20Court%20Creeds.pdf [jud10.org]  Florida Bar Creed Of Professionalism  "I will not knowingly misstate, distort, or improperly exaggerate any fact or opinion and will not improperly permit my silence or inaction to mislead anyone."  </body>
    </post>
    <post id="SD_392_13853846" ref="SD_392_13853827">
      <post_score>5</post_score>
      <post_moderation>Interesting</post_moderation>
      <user id="SD_189793">the_skywise</user>
      <date>1129992060</date>
      <body>He's not even trying to shove morality down the throats of gamers... He's in it for the money and that's all the morality he needs.</body>
    </post>
    <post id="SD_392_13854646">
      <post_score>2</post_score>
      <post_moderation>Informative</post_moderation>
      <user>Anonymous Coward</user>
      <date>1130003880</date>
      <body>Even the people who agree with Jack hate to admit it. [pointlesswasteoftime.com]  This kind of reinforces what the PA guys said about how we won't really be in trouble until an activist comes along who's not so crazy and shrill.  Then again, Jack seems to be finding his audience just fine.</body>
    </post>
    <post id="SD_392_13853834">
      <post_score>1</post_score>
      <user id="SD_688931">dbhankins</user>
      <date>1129991880</date>
      <body>No, he's not. I think he's stupider.  Yes, it's a word. I looked it up.</body>
    </post>
    <post id="SD_392_13860748" ref="SD_392_13854626">
      <post_score>2</post_score>
      <user id="SD_94562">xTown</user>
      <date>1130094300</date>
      <body>Shucks :( I was hoping for excellent cosmic propinquity.</body>
    </post>
    <post id="SD_392_13856905" ref="SD_392_13854552">
      <post_score>3</post_score>
      <post_moderation>Funny</post_moderation>
      <user id="SD_227354">Crash Culligan</user>
      <date>1130040660</date>
      <body>  He's got the shittiest pair of rose-colored-glasses I've ever seen.  Obviously, they must instead be manure-tinted glasses. They make everyone and everything look like fertile ground for lawsuits.  </body>
    </post>
    <post id="SD_392_13853687" ref="SD_392_13853656">
      <post_score>5</post_score>
      <post_moderation>Insightful</post_moderation>
      <user id="SD_12001">elmegil</user>
      <date>1129990020</date>
      <body>Out of the blue? What are you smoking? He's been painting a huge gamer-target on his head for quite a while now, and didn't need PA to point to the target either. I'm sure he was getting harassment from gamers for his idiocy well before PA started in on this round. That doesn't mean that the harassment is "OK" it just means that 1) it isn't Gabe &amp; Tycho's creation and 2) he has lowered protections against speech anyway given that he's made himself a public figure.  </body>
    </post>
    <post id="SD_392_13853661">
      <post_score>5</post_score>
      <post_moderation>Funny</post_moderation>
      <user id="SD_683506">heinousjay</user>
      <date>1129989660</date>
      <body>"Penny Arcade, by means I choose not to specify because that would be really dumb to do right now, given what will be distribution of this information, have intentionally orchestrated death threats and other harassment toward me. I'll provide the proof, some of which these folks don't know I have, to the charging authorities. That's as specific as I want to be given to whom I am ulimately[sic] speaking. I'm not as dumb as I look."  Jack Thompson rules</body>
    </post>
    <post id="SD_392_13853604">
      <post_score>0</post_score>
      <user>Anonymous Coward</user>
      <date>1129988820</date>
      <body>www.pvponline.com hot-linking is evil, mkay?</body>
    </post>
    <post id="SD_392_13853749" ref="SD_392_13853604">
      <post_score>0</post_score>
      <user>Anonymous Coward</user>
      <date>1129990800</date>
      <body>Piss off. It's the Internet, and people who don't want their "precious" content linked would do well to pay for their own distribution mechanism.</body>
    </post>
    <post id="SD_392_13856102" ref="SD_392_13853785">
      <post_score>2</post_score>
      <user id="SD_614729">geminidomino</user>
      <date>1130023380</date>
      <body>"Ethics" from a Bar association?  Dude, don't be stupid. It's SATIRE! [slashdot.org]</body>
    </post>
    <post id="SD_392_13854096" ref="SD_392_13853656">
      <post_score>2</post_score>
      <post_moderation>Interesting</post_moderation>
      <user>Anonymous Coward</user>
      <date>1129995420</date>
      <body>  You also have people on the forum making baseless complaints and sending death threats!   Death threats, you say? Read this: http://gc.advancedmn.com/article.php?artid=5883 [advancedmn.com]  If Thompson really believes that games create killers (and I want you to think about that), then that game proposal is basically Thompson putting a $10,000 bounty on Paul Eibeler's head (and his family, and Wal-mart cashiers, etc etc).  Because, by his theory, children and teens who play his game are impressionable enough that someone will inevitably go out and re-enact the events he describes. And you can say turnabout is fair play, but if Thompson's campaign is really about protecting minors, then isn't this proposal a step in the wrong direction?</body>
    </post>
    <post id="SD_392_13857184">
      <post_score>1</post_score>
      <post_moderation>Insightful</post_moderation>
      <user>Anonymous Coward</user>
      <date>1130047020</date>
      <body>Self-righteous web comics and their self-righteous video game playing readers are the best. I can't get enough of all the bullshit I see here, that wouldn't convince anybody who isn't also a nerdy self-righteous video-game player.</body>
    </post>
    <post id="SD_392_13853916" ref="SD_392_13853822">
      <post_score>0</post_score>
      <user id="SD_814282">Stoopid-Guy0</user>
      <date>1129992900</date>
      <body>Jack is a nickname for John.</body>
    </post>
    <post id="SD_392_13853864" ref="SD_392_13853744">
      <post_score>1</post_score>
      <user id="SD_860241">VJ42</user>
      <date>1129992240</date>
      <body>I just read that letter you linked to, is he really saying that he'll sue his own bar association if they take action against him due to complaints from the public (which, surely is what a bar association is meant to do)? WTF?  Whenever I think our lawers are crazy here in the UK, you Americans always find one to go one better (or worse as the cae may be) As Shakespeare said in Henry VI "The first thing we do, let's kill all the lawyers". I suppose Jack will now try and sue Shakespeare for incitement to violence.</body>
    </post>
    <post id="SD_392_13854508" ref="SD_392_13853826">
      <post_score>5</post_score>
      <post_moderation>Funny</post_moderation>
      <user id="SD_464768">Schemat1c</user>
      <date>1130001660</date>
      <body>Rape isn't funny.  Lamarr: Qualifications? Outlaw: Rape, murder, arson and rape. Lamarr: You said rape twice. Outlaw: I like rape.  </body>
    </post>
    <post id="SD_392_13855201" ref="SD_392_13853677">
      <post_score>4</post_score>
      <post_moderation>Interesting</post_moderation>
      <user id="SD_266129">Sigma 7</user>
      <date>1130010000</date>
      <body>  Seriously, has this guy ever heard of the first amendment?    He has - and he used it in response to the inquery from the Florida Bar Association.  But in any case, I took a look at how his reply was written - it contained no soild arguments. While there is circumstancial, indirect, and/or vague claims, they are things that can be countered by a layman.  He also seems to claim that anti-SLAPP lawsuits are unconstitutional from the same letter, but that could be the highly ambigious interpretation speaking. Overall, it's nothing to worry about but something that can't be ignored right now.</body>
    </post>
    <post id="SD_392_13858442" ref="SD_392_13853785">
      <post_score>2</post_score>
      <user id="SD_22457">Surt</user>
      <date>1130066760</date>
      <body>I think Jack Thompson would agree that he has been behaving most ethically according to these guidelines. Note that he has never, to his knowledge, misstated distorted or exaggerated any facts, and I think we'd all have to agree that he has not been silent or inactive in this whole process.</body>
    </post>
    <post id="SD_392_13853914">
      <post_score>1</post_score>
      <user id="SD_916366">Aenema</user>
      <date>1129992900</date>
      <body>Are we talking about the Fruit Fucker?</body>
    </post>
    <post id="SD_392_13853720">
      <post_score>3</post_score>
      <post_moderation>Interesting</post_moderation>
      <user id="SD_665390">Saeed al-Sahaf</user>
      <date>1129990380</date>
      <body>Desperate actions of a desperate man trying desperately to stay "relevant" and in the public eye. People, it's nothing more than self promotion, and the US Attorney probably gets a shitload of wacky letters like Jacks, and has better things to do than spend much time on them. It's a publicity stunt, folks. Best thing to do? Ignore both it and Jack-O.</body>
    </post>
    <post id="SD_392_13855844" ref="SD_392_13855201">
      <post_score>0</post_score>
      <user>Anonymous Coward</user>
      <date>1130019720</date>
      <body>Speaking of lawsuits, hunting around google for the various laws for my own state, I came across A list of all states' legal codes [buffalo.edu]. Looking at the legal definition of libel and slander (and defamation in general) there is nothing that says that the defamation must target a specific person.  Does anyone know of any case law regarding general defamation, such as stating that all gamers are idiots, etc? Surely something must have come up from various racist statements.</body>
    </post>
    <post id="SD_392_13854112">
      <post_score>4</post_score>
      <post_moderation>Funny</post_moderation>
      <user id="SD_867033">nmaster64</user>
      <date>1129995780</date>
      <body>"I'm not as dumb as I look." -Jack Thompson Well, at least he admits that he looks dumb. Although, in the pictures I've seen, it looks more like he's stoned...  My Anti-Jack-Thompson Door [photobucket.com] ( Door Comic Closeup [photobucket.com] ) Thanks to Ctrl-Alt-Del for that excellent comic.  </body>
    </post>
    <post id="SD_392_13853628">
      <post_score>2</post_score>
      <user id="SD_661405">dtfinch</user>
      <date>1129989180</date>
      <body>The "I Hate Jack Thompson" T-Shirts at ThinkGeek are out of stock, expected to be available again on Octover 26th. For a higher shipping price you should still be able to get one in time for Halloween though.</body>
    </post>
    <post id="SD_392_13855143" ref="SD_392_13854650">
      <post_score>2</post_score>
      <user id="SD_22275">karnal</user>
      <date>1130009040</date>
      <body>*whoosh!*</body>
    </post>
    <post id="SD_392_13854158" ref="SD_392_13853720">
      <post_score>5</post_score>
      <post_moderation>Insightful</post_moderation>
      <user id="SD_2657">Elrond, Duke of URL</user>
      <date>1129996620</date>
      <body> Ignoring him is definitely not the best thing to do here. As the PA guys mentioned recently, we can't afford to ignore Thompson because *other* people will still listen to him. Just a few days ago Thompson was on CNN. He has name recognition and so he can easily get into the media's spotlight. Once there he can spout off about whatever he feels like. If nobody pushes back, he wins by default.  </body>
    </post>
    <post id="SD_392_13864456" ref="SD_392_13859332">
      <post_score>0</post_score>
      <user>Anonymous Coward</user>
      <date>1130148480</date>
      <body>Oh I see, consensual child sex.</body>
    </post>
    <post id="SD_392_13853750">
      <post_score>0</post_score>
      <post_moderation>Redundant</post_moderation>
      <user id="SD_573697">hackwrench</user>
      <date>1129990800</date>
      <body>I hear that he'd be better off with a millstone around his neck and cast into the sea than his current fate.</body>
    </post>
    <post id="SD_392_13858836" ref="SD_392_13858202">
      <post_score>1</post_score>
      <user id="SD_409504">damiam</user>
      <date>1130072520</date>
      <body>Not that the Greeks had much of a problem with child molestation [glbtq.com].</body>
    </post>
    <post id="SD_392_13855208" ref="SD_392_13853824">
      <post_score>0</post_score>
      <user>Anonymous Coward</user>
      <date>1130010120</date>
      <body>   Either way, he's a lawyer. He's supposed to be held to a higher moral standard.   That message must have come accidentally from a parallel universe where everything is exactly like in this universe except that lawyers are not total scum and are held to a higher moral standard.  </body>
    </post>
    <post id="SD_392_13853770" ref="SD_392_13853604">
      <post_score>0</post_score>
      <user>Anonymous Coward</user>
      <date>1129991040</date>
      <body> So is not providing a permalink. If Slashdot linked to the root of that website, the link wouldn't be pointing to the right place tomorrow.  </body>
    </post>
    <post id="SD_392_13854675" ref="SD_392_13853656">
      <post_score>0</post_score>
      <user>Anonymous Coward</user>
      <date>1130004060</date>
      <body>You also have people on the forum making baseless complaints and sending death threats!  Death threats? Obviously Jack Thompson doesn't understand satire when he sees it. Idiot. [/sarcasm]</body>
    </post>
    <post id="SD_392_13853862" ref="SD_392_13853822">
      <post_score>1</post_score>
      <user id="SD_836247">schwal</user>
      <date>1129992240</date>
      <body>because he did on THe real letter [penny-arcade.com]</body>
    </post>
    <post id="SD_392_13854566">
      <post_score>1</post_score>
      <user id="SD_841057">MarauderIIC</user>
      <date>1130002800</date>
      <body>He hadn't made me laugh at him yet. But he did now. I'm pretty sure I'm not alone in this, either. I eagerly await to see how much more rediculous he can get.  I also hope this particular crusade manages to get him shot down.</body>
    </post>
    <post id="SD_392_13853698" ref="SD_392_13853656">
      <post_score>2</post_score>
      <user id="SD_689221">bersl2</user>
      <date>1129990140</date>
      <body>He made himself into a public figure by starting his little crusade. If he can't handle the heat, maybe he should get out of the kitchen.  He had the option of speaking out anonymously, but he chose not to.</body>
    </post>
    <post id="SD_392_13853677" ref="SD_392_13853628">
      <post_score>5</post_score>
      <post_moderation>Interesting</post_moderation>
      <user id="SD_755823">Suburbanpride</user>
      <date>1129989900</date>
      <body>I would be careful buying one. My local police department might get a fax accusing me of criminal harassment. Seriously, has this guy ever heard of the first amendment? how about New York Times vs Sulivan? [northwestern.edu]. Mr. Thompson is a public figure and therefore a valid target of criticism. Penny arcade has done nothing except to post the messages the Jack has sent. people making death threats could be prosucted. but PA is protected under the law.  </body>
    </post>
    <post id="SD_392_13853824" ref="SD_392_13853656">
      <post_score>5</post_score>
      <post_moderation>Insightful</post_moderation>
      <user id="SD_325138">cgenman</user>
      <date>1129991700</date>
      <body>Let's not forget that Thompson does this for profit, a hell of a lot more than the Penny Arcade guys get. Thompson has orchistrated multiple lawsuits and class-action suits against the industry over the years, and has profitedly handsomly from it. Thompson inhabits a space that attempts to restrict expression for personal profit. That's a lot more tenuous than the position of Penny Arcade where they express themselves and get paid for it.  Thompson is very relevant to Penny Arcade. They've sold "I hate Jack Thompson" t-shirts for years. He claims that Electronic Arts sells pornography via Sims2 to children and that videogames caused Columbine. Penny Arcade is a webcomic about videogame culture. Thompson is a part of that culture. There is a clear connection there, and a clear reason for Penny Arcade to e-mail this very public figure.  He then called them. On the phone. In meatspace. Of his own volition. Which of course they post about, as Penny Arcade is a blog that posts about videogame relevant experiences these two people have. That's what they do. And having tons of readers, some respond by making baseless threats. That's the nature of the modern instantaneous communication and not at all PA's fault. If you haven't had at least one nut job claim you're going to be staring down the end of a 357, you're not trying hard enough.  And Thompson did a lot to fan the flames. Like pretending to contact the police, when in fact he was faxing everyone but them. And now the feds. Oh, and the whole open challenge to the video game industry PR stunt followed by "my promise to donate to charity was a farce." And he happened to be in the news anyway, what with the National Institute on Media and the Family distancing [gamesindustry.biz] itself from him.  Not to put it too bluntly, but Penny Arcade has raised over 1/2 million dollars for toys for children's hospitals. Jack Thompson just copped out on making a promised 10,000 dollar donation to charity. That's basically what they said to him, and it's true.  Either way, he's a lawyer. He's supposed to be held to a higher moral standard. He's not supposed to make baseless threats, scream obscenities at media people, or mislead about legal actions he's pursuing.  On the other hand, the Penny Arcade blog, the modern equivalent of a morning radio show, has been posting inflammatory things like:  Jack is not special. He is not a unique snow flake as they say. He is just the latest vocal opponent of whatever is "corrupting" our youth at the moment. When my dad was growing up it was rock and roll devil music. Then it was comic books then movies and rap music. Today its videogames. If we were to succeed in getting Jack blacklisted from the major news outlets someone else would simply take his place. Imagine him as an actor playing a part in a play. The point is that Jack Thompson is not important. If he were to be fired a new actor would simply take up the role. The same lines would still be delivered in the same way and the same audience would pay to see it. We are actually fortunate that the current actor is so impotent in his role. Imagine what might happen if some charming, efficacious attorney took his place. The more I consider it the more I think we may be lucky to have Jack playing the part of the alarmist. The alternative might be someone who is actually capable.  That's major inducement to harass right there.</body>
    </post>
    <post id="SD_392_13862274" ref="SD_392_13853827">
      <post_score>0</post_score>
      <post_moderation>Troll</post_moderation>
      <user id="SD_913085">Hitto</user>
      <date>1130123220</date>
      <body>Age for truth, LoL.</body>
    </post>
    <post id="SD_392_13858005">
      <post_score>5</post_score>
      <post_moderation>Funny</post_moderation>
      <user id="SD_651121">SharpFang</user>
      <date>1130061060</date>
      <body>Past topics: Thompson threatens PA with lawsuit. Thompson complains to Police against PA. Now: Thompson Calls The Feds On PA Next on Slashdot: Thompson sends in the Navy against PA. Thompson demands ONZ to take steps against PA. Thompson wants the Pope to excomunicate PA.  I wonder when he decides to use the nukes.</body>
    </post>
    <post id="SD_392_13861350" ref="SD_392_13857692">
      <post_score>0</post_score>
      <user>Anonymous Coward</user>
      <date>1130103240</date>
      <body>So? He can't exercise a little freedom to censor something for his own self? (Assuming he has permission to redistrute the image in the first place...)</body>
    </post>
    <post id="SD_392_13864869" ref="SD_392_13857692">
      <post_score>1</post_score>
      <user id="SD_867033">nmaster64</user>
      <date>1130151540</date>
      <body>Oh, that's just 'cause of on-campus housing. I just didn't feel like dealing with some idiot complaining and having the housing rep yell at me. It's not worth the fight... But, yeah, you have a point...  </body>
    </post>
    <post id="SD_392_13865910" ref="SD_392_13854602">
      <post_score>2</post_score>
      <user id="SD_234440">Ryosen</user>
      <date>1130159760</date>
      <body>Jack is a nickname for anyone called John.  Much in the same way that "Dick" is a nickname for anyone named "Richard" or "Jack Thompson"</body>
    </post>
    <post id="SD_392_13854650">
      <post_score>1</post_score>
      <user id="SD_827141">gameboyhippo</user>
      <date>1130003880</date>
      <body>Okay, I know you guys don't want to believe this and thus I will get flamed, but is it possible that someone is sending emails on Jack Thompson's behalf? Think about it? He is often "writing" these unprofessional emails and letters and then forgetting about it. The top of his letter said John Thompson, not Jack Thompson. Is it possible that someone else is starting these arguments? If so then a lot of this crap makes senes. Thompson is then not the mindless idiot we all think he is. Why would an attorney be so forgetful? It just doesn't make sense unless someone is writing email for him. It doesn't take much to create an email that looks like it comes from somewhere else.</body>
    </post>
    <post id="SD_392_13853861">
      <post_score>2</post_score>
      <post_moderation>Funny</post_moderation>
      <user id="SD_783573">T_ConX</user>
      <date>1129992240</date>
      <body>OH!!!!! Who's dumb as a rock and crazy as fuck! Jack-Ass-Thomp-son! Mature as a chimp and out of luck! Jack-Ass-Thomp-son! When cartoonists donated to charity... Jack-Ass-Thomp-Son! He asked them arrested, by the Seattle PD! Jack-Ass-Thomp-Son! OH! Jack-Ass-Thomp-Son, Jack-Ass-Thomp-Son! JACK-ASS-THOMP-SON!!!!</body>
    </post>
    <post id="SD_392_13868337" ref="SD_392_13863591">
      <post_score>0</post_score>
      <user id="SD_811874">cmotd</user>
      <date>1130181660</date>
      <body>Hmm, this "news" is over a week old, slashdot is going to the dogs man. This is crap</body>
    </post>
    <post id="SD_392_13853889" ref="SD_392_13853744">
      <post_score>2</post_score>
      <user id="SD_12001">elmegil</user>
      <date>1129992480</date>
      <body>An outfit in Seattle called "Think Geek" is marketing a t-shirt emblazoned across the front of which are the words "I Hate Jack Thompson." That kind of tells us where they are on the subject of me. The parent company is an outfit called Penny Arcade. No kidding. So PA owns Think Geek? Yeah, right.  </body>
    </post>
    <post id="SD_392_13853827" ref="SD_392_13853656">
      <post_score>4</post_score>
      <post_moderation>Insightful</post_moderation>
      <user id="SD_34905">iCEBaLM</user>
      <date>1129991760</date>
      <body>Jack might be a right wing nut job but he does have a point about Penny Arcade. He was doing an independent campaign that had nothing to do with them, then they took it on themselves to e-mail him.  Yeah, I suppose a guy trying to shove his morality down the collective throats of gamers has absolutely nothing to do with gamers.  Thanks, you fail at life.</body>
    </post>
    <post id="SD_392_13853653">
      <post_score>0</post_score>
      <post_moderation>Redundant</post_moderation>
      <user id="SD_308944">zamboni1138</user>
      <date>1129989540</date>
      <body>If Gabe, err Juan, thought [penny-arcade.com] that the Seattle lockup was going to be bad I can't imagine the nightmares he is going to have over Federal Pound-Me-in-the-Ass prison.  Can't wait to see the comic on this one.</body>
    </post>
    <post id="SD_392_13856917">
      <post_score>3</post_score>
      <post_moderation>Funny</post_moderation>
      <user id="SD_227354">Crash Culligan</user>
      <date>1130040900</date>
      <body>  Thomspon wrote to McKay, 'Please help me if you can,' but did not include specific actions he wished to have taken against the site.  Yes! Absolutely, help him! Refill his meds and make sure he actually takes them and doesn't spit them down the sink again!  </body>
    </post>
    <post id="SD_392_13853907" ref="SD_392_13853785">
      <post_score>2</post_score>
      <user id="SD_155141">LordZardoz</user>
      <date>1129992780</date>
      <body>I suppose that in his eyes, FPS Videogames really are murder simulators, in that the player goes around, kills people, and gets rewarded for it. Obviously, his ethical and moral beleifs oppose such things.  His rabid anti-video game stance, however, prevents him from being a true expert. He simply does not know enough about what he is talking about to hold a meaningfully informed opinion. He does not need to actually play a video game to get the idea that he would not like it. But he probably should not be able to testify in a court of law as any sort of expert on the subject. His blatant bias prevents him from accepting any information which does not conform to his world view. If someone agree's with him, he is right, and if they disagree, he is wrong. Anyone who cannot be reasonably convinced that they are wrong in the face of hard evidence contrary to their stated view should never be taken seriously on the subject in question.  The only writings that I have read that seemed more fucked up were the political writings of the Ultimate Warrior.  END COMMUNICATION</body>
    </post>
    <post id="SD_392_13853949">
      <post_score>2</post_score>
      <user id="SD_125292">zbuffered</user>
      <date>1129993440</date>
      <body>ThinkGeek :: I Hate Jack Thompson T-Shirts [thinkgeek.com] Very trendy!</body>
    </post>
    <post id="SD_392_13857692" ref="SD_392_13854112">
      <post_score>1</post_score>
      <user id="SD_691264">Xarius</user>
      <date>1130056380</date>
      <body>I like the way you censored the word "fuck", when attempting to defend some freedom...</body>
    </post>
    <post id="SD_392_13855439" ref="SD_392_13854650">
      <post_score>1</post_score>
      <post_moderation>Informative</post_moderation>
      <user id="SD_316239">Doobian Coedifier</user>
      <date>1130013960</date>
      <body>"Jack" is a nickname for "John" or "Jonathan". I'm suprised so few people know this...</body>
    </post>
    <post id="SD_392_13855879" ref="SD_392_13854112">
      <post_score>1</post_score>
      <user id="SD_452190">Doctor Ian</user>
      <date>1130020260</date>
      <body>"I'm not as dumb as I look." -Jack Thompson  Well, at least he admits that he looks dumb.  Lol you're wrong. Correlation not statement.</body>
    </post>
    <post id="SD_392_13863591">
      <post_score>1</post_score>
      <user id="SD_461597">Istan</user>
      <date>1130142060</date>
      <body>I remembered this scene from Princess Bride....  Vizzini: I can't compete with you physically, and you're no match for my brains. Westley: You're that smart? Vizzini: Let me put it this way. Have you ever heard of Plato, Aristotle, Socrates? Westley: Yes. Vizzini: Morons.</body>
    </post>
    <post id="SD_392_13854552" ref="SD_392_13853656">
      <post_score>5</post_score>
      <post_moderation>Insightful</post_moderation>
      <user id="SD_788910">Starsmore</user>
      <date>1130002620</date>
      <body>You also have people on the forum making baseless complaints and sending death threats! No, you have one man claiming that he's getting all these death threats. When he ponies up the emails, with headers, from all these people putting out death threats on him, then he has a case. Right now, he's twisting the truth to get other people to do what he wants. But of course, that's what lawyers do. I mean, go check out actual email conversation with the guy.. VG Cats &amp; Jack! [vgcats.com].. even when he starts the conversation, he starts seeing death threats and attacks in the responses. He's got the shittiest pair of rose-colored-glasses I've ever seen. Anything said to him is either total support, or a death threat.  </body>
    </post>
    <post id="SD_392_13857066" ref="SD_392_13853826">
      <post_score>2</post_score>
      <user id="SD_778472">aussie_a</user>
      <date>1130044560</date>
      <body>Maybe they aren't juvenile enough to be making jokes about rape.  You've never actually read a Penny-Arcade strip have you?</body>
    </post>
    <post id="SD_392_13854061" ref="SD_392_13853661">
      <post_score>3</post_score>
      <post_moderation>Funny</post_moderation>
      <user id="SD_410832">Guppy06</user>
      <date>1129994880</date>
      <body>"I'm not as dumb as I look."  You mean he's even dumber?</body>
    </post>
    <post id="SD_392_13868650" ref="SD_392_13855439">
      <post_score>2</post_score>
      <user id="SD_789240">Turn-X Alphonse</user>
      <date>1130185860</date>
      <body>you're wrong.  Jack is not a nickname for John. Jack is it's own name and has been for a very long time. Jack is a nickname he got and it sounds better then "John Thompson".</body>
    </post>
    <post id="SD_392_13854332" ref="SD_392_13853656">
      <post_score>5</post_score>
      <post_moderation>Informative</post_moderation>
      <user id="SD_835690">TychoCelchuuu</user>
      <date>1129999200</date>
      <body>They didn't say "haha you're a fool." They e-mailed him and said the $10,000 dollars that he pledged to give to charity (then later rescinded because it was "satire") was nothing compared to the $500,000 that gamers give to charity each year through Child's Play, the program they set up. Jack Thompson then called them (their phone number was in the e-mail) and screamed at them.</body>
    </post>
    <post id="SD_392_13906392" ref="SD_392_13853824">
      <post_score>1</post_score>
      <user id="SD_790600">iridium_ionizer</user>
      <date>1130603100</date>
      <body>Maybe instead of ignoring, dicrediting, or refuting Jack Thompson (or even just allowing him to exist in the media spotlight as a somewhat ineffective alarmist) the best thing to do would be to CONVERT him. Like by shipping him our old games that we think he would enjoy. If he can browse Penny Arcade on his computer, then certainly he could load Civ III on his machine. Or maybe CSI or Nancy Drew or something else. Anyone got an old console with Tetris or Mario or Katamari Damacy just lying around?  Maybe he's just negative against games because he has only seen VIDEO clips of the most violent video games. I mean I get pissed off when I'm at somebody's place and they hog a single player game. Maybe someone just needs to give him an opportunity to PLAY.  His worst response to this would be trying to SUE you for sending him FREE stuff. But imagine the press if he did turn to the GAME side. Sure he might never turn into a video game advocate, he might have less free time to sue people if he were addicted to a stategy, simulation, puzzle, or lawyer game.</body>
    </post>
    <post id="SD_392_13853822">
      <post_score>1</post_score>
      <user id="SD_827141">gameboyhippo</user>
      <date>1129991700</date>
      <body>So why does he call himself "John Thompson" at the top of the parody email, but Jack Thompson at the bottom?</body>
    </post>
    <post id="SD_392_13853744">
      <post_score>4</post_score>
      <post_moderation>Informative</post_moderation>
      <user id="SD_836247">schwal</user>
      <date>1129990740</date>
      <body>Disbar Jack Thompson [cafepress.com]  He's just being stupid now.  Realy, realy stupid. [penny-arcade.com]</body>
    </post>
    <post id="SD_392_13862379" ref="SD_392_13853824">
      <post_score>0</post_score>
      <user>Anonymous Coward</user>
      <date>1130126040</date>
      <body>That's major inducement to harass right there.  No it isn't. It's an expression of an opinion, protected by the first amendment.  Inducement to harrass would be something like "why don't you guys all harrass him".  Where do you get that this is "inducement to harrass"?</body>
    </post>
    <post id="SD_392_13853656">
      <post_score>-1</post_score>
      <post_moderation>Flamebait</post_moderation>
      <user id="SD_656104">Manip</user>
      <date>1129989540</date>
      <body>Jack might be a right wing nut job but he does have a point about Penny Arcade. He was doing an independent campaign that had nothing to do with them, then they took it on themselves to e-mail him.... Which, from what I gather, was - "hahah you are such a fool" - he then responded via phone and then posted it on their site for profit (web-ads based on page visits).  Then you have, after that the $10k thing; he obviously didn't do what he said he would and it is fine if Penny Arcade want to donate their money, but in his name? Yet again they create a story that relates to them and him thus again they make big bucks from their web-ads as gamers everywhere visit their site.  You also have people on the forum making baseless complaints and sending death threats! In my opinion some of the thing these 'supports' are doing isn't nice to be done to any human, especially not to someone that doesn't know they are doing anything wrong (according to their moral compass). This all was supported by Think Geek selling - "I hate Jack" - t-shirts.  So did Penny Arcade go after *him*? I think they did exactly that. Has he inflamed it by responding? Yes. But wouldn't you respond if the same happened to you out of the blue by some random internet site?</body>
    </post>
    <post id="SD_392_13854124">
      <post_score>2</post_score>
      <user id="SD_94562">xTown</user>
      <date>1129996080</date>
      <body>I think it is very, very appropriate that as of this writing, Gamespot's featured game--which shows up to the right of the article--is Rockstar's upcoming "Bully." It's just so perfect.</body>
    </post>
    <post id="SD_392_13869615" ref="SD_392_13857184">
      <post_score>1</post_score>
      <user id="SD_752610">Dmala</user>
      <date>1130198040</date>
      <body>Hey Jack? Is that you, man?</body>
    </post>
    <post id="SD_392_13867895" ref="SD_392_13853743">
      <post_score>1</post_score>
      <user id="SD_826964">Celestial Avenger</user>
      <date>1130177460</date>
      <body>I found this particularly ironic:  "Please help me if you can... They claim the First Amendment, it seems, applies only to them." http://www.gamepolitics.com/  He wants to use his first amendment rights to take theirs away.</body>
    </post>
    <post id="SD_392_13858745">
      <post_score>2</post_score>
      <post_moderation>Funny</post_moderation>
      <user id="SD_834022">Supurcell</user>
      <date>1130071380</date>
      <body>I wish that the Florida Bar would settle this. I mean, we get Thompson and Penny-Arcarde together, give Penny-Arcade the Florida Bar and let them beat the crap out of him with it.</body>
    </post>
    <post id="SD_392_13868672" ref="SD_392_13857184">
      <post_score>0</post_score>
      <user>Anonymous Coward</user>
      <date>1130186160</date>
      <body>YAJTAICMFP!</body>
    </post>
    <post id="SD_392_13853707" ref="SD_392_13853656">
      <post_score>4</post_score>
      <post_moderation>Interesting</post_moderation>
      <user id="SD_456730">Xeriar</user>
      <date>1129990260</date>
      <body>He's an attention whore. He's just pissed because Penny Arcade out-whored him on this one. And I doubt that Tycho and Gabe donated the $10,000 thinking they'd make it up in ad revenue. They might, but nearly everyone who follows this scandal already knows about PA. They may gain a few new readers out of it but not many.  At least Andy Kaufman had the sense to promote himself as an actor.  Seriously though, if someone acts like a jerk, they shouldn't be surprised when they receive their comuppance.</body>
    </post>
    <post id="SD_392_13857228" ref="SD_392_13853914">
      <post_score>0</post_score>
      <user>Anonymous Coward</user>
      <date>1130047860</date>
      <body> No, we're talking of the pruit pucker. (Seriously, Penny Arcade needs to switch to a better font!)  </body>
    </post>
    <post id="SD_392_13854171" ref="SD_392_13853656">
      <post_score>-1</post_score>
      <post_moderation>Flamebait</post_moderation>
      <user>Anonymous Coward</user>
      <date>1129996740</date>
      <body>I agree with the parent, inasmuch as while Penny Arcade's actions are legal, they are on shakey moral ground. Just because Thompson acts like a dick, that's no reason for the rest of us to sink to his level. Although PA has done some good (eg. the $10000 cheque), many of their other actions are just childish (incessant mockery and outright insults). They are unfortunately living up to the jeuvenile reputation of their hardcore gamer fanbase. And, in the end, that can only help Thompson in his Quixotic mission.</body>
    </post>
    <post id="SD_392_13854626" ref="SD_392_13854124">
      <post_score>1</post_score>
      <post_moderation>Informative</post_moderation>
      <user id="SD_901163">ScaryFroMan</user>
      <date>1130003700</date>
      <body>I think you misunderstand. GS associates a game with each article, so Bully (JT's recent target) was connected with the article.</body>
    </post>
    <post id="SD_392_13855133" ref="SD_392_13853949">
      <post_score>3</post_score>
      <post_moderation>Informative</post_moderation>
      <user id="SD_193605">HAKdragon</user>
      <date>1130008860</date>
      <body>Well, I wish I could take credit for these [cafepress.com], but they may make a good substitute. (Credit actually belongs to Penny-Arcade forum moderator and fellow /.-er mcc)</body>
    </post>
    <post id="SD_392_13853891" ref="SD_392_13853864">
      <post_score>1</post_score>
      <user id="SD_836247">schwal</user>
      <date>1129992540</date>
      <body>And it's not like sueing the group of lawers that can cast you out of the proffesion is a bad idea or anything ;)</body>
    </post>
    <post id="SD_392_13861104">
      <post_score>1</post_score>
      <user id="SD_894033">H0D_G</user>
      <date>1130099760</date>
      <body>to paraphrase star wars episode three, you're either with him or against him. guess which one I am?</body>
    </post>
    <post id="SD_392_13868731" ref="SD_392_13868650">
      <post_score>1</post_score>
      <user id="SD_316239">Doobian Coedifier</user>
      <date>1130186760</date>
      <body>OK, I dunno, maybe it's not official, but I know 3 John/Jonathans that go by Jack.</body>
    </post>
    <post id="SD_392_13853743" ref="SD_392_13853656">
      <post_score>5</post_score>
      <post_moderation>Interesting</post_moderation>
      <user id="SD_189793">the_skywise</user>
      <date>1129990740</date>
      <body>Penny Arcade is NOT in anyway shape or form harassing him.  It is LEGAL to make donations in another's name. (IE you can make a donation to the NAACP in David Duke's name...)  Is it LEGAL (at least in the USA) to correspond with another and say "ha ha you're a fool"  Is Penny Arcade directing attention to this guy? Yes. And it's LEGAL to do so (in the USA).  They're not threatening him. They're not telling people to threaten him. They are trying to get people's attention on him so that they'll realize that this campaign to sue video game companies is one man's personal vendetta and not necessarily a generalized public response.  He wasn't "hit out of the blue" He's been harassing video game websites for months now and has been publically bashing the entire video game industry. He publically made an offer of donating money to charity if they'd build a game to his specification which he renegged on. He's a public figure, waging a public vendetta.  That's NOT illegal (in the USA). That's called FREE SPEECH.</body>
    </post>
    <post id="SD_392_13859332" ref="SD_392_13858836">
      <post_score>0</post_score>
      <user>Anonymous Coward</user>
      <date>1130077320</date>
      <body>Except that the pederasty in ancient Greece was (or at least, is thought to have been) consensual. Molestation implies that one of the parties did not want to participate.</body>
    </post>
    <post id="SD_392_13868934" ref="SD_392_13868650">
      <post_score>2</post_score>
      <user id="SD_41029">chrisbtoo</user>
      <date>1130188980</date>
      <body>No, you're wrong. Jack is a nickname for John [wikipedia.org].</body>
    </post>
    <post id="SD_392_13853944" ref="SD_392_13853653">
      <post_score>1</post_score>
      <user id="SD_916366">Aenema</user>
      <date>1129993320</date>
      <body>http://www.penny-arcade.com/view.php?date=2005-10- 14&amp;res=l [penny-arcade.com]  it was like 2 before the one you posted</body>
    </post>
  </posts>
</thread>
