<?xml version="1.0" encoding="iso-8859-1"?>
<!-- this file has been obtained by crawling internet sites by
Fundacio Barcelona Media please, access this site:
caw2.barcelonamedia.org to read the terms and conditions of use
 -->
<thread id="SD_70_145237">
  <subdomain>politics</subdomain>
  <title>Yahoo Email + RSS Integrates Blogs</title>
  <admin>CmdrTaco</admin>
  <user>yapplejax</user>
  <date>1133342100</date>
  <topics>
    <main>Technology</main>
  </topics>
  <body>"In the new war of the Internet based applications, Yahoo is testing creating an email folder as the hub for RSS instead of using a web page for the feeds. " I've long thought this was the best way to do it- I've used web and application RSS readers for years, and email clients are simply a better interface.</body>
  <posts>
    <post id="SD_70_14152164" ref="SD_70_14146829">
      <post_score>0</post_score>
      <user>Anonymous Coward</user>
      <date>1133376900</date>
      <body>Problem is the new protocol that everyone is using, also called the "feedmesh". It's a stream protocol, with servers broadcasting rss updates in a single line, xml tag. Its a push technology. It's already heavily undulated with spam, making alot of problems for RSS crawlers.  </body>
    </post>
    <post id="SD_70_14148022" ref="SD_70_14147344">
      <post_score>2</post_score>
      <user id="SD_792444">Al Dimond</user>
      <date>1133351820</date>
      <body>Yes. That's kind of what I'd always thought about RSS, and if it's integrated into an e-mail client it's even more so.</body>
    </post>
    <post id="SD_70_14146613">
      <post_score>2</post_score>
      <post_moderation>Funny</post_moderation>
      <user id="SD_869318">SpaceAdmiral</user>
      <date>1133342520</date>
      <body>I've been Pine-ing for this for a while now.  Get it? Pine? Pining? Hahahahahahahasomebodykillme</body>
    </post>
    <post id="SD_70_14146894">
      <post_score>3</post_score>
      <post_moderation>Funny</post_moderation>
      <user id="SD_697300">dv8ed</user>
      <date>1133344740</date>
      <body>So we're back to listservs now?</body>
    </post>
    <post id="SD_70_14147898" ref="SD_70_14147267">
      <post_score>2</post_score>
      <user id="SD_203612">Phillip2</user>
      <date>1133351040</date>
      <body>If only Gnus did exchange servers, I would be such a happy man. Since I've been forced onto an exchange server, nothing has ever been the same again. Click, click, point, crawl through email in outlook that I would have flown through in Gnus.  I really miss it.  Phil</body>
    </post>
    <post id="SD_70_14146702">
      <post_score>5</post_score>
      <post_moderation>Insightful</post_moderation>
      <user id="SD_1378">ptomblin</user>
      <date>1133343300</date>
      <body>You know, the number of times bloggers try to turn blogging into something more like Usenet, you'd think eventually they'd figure it out and go back to Usenet.</body>
    </post>
    <post id="SD_70_14149160" ref="SD_70_14146892">
      <post_score>1</post_score>
      <user id="SD_901852">adnausium</user>
      <date>1133358180</date>
      <body>...One RSS to rule them all?</body>
    </post>
    <post id="SD_70_14146770" ref="SD_70_14146647">
      <post_score>1</post_score>
      <user id="SD_903162">jschmeling</user>
      <date>1133343720</date>
      <body>But you aren't invisible and local because the server logs still note who connected to the site and received updates, right? So, it's just a matter of google or Yahoo or any other aggregator being easier to subpoena, not that the local machines are untraceable.</body>
    </post>
    <post id="SD_70_14147291" ref="SD_70_14146653">
      <post_score>0</post_score>
      <user id="SD_877921">concept10</user>
      <date>1133347620</date>
      <body>I loved using Thunderbird for fetching and reading RSS feeds but since i'm attempting to do some application redux around here, I just use Sage within Firefox. I hate having two applications open to do one thing.. it seems no one wants to bridge the gap properly.  Thunderbird 1.07 doesnt allow you to export OMPL, although 1.5 does.  But honestly i'm waiting on mutt to integrate some new AJAX RSS extension. :)</body>
    </post>
    <post id="SD_70_14147087">
      <post_score>0</post_score>
      <post_moderation>Troll</post_moderation>
      <user id="SD_9388">Macka</user>
      <date>1133346300</date>
      <body>  I've long thought this was the best way to do it  Whoops, you should've patented it then while you had the chance. Now Yahoo will sue your ass for daring to steal their IP thoughts and boasting about it in public ;-)  </body>
    </post>
    <post id="SD_70_14146829" ref="SD_70_14146702">
      <post_score>5</post_score>
      <post_moderation>Interesting</post_moderation>
      <user id="SD_409917">jfengel</user>
      <date>1133344200</date>
      <body>The most fundamental difference between usenet and RSS is that Usenet is push, and RSS is pull. The push nature of Usenet makes spam really, really easy, and hard to fight. You end up accepting a lot of crap on your machine, and filter it out later. When you go to an RSS feed you know that there is control over it, and if one particular source starts spewing junk you stop reading it.  It also makes Usenet very democratic: anybody can say anything, anonymously. Those two things will always be opposite sides of the same coin. RSS requires more resources of your own (though there are a remarkable number of free blogging sites, so anybody anywhere can create a blog as long as they have Web access).  Unfortunately, the number of anonymous sources with brilliant information is infinitesimal compared to the number of people willing to spew crap into whatever data stream is available for free. And that's why bloggers won't go to Usenet: they lack the control necessary to keep readers. RSS gives them that control.</body>
    </post>
    <post id="SD_70_14147432" ref="SD_70_14146583">
      <post_score>2</post_score>
      <user id="SD_187512">shokk</user>
      <date>1133348400</date>
      <body>Um... RTFM? It's an RSS reader, not a blog management system.  I think it sucks compared to solutions like Feed On Feeds [shokk.com].</body>
    </post>
    <post id="SD_70_14146891" ref="SD_70_14146622">
      <post_score>1</post_score>
      <user id="SD_879047">digitaldc</user>
      <date>1133344740</date>
      <body>Girls wear dresses to parties? Since when?</body>
    </post>
    <post id="SD_70_14146670">
      <post_score>0</post_score>
      <user>Anonymous Coward</user>
      <date>1133343000</date>
      <body>Wow, it'd almost be like using an nntp client.</body>
    </post>
    <post id="SD_70_14152257">
      <post_score>1</post_score>
      <user id="SD_71247">duckworth</user>
      <date>1133377680</date>
      <body>Fusemail.com has had this feature since August of 2004. It pulls RSS feeds into and email folder and can then be consumed by your imap/pop3 email client or their web based email client. Nothing to see here, please move along....</body>
    </post>
    <post id="SD_70_14152290" ref="SD_70_14146829">
      <post_score>2</post_score>
      <user id="SD_630153">mewphobia</user>
      <date>1133377980</date>
      <body>  The most fundamental difference between usenet and RSS is that Usenet is push, and RSS is pull. The push nature of Usenet makes spam really, really easy, and hard to fight. You end up accepting a lot of crap on your machine, and filter it out later. When you go to an RSS feed you know that there is control over it, and if one particular source starts spewing junk you stop reading it.  Huh? Sorry but you lost me already. They are both PULL. With usenet, you connect to your usenet server, see if there are any more posts, and if so, download them. _This is exactly how RSS works_ The difference is that because you can subscribe to a particular user/blogger, the crap you deal with decreases, because the value of the content of what someone says is less variable than the value of the content of what a group of people say.  </body>
    </post>
    <post id="SD_70_14152517">
      <post_score>2</post_score>
      <user id="SD_693236">wasabii</user>
      <date>1133380020</date>
      <body>Hasn't anybody ever heard of a mailing list?</body>
    </post>
    <post id="SD_70_14146811" ref="SD_70_14146770">
      <post_score>1</post_score>
      <user id="SD_17400">CodeShark</user>
      <date>1133344140</date>
      <body>Good points. But server-logs, etc. are enough removed from my actual identity (and I am with a small enough local ISP) that I would like to think that the judicial system(s) wouldn't grant a carte blanche "cyber-warrant" to an investigative agency to go after anyone who may have ever read a particular RSS based on some nebulous idea in a "bad-cop" world that such a warrant would help them identify me as something I am not.</body>
    </post>
    <post id="SD_70_14150486" ref="SD_70_14146901">
      <post_score>1</post_score>
      <user id="SD_688799">Kirellii</user>
      <date>1133366880</date>
      <body>I at least love the skit, but what are we talking about - we're talking about SPAM! (Chorus: Spam Spam Spam Spam...) "Spam" is a popular Monty Python sketch, first broadcast in 1970. In the sketch, two customers are trying to order a breakfast without SPAM from a menu that includes the processed meat product in every item. The term spam (in electronic communication) is derived from this sketch. It features Terry Jones as The Waitress, Eric Idle as Mr Bun and Graham Chapman as Mrs Bun. The televised skit also featured John Cleese as The Hungarian, but this part was left out of audio recordings of the sketch. Only two minutes long, it builds up into a semi-argument between the waitress who is offering Spam with everything, and Mrs Bun who does not want it. Not even the "Lobster Thermidor aux Crevette with a mornay sauce served in a Provençale manner with shallots and aubergines garnished with truffle pâté, brandy and with a fried egg on top and Spam." Waitress: (brightly) "Well, there's Spam, egg, sausage, and Spam, that's not got much Spam in it." Mrs Bun: (exasperated) "I don't want any Spam!" Mr Bun attempts to mollify his wife: Mr Bun: "Don't make a fuss, dear. I'll have your Spam. I love it. I'm having Spam, Spam, Spam, Spam, Spam, baked beans, Spam, Spam, and Spam." Waitress: "Baked beans are off." Mr Bun: (to Waitress) "Well, can I have Spam instead?" Waitress: "You mean Spam, Spam, Spam, Spam, Spam, Spam, Spam, and Spam?" At several points, a group of Vikings in the cafe drown out all conversation by loudly singing a song about "Spam, lovely Spam, wonderful Spam." They are interrupted by the waitress many times, but they resume singing more and more loudly until at last the song reaches an operatic climax. The sketch was the final sketch of the 25th show of Monty Python's Flying Circus, and was first aired December 15, 1970. Despite its shortness, the sketch became immensely popular. The word "Spam" is mentioned 94 times. Oddly enough, the first two items mentioned from the menu do not contain spam, specifically "Egg and Bacon" and "Egg, Sausage, and Bacon."</body>
    </post>
    <post id="SD_70_14148539" ref="SD_70_14148147">
      <post_score>2</post_score>
      <user id="SD_409917">jfengel</user>
      <date>1133354580</date>
      <body>I'm not an expert on the history, but I believe that the moderation/karma system was devised by Slashdot. I've never seen anything quite like it. I'm sure there were various predecessors, but Slashdot's is particularly effective.</body>
    </post>
    <post id="SD_70_14154415" ref="SD_70_14152290">
      <post_score>2</post_score>
      <user id="SD_409917">jfengel</user>
      <date>1133398980</date>
      <body>The push is on the posting end. Rather than there being one particular server for each news feed, each post is pushed out to all of the Usenet servers in the world. It's very clever, and nicely redundant (in the good way), but the pull is only for the last mile from your NNTP host to your client.  I suppose you could use the Usenet protocol like this, where each blogger set up his own Usenet server and you pulled from that. That would have some advantages over RSS (like two-way communication). But that's not the way Usenet is done now. Now it's one server per client, rather than one server per poster, and a whole lot of copying.</body>
    </post>
    <post id="SD_70_14146856" ref="SD_70_14146636">
      <post_score>1</post_score>
      <post_moderation>Redundant</post_moderation>
      <user id="SD_50685">interiot</user>
      <date>1133344440</date>
      <body>Mod up the parent and grandparent!</body>
    </post>
    <post id="SD_70_14147076" ref="SD_70_14146716">
      <post_score>2</post_score>
      <user id="SD_807994">n0dalus</user>
      <date>1133346180</date>
      <body>Try nntp//rss. http://www.methodize.org/nntprss/ [methodize.org] As for an online and pre-existing service like Gmane, I don't know. This allows you to run your own local nntp server for rss feeds though.</body>
    </post>
    <post id="SD_70_14146570">
      <post_score>-1</post_score>
      <post_moderation>Troll</post_moderation>
      <user>Anonymous Coward</user>
      <date>1133342220</date>
      <body>Yeah baby!  This is nothing new. Look at all the RSS plug-ins for Microsoft Outlook.  What's next? An RSS feed of Goatse-themed websites from Wikipedia?  </body>
    </post>
    <post id="SD_70_14148147" ref="SD_70_14146829">
      <post_score>2</post_score>
      <user id="SD_2679">Colin Smith</user>
      <date>1133352600</date>
      <body>The same's true of slashdot. or any group forum. To the individual it's a push medium. The Karma concepts one of the better ones I've seen.  BTW, was it /. who came up with it?    </body>
    </post>
    <post id="SD_70_14148425" ref="SD_70_14147957">
      <post_score>2</post_score>
      <user id="SD_764884">baadger</user>
      <date>1133353920</date>
      <body>Try Googling for: opml opera  Is that so hard?</body>
    </post>
    <post id="SD_70_14146727" ref="SD_70_14146570">
      <post_score>1</post_score>
      <user id="SD_416376">broward</user>
      <date>1133343480</date>
      <body>Yahoo is catching the meme just as it peaks. RSS growth will peak and flatten in 2006, as will blog growth.  http://www.realmeme.com:8080/roller/page/realmeme? entry=rss_meme_still_pre_inflection [realmeme.com]</body>
    </post>
    <post id="SD_70_14149052" ref="SD_70_14146820">
      <post_score>3</post_score>
      <post_moderation>Interesting</post_moderation>
      <user id="SD_5882">acroyear</user>
      <date>1133357460</date>
      <body>to be more specific -- "daily" updates are lousy in blog-style. Newspapers and daily update sites like sjgames.com are definitely "inbox" things because they get populated overnight and are in my mailbox-like folder in Thunderbird just fine.  feeds that are blogs are meant to be read in blog style, even if i'm reading them through my own (livejournal-driven) aggregated UI rather than going to each site individually (becausing remembering to visit all my bookmarks sucks -- let my aggregator visit my bookmarks for me). lj's filters/groups allow me to sort them into reasonable categories.  sites that change a whole bunch of pages weekly (ibm developer-works) are best for the live-bookmarks feature of firefox. (otherwise, i rarely use it; i think its the worst UI for RSS, and am pissed that firefox hasn't approved the feature to give the little orange icon a clipboard interface when the page designer doesn't put the feed link into the main page -- i have to do view-source and lookup the feed in the meta tags and that sucks).  the tricky bit is how to deal with feeds from wiki updates and the like, where little things keep coming up. they can flood both a blog-style and an inbox-style reader (and would certainly drive live-bookmarks bonkers). this is a style of feed that needs a rethink in terms of design and rendering -- more abilities to filter than the standard wiki provides.</body>
    </post>
    <post id="SD_70_14147278" ref="SD_70_14146711">
      <post_score>1</post_score>
      <user id="SD_229562">AndroidCat</user>
      <date>1133347560</date>
      <body>I'm fancinated by the people who adopt an organized lifestyle approach to email/PIM stuff that they apply religiously. I'm currently reading Sally McGhee's "Take Back Your Life!", Microsoft Press, on how to use Outlook to organize everything. Buried in the Acknowledgements is Werner Erhard, founder of EST, The Forum and Landmark, himself a splitter from Scientology. Hmm. Still, I have to agree with the idea that shifting stuff out of the inbox (even if to a folder named "Sometime Later") in batches is a good idea. Some people just can't get used to the idea that email is asynchronous, and that I'm not going to read/reply immediately. Oh well.  </body>
    </post>
    <post id="SD_70_14147009" ref="SD_70_14146593">
      <post_score>1</post_score>
      <user id="SD_888583">supra</user>
      <date>1133345700</date>
      <body>Evolution 1.x used to support RSS (not sure which versions) on an overview page that included weather and mail summaries. They dropped it in 2.x because "stand alone readers/aggregators are better suited to the task". Since Evo 2.x arrived, I've tried several RSS readers for Linux as well as Firefox's Live Bookmarks, and I still miss it in Evolution. Not because it was presented well (it only presented a hyperlinked title), but because of accessibility. Presenting each feed as a folder sounds good. But an overview page to quickly scan your most-read feeds is great.</body>
    </post>
    <post id="SD_70_14146936" ref="SD_70_14146716">
      <post_score>3</post_score>
      <post_moderation>Interesting</post_moderation>
      <user id="SD_86786">brunes69</user>
      <date>1133345100</date>
      <body> Screenshots [sourceforge.net]  </body>
    </post>
    <post id="SD_70_14146859">
      <post_score>3</post_score>
      <post_moderation>Funny</post_moderation>
      <user id="SD_934798">ikanreed 2</user>
      <date>1133344440</date>
      <body>The internet is coming full circle, this is almost like usenet all over again, only with even worse spelling this time around.</body>
    </post>
    <post id="SD_70_14147720" ref="SD_70_14146615">
      <post_score>0</post_score>
      <user>Anonymous Coward</user>
      <date>1133350020</date>
      <body>What about Google Reader [google.com]?</body>
    </post>
    <post id="SD_70_14148149" ref="SD_70_14147898">
      <post_score>1</post_score>
      <user id="SD_659941">gothfox</user>
      <date>1133352600</date>
      <body>Well, Gnus does IMAP, so if you have IMAP enabled on your exchange server you could try connecting to it this way. Not everyone enables IMAP access though, and there could be some compatibility issues (I never actually tried myself, our company uses only OSS mail clients and servers), but it's worth a try anyway.</body>
    </post>
    <post id="SD_70_14146615">
      <post_score>5</post_score>
      <post_moderation>Insightful</post_moderation>
      <user id="SD_650210">phildog</user>
      <date>1133342580</date>
      <body>>I've used web and application RSS readers for years, and email clients are simply a better interface. Don't think I've ever seen CmdrTaco reply in comments, but I'd love to hear his reasons for this. I've gone the hardcore geeky route with rss2email [aaronsw.com] and also the true standalone desktop aggregator route. What I've settled on is Bloglines [bloglines.com], because I use 4 machines in different locations quite frequently. Bloglines simply makes this easiest and maintains state perfectly between all 4. I'm on win2k, XP, and OSX on those 4 machines. The Bloglines notifier extension for Firefox is quite handy as well.  </body>
    </post>
    <post id="SD_70_14147328">
      <post_score>1</post_score>
      <user id="SD_24845">Xenious</user>
      <date>1133347800</date>
      <body>I hope I understood this right but people are saying email is a better way to read RSS feads?? wTF??? I like the way Safari does it. I have a group of RSS feeds and it will tell me how many new entries there are (looks like this: Cool News (15) ). Then I just open that link in Safari and read the headlines. I open up articles for more details if I want.  The only sad thing is it streamlined my web browsing so much that I end up with too much free time at home! ahah  Why would I want to pollute my inbox with these rss feeds? Yeech.</body>
    </post>
    <post id="SD_70_14159263" ref="SD_70_14146726">
      <post_score>1</post_score>
      <user id="SD_797637">JamesGecko</user>
      <date>1133445360</date>
      <body>From their website: "Enjoy the performance. Despite all that's new, KlipFolio 3.0 is lightning fast and uses almost no resources."  And then, the system requirements "Windows 2000 &amp; XP Pentium II Class CPU or greater 64 MB RAM or greater recommended)"  The meaning of "no resources" seems to have climbed a bit... An RSS notification app that wants 64 MB RAM? That's almost as bad as Firefox. It dosen't even include a reader, you have to use IE for that!</body>
    </post>
    <post id="SD_70_14146583">
      <post_score>-1</post_score>
      <post_moderation>Offtopic</post_moderation>
      <user>Anonymous Coward</user>
      <date>1133342340</date>
      <body>Plus side: You can post to your blog from anywhere, just by sending an email. Minus side: So does everyone else.</body>
    </post>
    <post id="SD_70_14146820">
      <post_score>4</post_score>
      <post_moderation>Interesting</post_moderation>
      <user id="SD_5882">acroyear</user>
      <date>1133344200</date>
      <body>some sites i prefer processing the RSS through Thunderbird (Newsgator can do the same for Outlook users). other sites are more "blog" like to me and I prefer to read it in a blog style. I let LiveJournal syndicate and group them together so I get all my politics blogs in a single place &amp; style, then all my web design feeds in one place, then my science ones, plus I can get my friends' blogs for those that aren't LJ users to be part of my "friends" list as if they all were in once place.  I've been sketching out ideas and prototypes on a "feedmixer" project, a php system that would do what LJ does in mixing feed entries into a single place, only more like JavaBlogs, it would mix multiple feeds into a single RSS feed, then CSS, XSL, and Ajax can be used to read it in blog style OR you can get them into a single place in Thunderbird.</body>
    </post>
    <post id="SD_70_14146560">
      <post_score>-1</post_score>
      <post_moderation>Troll</post_moderation>
      <user id="SD_668222">(TK)Dessimat0r</user>
      <date>1133342160</date>
      <body>_ _ _ _ _ _ __ _..._ ALL YOU FUCKING SLASHDOT USERS _ _ _ _ _ _ .-' . . '-. THIS FUCKING PENISBIRD SHITS _ _ _ _ _ _/. . ._ . ._\ DOWN YOUR NECK INTO YOUR STOMACH _ _ _ _ _ /. . .(o) ./__) WHERE THE SHIT BURNS FOR THE REST OF _ _ _ __ /. . .,_ . .| '| YOUR SHORT AND PATHETIC LIFE _ _ _ _ |. . ./ .\ . /_/ _ _ _ _ /. . .`"`" . .} IT THEN GRIPS ONTO YOUR COCK WITH ALL ITS MIGHT _ _ __ /. . . . . . . { AND INJECTS VARIOUS MUTAGENS INTO YOUR BLOODSTREAM THROUGH _ _ _ /. . . . . . . .} ITS RAZOR-SHARP CLAWS WHERE IT REACTS WITH YOUR _ __ /. . . . .\/\ /\ { VAST RESERVES OF FAT AND BLUBBER _ _ |. . . . . .;``"``\ __ /. . . . . . / ; ; ;| NOBODY IS SAFE FROM THE PENISBIRD, AND IT _ |. . . . . . / ; ; ; | FUCKING HATES ALL SLASHDOT USERS _ \ . . . ._.-`|; ; ; ;| _ /`-..--`` a a| ; ; ; | YOU ARE NEXT, YOU FUCKING FAT, FILTHY PIG _|a a a a a a a|; ; ; ;| _| a a a a a a | ; ; ; /_ _ _ _ ,--........,, FUCKING POST, YOU FUCKING _|a a a a a a / ; ; ; ; _ _ _ .' . . . . . -='. BASTARD ASCII.. I CAN'T BELIEVE _| a a a a a / ; ; ; / _ _ _ _\ . . . . . . . : THIS FUCKING STUPID LAMENESS _|a a a a a/` ; ; ; \ _ _,==" .\ . . . . . . .' FILTER, WHAT AN ARSEFUCKING COCKLORD _\ a a a .'. _ ,._'\.\~" o //` .\. . . . . .' _|a a a.___~' \ \-~| | o ./,\.` .\. . . _.' WHAT KIND OF SHIT NAME p|; a a/ _|.-~'| |o| |. . . . ,-''\..--' IS LAMENESS FILTER ANYWAY p| _..-'"'. . .| | | |. . _="` pp~ . . . \\ . | | / /_="` WHAT THE FUCK? MORE LIKE TROLL FILTER ppp. . . ./,\ / /_,)") FUCKING CMDRTACO, YOU FUCKING FAT BASTARD pppp . . ._,.-)") pppp__,=~"| =============== ppppp|; .;| Penisbird/. 1.3 pppp | y .| =============== pppp |;|\ | ppp_ |/' \| LETS GET IT ON, MOTHERFUCKERS.  Trollkore "I hate you, I hate your country, and I hate your face!"  Important Stuff # Please try to keep posts on topic. # Try to reply to other people's comments instead of starting new threads. # Read other people's messages before posting your own to avoid simply duplicating what has already been said. # Use a clear subject that describes what your message is about. # Offtopic, Inflammatory, Inappropriate, Illegal, or Offensive comments might be moderated. (You can read everything, even moderated posts, by adjusting your threshold on the User Preferences Page) Important Stuff # Please try to keep posts on topic. # Try to reply to other people's comments instead of starting new threads. # Read other people's messages before posting your own to avoid simply duplicating what has already been said. # Use a clear subject that describes what your message is about. # Offtopic, Inflammatory, Inappropriate, Illegal, or Offensive comments might be moderated. (You can read everything, even moderated posts, by adjusting  Read the rest of this comment...</body>
    </post>
    <post id="SD_70_14147618" ref="SD_70_14147335">
      <post_score>2</post_score>
      <user id="SD_33649">generic-man</user>
      <date>1133349480</date>
      <body>Both of those methods will bring you back to the URL listed in the address bar. If you're using a JavaScript application where everything's done with DOM manipulation, your session will return you to the home page / login page of an application where you must let your web browser offer to log you back in.  I still like pluggable authentication modules, virtual memory, and signals -- you know, stuff that's been around for decades that people are only starting to attempt to reimplement in JavaScript.</body>
    </post>
    <post id="SD_70_14146690">
      <post_score>4</post_score>
      <post_moderation>Informative</post_moderation>
      <user id="SD_674499">porneL</user>
      <date>1133343180</date>
      <body>That's nothing new for M2 [opera.com] users...</body>
    </post>
    <post id="SD_70_14147115" ref="SD_70_14146936">
      <post_score>1</post_score>
      <user id="SD_547211">JPriest</user>
      <date>1133346420</date>
      <body>I prefer not to pull down the entire article, I have a web browser for this. I use a Windows reader called Klipfolio [serence.com]. It has panels that display just the headlines, I mouse over for the first part of the article, or open the link in my browser if I want to read it. I know I should probably start using a "regular" RSS reader, but I am not giving up Klipfolio.</body>
    </post>
    <post id="SD_70_14146749" ref="SD_70_14146663">
      <post_score>1</post_score>
      <user id="SD_688799">Kirellii</user>
      <date>1133343600</date>
      <body>Thanks - that helped. So for the majority of people who don't know reliable sources or feeds and cruise the internet indescriminately - this is just a way of making oneself have to wade through loads of *stuff*. I am sure most will somehow collect more SPAMMISH junk than they do now through poor content choices. I think I will just trust Slashdot and the Commander to gather important stuff for me to read and then wander the net. Sometimes though - I wish there were more /. polls dealing with hardware choices for Christmas or the cool tools to choose from like IPODs or even pros and cons of the Internet providers themselves. Heck, I guess an honest assessment of cell phone companies would be out of the question too. (No Replies Necessary - don't want flame - just think about it if you have stories to submit that would help a shopper out.)</body>
    </post>
    <post id="SD_70_14147123" ref="SD_70_14146859">
      <post_score>1</post_score>
      <user id="SD_213187">MrHatken</user>
      <date>1133346480</date>
      <body>Good point.  Although (obviously) this time it is (mostly) pull, there is no (common) archive, and if you're away for a month you (may) lose a lot of "postings." (I'm not sure if some aggregators will keep items indefinitely even if they are removed from the feed, but I am pretty sure that referred content won't always stay around).  Cheers, Ashley.</body>
    </post>
    <post id="SD_70_14146622">
      <post_score>0</post_score>
      <user id="SD_732991">rascanban</user>
      <date>1133342580</date>
      <body>How long do you think it will be before the other 2 pretty girls show up to the party in the same dress?</body>
    </post>
    <post id="SD_70_14151176">
      <post_score>1</post_score>
      <user id="SD_924859">Millenniumman</user>
      <date>1133370720</date>
      <body>I don't understand why you would want to have all of those articles in your inbox. My RSS reader, NetNewsWire, does have a similar interface to my email application, Mail, but it's sufficiently different that I wouldn't want one of them to perform the duty of the other.</body>
    </post>
    <post id="SD_70_14146716">
      <post_score>2</post_score>
      <user id="SD_159201">Ktistec Machine</user>
      <date>1133343420</date>
      <body>It seems to me that a newsgroup reader (e.g.,rtin) would be even better for reading RSS feeds. Is there any service analogous to gmane [gmane.org] that does this for RSS feeds?</body>
    </post>
    <post id="SD_70_14146636" ref="SD_70_14146616">
      <post_score>4</post_score>
      <post_moderation>Insightful</post_moderation>
      <user id="SD_90168">supton</user>
      <date>1133342760</date>
      <body>Another good read: "The Problem With RSS Readers Inspired By Outlook" [25hoursaday.com]</body>
    </post>
    <post id="SD_70_14147445" ref="SD_70_14146901">
      <post_score>1</post_score>
      <user id="SD_756338">mdecarle</user>
      <date>1133348400</date>
      <body>Maybe people are so mad with it they're always yelling it: SPAM!</body>
    </post>
    <post id="SD_70_14146742">
      <post_score>0</post_score>
      <post_moderation>Offtopic</post_moderation>
      <user id="SD_457634">sabit666</user>
      <date>1133343540</date>
      <body>Dugg! eh.. sorry, wrong website.</body>
    </post>
    <post id="SD_70_14147251" ref="SD_70_14146901">
      <post_score>1</post_score>
      <user id="SD_897338">richardablitt</user>
      <date>1133347380</date>
      <body>Stupid, Pointless, Annoying Messages is often used. Not sure if there's anything official. It might also be to differenciate itself from the meat based product, which is Spam (or something).</body>
    </post>
    <post id="SD_70_14146901" ref="SD_70_14146641">
      <post_score>0</post_score>
      <user>Anonymous Coward</user>
      <date>1133344800</date>
      <body>Do the letters SPAM stand for something? People seem to always write it in uppercase.</body>
    </post>
    <post id="SD_70_14146616">
      <post_score>5</post_score>
      <post_moderation>Interesting</post_moderation>
      <user id="SD_90168">supton</user>
      <date>1133342580</date>
      <body>Be careful with this UI concept: email demands immediate attention. More discussion, via technorati: http://technorati.com/search/%22river+of+news%22+e mail [technorati.com]</body>
    </post>
    <post id="SD_70_14147974" ref="SD_70_14146627">
      <post_score>3</post_score>
      <post_moderation>Insightful</post_moderation>
      <user id="SD_96956">Infonaut</user>
      <date>1133351520</date>
      <body>wall st analysts are initiating a downgrade and sell Mmm.. no. The market as a whole dropped yesterday, supposedly because of inflation fears [fortune.com]. i used to respect Yahoo back in the early 90's , now they are just another desperate american advertising company Well, they are American. I suppose that's good cause to loathe them, if that's your thing. But lately Yahoo has been changing quite a bit. Perhaps you haven't noticed, but after they purchased Flickr [flickr.com], they've been "flickrizing" their apps at a fairly rapid clip. They're overhauling the interfaces to their key apps. Some of their beta apps are work very well and are a pleasure to use. It's easy to add new Yahoo services without getting tied into any Passport-like crap. You can use the apps you like and disregard the ones you don't like. They're not first to market, but they're restructing their whole approach to provide regular non-geeks the opportunity to exchange information, establish online communities, create their own blogs, and so on. It's not the Google approach, which is tool-centric. Yahoo is remaking itself as what AOL could have become if it had any brains. As for being an "advertising company" maybe you haven't compared Google web apps to Yahoo web apps lately.  </body>
    </post>
    <post id="SD_70_14146758">
      <post_score>1</post_score>
      <user id="SD_740290">p0</user>
      <date>1133343600</date>
      <body>Ive used Bloglines, Newsgator and Google Reader. So far, Newsgator seems to be the most easiest to use, much better than any damn email reader interface can do. Yes, it is much easier to use than Google Reader.</body>
    </post>
    <post id="SD_70_14150641" ref="SD_70_14147164">
      <post_score>1</post_score>
      <user id="SD_93069">donpezet</user>
      <date>1133367720</date>
      <body>Sort of. I am an Oddpost user and we were offered "beta" access to the new Yahoo interface about four months ago. It is just a slightly reworked version of the Oddpost interface we have been using since the begining. RSS feeds just show up as another folder under our inbox folder tree.  Don</body>
    </post>
    <post id="SD_70_14147005" ref="SD_70_14146764">
      <post_score>0</post_score>
      <user>Anonymous Coward</user>
      <date>1133345640</date>
      <body>I have 600 feeds. I don't think live bookmarks will cut it for me.</body>
    </post>
    <post id="SD_70_14146691">
      <post_score>2</post_score>
      <post_moderation>Insightful</post_moderation>
      <user>Anonymous Coward</user>
      <date>1133343180</date>
      <body>I use Onfolio to read read and go over my RSS feeds. It integrated with Firefox, so I can make use of all the Firefox extensions when browsing the feeds.  I don't think using an email client to read RSS feeds is the best choice. The best choice is having the RSS reader generate a 'newspaper-style' webpage that lists all the latest posts in a certain feed folder.  Using an email client for news reading is so 1999. You'll have to click on each headline to know what the content is all about in the preview pane. Using the newspaper-style, you can just skim over posts very quickly, while not only having the headline, but the content too. Using the space bar key, you just go down page by page.</body>
    </post>
    <post id="SD_70_14146627">
      <post_score>-1</post_score>
      <post_moderation>Troll</post_moderation>
      <user>Anonymous Coward</user>
      <date>1133342640</date>
      <body> And wall st analysts are initiating a downgrade and sell as a result their stock price has fallen 1.3% in a day [yahoo.com]  people are realising who the real market innovaters are and who are the copycat followers, yahoo used to have value, now they are merely an advertising application whos results are based on the largest wallet, not science. i used to respect Yahoo back in the early 90's , now they are just another desperate american advertising company</body>
    </post>
    <post id="SD_70_14146764" ref="SD_70_14146691">
      <post_score>0</post_score>
      <user>Anonymous Coward</user>
      <date>1133343660</date>
      <body>good ole firefox, what with the live bookmarks, who needs more? I will have to try this Onfolio thing though, sounds cool</body>
    </post>
    <post id="SD_70_14147344" ref="SD_70_14146615">
      <post_score>4</post_score>
      <post_moderation>Insightful</post_moderation>
      <user id="SD_115784">commanderfoxtrot</user>
      <date>1133347920</date>
      <body>So we're back to Usenet... finally!  Has anyone else noticed the trend to read RSS of blogs/forums in an application window- is rather similar to basic old Usenet of old?</body>
    </post>
    <post id="SD_70_14147049" ref="SD_70_14146936">
      <post_score>0</post_score>
      <user>Anonymous Coward</user>
      <date>1133346060</date>
      <body>Akregator does NOT do anything remotely like what OP is asking for.</body>
    </post>
    <post id="SD_70_14147386" ref="SD_70_14146749">
      <post_score>1</post_score>
      <user id="SD_809816">Flinx_ca</user>
      <date>1133348160</date>
      <body>Are you asking what RSS is or are you asking why someone would want to add it to an email client?</body>
    </post>
    <post id="SD_70_14147164">
      <post_score>2</post_score>
      <user id="SD_519668">Sagarian</user>
      <date>1133346780</date>
      <body>If memory serves, Yahoo! bought oddpost, whose schtick was web-based email with RSS feeds integrated as email folders -- wonder if it's the same stuff, or bolted on to Yahoo! mail, or just re-implemented entirely?</body>
    </post>
    <post id="SD_70_14146620">
      <post_score>0</post_score>
      <user>Anonymous Coward</user>
      <date>1133342580</date>
      <body>Thunderbird is the best interface for RSS feeds currently. I do have 5 feeds on "My Yahoo" portal, but they are only really good for headlines. I'll be anxious to see the feeds in the Yahoo mail interface to see how they compare.</body>
    </post>
    <post id="SD_70_14147468">
      <post_score>2</post_score>
      <user id="SD_108775">altp</user>
      <date>1133348580</date>
      <body>http://www.aaronsw.com/2002/rss2email/ [aaronsw.com]  Great little app.  Set it up as a cron, use your normal email filters to sort all the RSS feeds.</body>
    </post>
    <post id="SD_70_14146773">
      <post_score>2</post_score>
      <user id="SD_753330">putko</user>
      <date>1133343720</date>
      <body>Gnus takes the approach that your email is like a special UUNET group.  So it is a newsreader that can do your mail too.</body>
    </post>
    <post id="SD_70_14147957" ref="SD_70_14146809">
      <post_score>0</post_score>
      <user id="SD_877921">concept10</user>
      <date>1133351400</date>
      <body>Great suggestion, because right now i'm digging Opera over Firefox because of the speed, but there is only one caveat.. i can't import my OMPL file into the Opera feed reader.</body>
    </post>
    <post id="SD_70_14148805" ref="SD_70_14146702">
      <post_score>2</post_score>
      <user id="SD_519638">raddan</user>
      <date>1133356020</date>
      <body>I'm waiting for gopher to come back in style, man.</body>
    </post>
    <post id="SD_70_14152572" ref="SD_70_14146765">
      <post_score>0</post_score>
      <user>Anonymous Coward</user>
      <date>1133380620</date>
      <body>I'd answer all those questions, if only I had any fucking idea what you just asked.</body>
    </post>
    <post id="SD_70_14147335" ref="SD_70_14147004">
      <post_score>0</post_score>
      <user>Anonymous Coward</user>
      <date>1133347860</date>
      <body>Or once you find the right extension to get session support in your firefox, or use Opera where it just works, if your browser crashes you just launch it again and most things come right back up the way they were.</body>
    </post>
    <post id="SD_70_14147172" ref="SD_70_14146690">
      <post_score>4</post_score>
      <post_moderation>Interesting</post_moderation>
      <user id="SD_812730">Vicsun</user>
      <date>1133346840</date>
      <body>As much as I love Opera and it's email/RSS client, it's not quite the same thing as what Yahoo's offering, the difference being that Yahoo's version is web-based and can be accessed from any computer. I personally use Opera's RSS client at home, since it's just so damn awesome, and Google Reader while on an alien PC.</body>
    </post>
    <post id="SD_70_14146892">
      <post_score>1</post_score>
      <user id="SD_934684">Noog</user>
      <date>1133344740</date>
      <body>develops an application that is just so universal and expandable that it can cope with anything and do anything with any data. It could show RSS as RSS or as email, or MSN it to you or anything. Everyone would have their only person "UNIVERSAL SUPER APPLICATION" that would receive or fetch data in any form and send it to you in your prefered form. I'd write it, but I have a job and so don't have enough time for personal projects.</body>
    </post>
    <post id="SD_70_14147275" ref="SD_70_14147162">
      <post_score>1</post_score>
      <user id="SD_547211">JPriest</user>
      <date>1133347560</date>
      <body>I uploaded a screenshot of Klipfolio here [imageshack.us].</body>
    </post>
    <post id="SD_70_14146753" ref="SD_70_14146560">
      <post_score>1</post_score>
      <user id="SD_934684">Noog</user>
      <date>1133343600</date>
      <body>I thought you were dead or something. I posted insane priest on k5 a while back as a sign of respect.</body>
    </post>
    <post id="SD_70_14146593">
      <post_score>1</post_score>
      <user id="SD_222804">ravan_a</user>
      <date>1133342400</date>
      <body>I love being able to use it in Thunderbird, now to be able to do it when I dont have one of my machines....awesome!</body>
    </post>
    <post id="SD_70_14147893" ref="SD_70_14146647">
      <post_score>0</post_score>
      <user>Anonymous Coward</user>
      <date>1133351040</date>
      <body>I would more like YaHoo! to know what RSS feeds I read than Google. I am sure the Gpeople keep every bit of information in their databases, thus creating a usefull profile of you. At YaHoo! (or -for that matter- Microsoft), this is a simple stand-alone application, that has no further links to other systems - apart maybe from a authentication system.  OK, bring it on, these companies are evil, and Google is not ... blabla ...</body>
    </post>
    <post id="SD_70_14148773" ref="SD_70_14148614">
      <post_score>2</post_score>
      <user id="SD_5882">acroyear</user>
      <date>1133355900</date>
      <body>that's close to what i want, though my user interface ideas are a little different. my current hassles are 1) i really lack the time, 2) i'm actually concerned with preserving extensions, particularly the multiple ways of dating a feed item and getting things mixed properly by true date rather than just by when it was read, and 3) Ajax is still in the process of mucking with my brain over what can and can't be done, considering the last major php project i worked on was 3 years ago.  though really its the time thing more than anything else. i'm heavily doing Java driven Ajax JSPs (and taglibs so the other developers can use my stuff without having to learn a thousand lines of javascript) and am really drained by the end of the day...</body>
    </post>
    <post id="SD_70_14146726">
      <post_score>1</post_score>
      <user id="SD_920266">xoip</user>
      <date>1133343480</date>
      <body>Forget about email as an rss reader...Klip Folio [serence.com] from Serence is way more versitile.</body>
    </post>
    <post id="SD_70_14148812" ref="SD_70_14148614">
      <post_score>1</post_score>
      <user id="SD_5882">acroyear</user>
      <date>1133356080</date>
      <body>actually, i just read that you've seen the date problem as well (and the same solution i had come to). :)</body>
    </post>
    <post id="SD_70_14146663" ref="SD_70_14146641">
      <post_score>3</post_score>
      <post_moderation>Informative</post_moderation>
      <user id="SD_869318">SpaceAdmiral</user>
      <date>1133342940</date>
      <body>Unlike email, people can't just send you an RSS feed. You need to subscribe. (i.e. your RSS-client needs to be set to go check the feed every so often to see if there's anything new)  To the best of my knowledge, if you get spam from this, it's your own fault for subscribing to crappy feeds.</body>
    </post>
    <post id="SD_70_14149553" ref="SD_70_14147172">
      <post_score>3</post_score>
      <post_moderation>Interesting</post_moderation>
      <user id="SD_596022">jpop32</user>
      <date>1133360760</date>
      <body>the difference being that Yahoo's version is web-based and can be accessed from any computer.  And that's why I carry my Opera RSS feeds on a USB stick (basically, you just need to move the Mail directory in Opera's app data dir). You need to have Opera installed on the machine to access it, but I rarely have the need for RSS feeds on other people's computers. As long as my laptop, my work PC and my home PC are synchronized, I'm fine.</body>
    </post>
    <post id="SD_70_14146765" ref="SD_70_14146702">
      <post_score>5</post_score>
      <post_moderation>Funny</post_moderation>
      <user>Anonymous Coward</user>
      <date>1133343660</date>
      <body>Usenet is dying because it is not Web 2.0 Compliant.  Can I tag Usenet groups? Can I delicious them to the bookmarkiverse and flickr them across the photosphere? Can I TrackBack a Usenet post and moblog a counterpost from a flashmob?  No? Not interested. (sips latte)</body>
    </post>
    <post id="SD_70_14146809" ref="SD_70_14146653">
      <post_score>0</post_score>
      <user id="SD_906111">kurt_ram</user>
      <date>1133344080</date>
      <body>Only if you dont use Opera. If you use Opera, you dont need a separate application to manage emails and aggregating RSS feeds. One more reason why Opera is better.</body>
    </post>
    <post id="SD_70_14147737" ref="SD_70_14147097">
      <post_score>2</post_score>
      <user id="SD_33649">generic-man</user>
      <date>1133350140</date>
      <body>They already do that. Here's the RSS feed for a group called "overlib." [yahoo.com] You don't get the full content of posts, but it's useful for getting notifications of new posts.  Personally I prefer to use Yahoo Groups as mailing lists, filtered appropriately, by changing my group options to "receive individual messages." I can even respond to posts by e-mail without going through the awful web interface.</body>
    </post>
    <post id="SD_70_14147162" ref="SD_70_14147115">
      <post_score>2</post_score>
      <user id="SD_86786">brunes69</user>
      <date>1133346720</date>
      <body>... if you don't have that mode selected.  There are multiple modes, see screenshots.  </body>
    </post>
    <post id="SD_70_14148952">
      <post_score>2</post_score>
      <post_moderation>Interesting</post_moderation>
      <user id="SD_5089">adamwood</user>
      <date>1133356860</date>
      <body>OSX users should take a look at Vienna 2 [opencommunity.co.uk]. The author's pedigree is in a conferencing (BBS) off-line reader that did mail and news and the interface is extremely clean and email-like.</body>
    </post>
    <post id="SD_70_14146736">
      <post_score>1</post_score>
      <post_moderation>Interesting</post_moderation>
      <user id="SD_62092">malachai</user>
      <date>1133343540</date>
      <body>Outlook 12 Beta 1 is also incorporating RSS into a mail folder. Seems to be a trend, not necessarily headline news, especially since other mail/news readers have been doing this for a while.</body>
    </post>
    <post id="SD_70_14147004" ref="SD_70_14146867">
      <post_score>2</post_score>
      <user id="SD_33649">generic-man</user>
      <date>1133345640</date>
      <body>And when Firefox crashes due to some JavaScript it didn't like, it takes down your mail client, your newsreader, your word processor, and all your other "applications" with it. I wish Firefox would run every window in its own process like IE does; it would make Firefox feel less "snappy" but it would do wonders for crash resistance.</body>
    </post>
    <post id="SD_70_14146893" ref="SD_70_14146711">
      <post_score>0</post_score>
      <user>Anonymous Coward</user>
      <date>1133344740</date>
      <body>Oh, and if you're afraid of missing an urgent mail item... if something is really urgent, people will call you, believe me.  If it's urgent to them, they will call you. If it's only urgent for you, then you really can't count on that.</body>
    </post>
    <post id="SD_70_14146851" ref="SD_70_14146647">
      <post_score>2</post_score>
      <user id="SD_571416">palad1</user>
      <date>1133344380</date>
      <body> No thanks, I'd rather be invisible and local. You're using HTTP in order to get your xml/rss feeds, right? So that means each and every request may contain one or many of those lovely delicacies known as cookies. Besides, many rss readers rely on the ie activeX for the dirty plumbing stuff. I think I'll stick with stealing the morning newspaper from the paperboy's bike to get my news.  </body>
    </post>
    <post id="SD_70_14146913" ref="SD_70_14146851">
      <post_score>2</post_score>
      <user id="SD_746256">IAmTheDave</user>
      <date>1133344860</date>
      <body>No thanks, I'd rather be invisible and local.  I think I'll stick with stealing the morning newspaper from the paperboy's bike to get my news. Boy, that just went from paranoid to paranoid...er. Companies track trends, its true. My fear is not that Yahoo has some clue as to what I read (shit, when you search for "xxx boobies" they probably know who you are) but it's when the government gets the ability to subpoena that information that I start to get scared.  </body>
    </post>
    <post id="SD_70_14148176" ref="SD_70_14147344">
      <post_score>2</post_score>
      <user id="SD_20121">pmancini</user>
      <date>1133352720</date>
      <body>Oddly this morning I was thinking the same thing - we need to return to a single, simple source for this kind of information that Usenet used to provide. Its great that there are many more outlets, which offers choice, but with so many different interfaces its not been fun and impossible to integrate searching and browsing. I hardly ever go to the Slashdot front page any more now that I use RSS folders in firefox.</body>
    </post>
    <post id="SD_70_14150714" ref="SD_70_14149595">
      <post_score>1</post_score>
      <user id="SD_790228">JhohannaVH</user>
      <date>1133368080</date>
      <body>*thank you*!!!</body>
    </post>
    <post id="SD_70_14147212" ref="SD_70_14146647">
      <post_score>2</post_score>
      <user id="SD_652272">blueZhift</user>
      <date>1133347140</date>
      <body>While I don't believe that there actually is such a thing as anonymity on the internet, that is it is a good assumption that people can always find out who you are, you make a good point. It wouldn't be too much of a stretch for Yahoo or Google to use RSS subscription data for marketing purposes. Indeed, I'd be surprised if they didn't. That said, I like the email+rss idea which if widely adopted will probably increase the popularity of blogs, which may or may not be a good thing...smirk</body>
    </post>
    <post id="SD_70_14147267" ref="SD_70_14146773">
      <post_score>1</post_score>
      <user id="SD_659941">gothfox</user>
      <date>1133347500</date>
      <body>As the enlightened know, Gnus [gnus.org] can do everything. RSS, news, mail, whatever. Seriously (I don't mean parent poster), if you didn't try Gnus and aren't afraid of a little Lisp here and there, give it a try. It will blow your mind away. It's a shame, that for 5 years I've been reading Slashdot, it is actually first time I see Gnus being mentioned in email-related discussion. Those kids with their posh buttony mail clients, Thunderbird, bah!  </body>
    </post>
    <post id="SD_70_14147097">
      <post_score>1</post_score>
      <user id="SD_854800">greensasquatch</user>
      <date>1133346300</date>
      <body>I subscribe to several yahoo groups and would love to see rss feeds for them. They could even make me look at an advertisement with each message instead of just with the index page. The yahoo groups interface is horrible but the content can be quite vaulable, if they made it easier to view I, and many others would probably check it out more often.</body>
    </post>
    <post id="SD_70_14149528" ref="SD_70_14146647">
      <post_score>1</post_score>
      <user id="SD_856231">corblix</user>
      <date>1133360580</date>
      <body>Not to belabor the point, but why would I want a giant provider like Yahoo (or Google for that matter) to have any idea which RSS feeds I am getting? So that they can help you get them, through a convenient, well organized interface. You have certainly pointed out some real disadvantages to this approach. However, it is silly to suggest there are not any advantages.  </body>
    </post>
    <post id="SD_70_14148896">
      <post_score>3</post_score>
      <post_moderation>Interesting</post_moderation>
      <user id="SD_136578">PrimeNumber</user>
      <date>1133356560</date>
      <body>And use RSS as a replacement for email entirely.   This would solve many problems associated with regular email IMHO. Instead of receiving dozens of unsolicited emails a {Day,Week,Month}, why not have a system that enables a person to setup an RSS feed intended only for one user.   For example, Alice gives Bob a link to a feed that only Bob knows about which is encrypted, and only Bob can read and subscribe to. Alice adds another feed for Carol, Dave, ad nauseum. If multiple recipients are required for an email, the client updates the feeds for the intended recipients only. A similar concept could be applied to workgroups, each recipient in a workgroup has the same key, enabling only that group to use the feed.   This would be a great replacement especially in situations where you send email to the same people frequently. And it wouldnt be annoying and disruptive like an IM client, you could read your 'email' feed whenever you want. Just a thought.   </body>
    </post>
    <post id="SD_70_14148112">
      <post_score>2</post_score>
      <user id="SD_2679">Colin Smith</user>
      <date>1133352360</date>
      <body>Why not create a flood fill system which aggregates all RSS feeds? That way a local server at my ISP could have every RSS feed, locally. It'd save a huge amount of bandwidth...  It's a news aggregator which uses a network so we could call it UseNet News! how cool would that be?    </body>
    </post>
    <post id="SD_70_14148614" ref="SD_70_14146820">
      <post_score>1</post_score>
      <user id="SD_885855">Mike Peel</user>
      <date>1133355000</date>
      <body>I'm currently trying to do something like that - KickRSS [kickrss.com] (example [kickrss.com]). Take a look. You might find it useful.</body>
    </post>
    <post id="SD_70_14148572" ref="SD_70_14147720">
      <post_score>0</post_score>
      <user>Anonymous Coward</user>
      <date>1133354820</date>
      <body>Requires many many more features to make it more usable. But frankly I have not seen Yahoo one yet too.</body>
    </post>
    <post id="SD_70_14149183" ref="SD_70_14149160">
      <post_score>1</post_score>
      <user id="SD_901852">adnausium</user>
      <date>1133358360</date>
      <body>...it would be writen in Sindarin, right?</body>
    </post>
    <post id="SD_70_14146852" ref="SD_70_14146647">
      <post_score>1</post_score>
      <user id="SD_679151">krislyn</user>
      <date>1133344380</date>
      <body>Because if you're not doing anything wrong, you've got nothing to worry about? Oh ... woops, never mind.  </body>
    </post>
    <post id="SD_70_14147110" ref="SD_70_14146615">
      <post_score>1</post_score>
      <user id="SD_754221">le blackbeard</user>
      <date>1133346420</date>
      <body> Don't think I've ever seen CmdrTaco reply in comments(...) He often [slashdot.org] does.  </body>
    </post>
    <post id="SD_70_14146641">
      <post_score>1</post_score>
      <post_moderation>Interesting</post_moderation>
      <user id="SD_688799">Kirellii</user>
      <date>1133342760</date>
      <body>You know I use to get hardly any SPAM in the old days. I had to go out of my way to find porn on the internet. Now, it is knocking at the door with enhancements I won't need for decades if ever. Somehow, I just know this is going to be exploited somehow. Can anyone explain this in terms that a Windows user could understand? I am without caffeine this morning and this whole thing makes no sense in my fuzzy state. Is this enhancement needed or just another offer?</body>
    </post>
    <post id="SD_70_14151360" ref="SD_70_14147004">
      <post_score>0</post_score>
      <user>Anonymous Coward</user>
      <date>1133371500</date>
      <body>Since when did IE do that? I don't think I've ever seen IE crash and *not* take down every browser window with it...</body>
    </post>
    <post id="SD_70_14147486" ref="SD_70_14146615">
      <post_score>2</post_score>
      <user id="SD_187512">shokk</user>
      <date>1133348640</date>
      <body>I like Feed On Feeds [shokk.com]. The new Yahoo Mail interface is so terribly slow that I went back to the old version.</body>
    </post>
    <post id="SD_70_14146888">
      <post_score>2</post_score>
      <user id="SD_102189">GangstaLean</user>
      <date>1133344680</date>
      <body>Email provider Fusemail (www.fusemail.com) already does this. Not that it's earth-shattering, but honestly I prefer email integrated RSS.  1. Faster to forward articles of interest 2. One interface to deal with reading text content 3. IMAP shows articles read / unread and supports flaggging, marking of messages  I'm sure I could do this with another program / web site. Why would I want to?</body>
    </post>
    <post id="SD_70_14147776" ref="SD_70_14146711">
      <post_score>4</post_score>
      <post_moderation>Interesting</post_moderation>
      <user id="SD_1630">Mark Hood</user>
      <date>1133350380</date>
      <body>I couldn't agree more.  I used to have my email client beep and flash to tell me I had new email, then I realised I wasn't getting anything done.  So now, it doesn't even tell me if I have unread mail or not - I check it when I'm not busy, and deal with anything then.  People still thought I'll respond instantly, but it doesn't take long to train them that if something needs my attention, call me - and if I'm too busy, leave a voice message. They get priority, email is an 'as and when' proposition now.  Mark</body>
    </post>
    <post id="SD_70_14147214">
      <post_score>2</post_score>
      <user id="SD_80090">perler</user>
      <date>1133347140</date>
      <body>I just can't imagine to have to switch an RSS reader for my feeds. This is IMHO completely against the reason for (at least News-) RSS feeds. I want to know about news on sites automatically, and i want to read these sites without switching to a browser and back to the reader for the next feed. And all this has Opera's Mail Reader M2. The Mail sidebar is permanently open and i get informed about new RSS feeds as about new mail while I browse the web. So it should be. Amen. PAT  </body>
    </post>
    <post id="SD_70_14174816" ref="SD_70_14146627">
      <post_score>1</post_score>
      <user id="SD_615596">TheLoneGundam</user>
      <date>1133623980</date>
      <body>This relates to bandwidth concerns. RSS readers use a polling mechanism, constantly checking at intervals to see if anything's there. At least with e-mail (mailing lists anyway) the "news" source only sends data when there's something new to send. I like the XML-based format of RSS (or better, Atom), but maybe it should be delivered to me, rather than my reader and thousands of others polling for it.</body>
    </post>
    <post id="SD_70_14146985" ref="SD_70_14146891">
      <post_score>0</post_score>
      <user>Anonymous Coward</user>
      <date>1133345520</date>
      <body>I might, if it's an especially formal event, such as a wedding. Otherwise I just stay with my standard t-shirt (or sweater, this time of years) and jeans.</body>
    </post>
    <post id="SD_70_14146802" ref="SD_70_14146753">
      <post_score>-1</post_score>
      <user id="SD_668222">(TK)Dessimat0r</user>
      <date>1133344020</date>
      <body>No way. irc.gnaa.us #gnaa is where I hang.</body>
    </post>
    <post id="SD_70_14146601">
      <post_score>3</post_score>
      <post_moderation>Informative</post_moderation>
      <user id="SD_931268">yapplejax</user>
      <date>1133342460</date>
      <body>The AP is reporting on this [ap.org] as well.</body>
    </post>
    <post id="SD_70_14146653">
      <post_score>4</post_score>
      <post_moderation>Insightful</post_moderation>
      <user id="SD_210566">rueger</user>
      <date>1133342880</date>
      <body>Hmmmph.... news? Thunderbird [mozilla.com] does RSS just fine, and displays the blog page to boot.</body>
    </post>
    <post id="SD_70_14149286" ref="SD_70_14146615">
      <post_score>2</post_score>
      <user id="SD_821951">NardofDoom</user>
      <date>1133358840</date>
      <body>/me goes to Bloglines "There is a problem with the database. Please try again later" Real great stuff they got there...  </body>
    </post>
    <post id="SD_70_14146738" ref="SD_70_14146690">
      <post_score>2</post_score>
      <user id="SD_243679">CliffSpradlin</user>
      <date>1133343540</date>
      <body>Opera has had an email-style RSS feed aggregator for a long time now.</body>
    </post>
    <post id="SD_70_14165526" ref="SD_70_14148149">
      <post_score>2</post_score>
      <user id="SD_203612">Phillip2</user>
      <date>1133516400</date>
      <body>They damn sys admins switched it off. By only supporting one email client and nobbling all the others, they ensure that they have to do the minimum amount of work necessary, while their users have to put up with a crap client.  Great plan. For them.  Phil</body>
    </post>
    <post id="SD_70_14146961">
      <post_score>0</post_score>
      <user>Anonymous Coward</user>
      <date>1133345280</date>
      <body>Hey Yahoo! Cool idea but how about letting paying customers actually USE THE DAMN THING?!?</body>
    </post>
    <post id="SD_70_14146647">
      <post_score>4</post_score>
      <post_moderation>Insightful</post_moderation>
      <user id="SD_17400">CodeShark</user>
      <date>1133342820</date>
      <body>Not to belabor the point, but why would I want a giant provider like Yahoo (or Google for that matter) to have any idea which RSS feeds I am getting? Give me a local machine (which is to say non-spyware) version of this and I might just be interested because then my RSS choices don't automatically associate me with any particular group in the corporate and/or government mindsets. For example, if a particular RSS feed is read frequently by a known terrorist, I am also then to be associated with a known terrorist? No thanks, I'd rather be invisible and local.  </body>
    </post>
    <post id="SD_70_14147469" ref="SD_70_14147110">
      <post_score>0</post_score>
      <post_moderation>Offtopic</post_moderation>
      <user id="SD_809368">McFadden</user>
      <date>1133348580</date>
      <body>He often does Wow... October 27th must have been a slack day for news....  </body>
    </post>
    <post id="SD_70_14152371" ref="SD_70_14148896">
      <post_score>1</post_score>
      <user id="SD_735836">philntc</user>
      <date>1133378760</date>
      <body>a system that enables a person to setup an RSS feed intended only for one user.  You mean kind of like a white-list? Wouldn't similar problems with white-lists arise in this method too?  For example, the case where I have never met you, yet would like to communicate with you. How do I get you to subscribe to my blog feed if you don't know me? I'm not sure the approach works for personal mail.  Now, for broadcast mail like newsletters and the like. I believe, blog feeds are becoming the defacto standard for solicited corporate communications. Totally opt-in, and no ugly "push" technology involved, just take what you like, leave the rest behind...</body>
    </post>
    <post id="SD_70_14146843" ref="SD_70_14146615">
      <post_score>1</post_score>
      <user id="SD_465474">halr9000</user>
      <date>1133344320</date>
      <body>+1 And it also works *great* on a small screen PDA or phone. They automatically serve a lighter weight html/css/jscript for those devices.</body>
    </post>
    <post id="SD_70_14147672">
      <post_score>1</post_score>
      <user id="SD_3037">wardk</user>
      <date>1133349720</date>
      <body>Wow. it's deja vu alll over again</body>
    </post>
    <post id="SD_70_14146867">
      <post_score>1</post_score>
      <post_moderation>Offtopic</post_moderation>
      <user id="SD_934803">stavromueller</user>
      <date>1133344560</date>
      <body>I hate platform-based email clients. I can get my mail, RSS feeds, and a whole boatload of crap I don't need from my personalized Google home page and it loads in under a second. I don't have to have some memory-hogging program eat my RAM when I'm don't even care to check the news or mail, and the information is right in front of me whenever I open an internet browser...which is probably the most used application on my computer.  Long live Google.</body>
    </post>
    <post id="SD_70_14146848" ref="SD_70_14146802">
      <post_score>1</post_score>
      <user id="SD_934684">Noog</user>
      <date>1133344380</date>
      <body>http://www.kuro5hin.org/story/2005/10/31/17417/635 [kuro5hin.org] Yeah K5 is crap anyway. They anonied all my accounts the other day for no apparent reason.</body>
    </post>
    <post id="SD_70_14146711" ref="SD_70_14146616">
      <post_score>5</post_score>
      <post_moderation>Interesting</post_moderation>
      <user id="SD_526365">JaredOfEuropa</user>
      <date>1133343360</date>
      <body>  Be careful with this UI concept: email demands immediate attention.  Only if you let it. Many people do treat email like the phone or an IM client, but reading and responding to email is a task in its own right; something you should sit down for and focus on. If you get lots of email, try ignoring incoming mail if you're working on something else (turn the "new email" sound off!). When you feel like it, process all items in your inbox in one go. Trust me, you'll feel much less "swamped" by your email this way. Oh, and if you're afraid of missing an urgent mail item... if something is really urgent, people will call you, believe me.  With that said, I prefer the specialised RSS readers over Outlook-lookalikes.</body>
    </post>
    <post id="SD_70_14147195" ref="SD_70_14146613">
      <post_score>2</post_score>
      <post_moderation>Funny</post_moderation>
      <user id="SD_157160">hummassa</user>
      <date>1133347020</date>
      <body>MODERATORS PLEASE MOD PARENT -6 Unfunny. Or someone in his area take him behind the barn and end his misery.</body>
    </post>
    <post id="SD_70_14149595" ref="SD_70_14146765">
      <post_score>2</post_score>
      <user id="SD_708359">happyfrogcow</user>
      <date>1133361060</date>
      <body>No? Not interested. (sips latte)  this is where we slap you with a wet trout...  </body>
    </post>
    <post id="SD_70_14150419" ref="SD_70_14146811">
      <post_score>1</post_score>
      <user id="SD_767686">eatjello</user>
      <date>1133366580</date>
      <body>your faith in the US judicial process leads me to believe you haven't read your RSS feeds lately. Many US citizens have been arrested merely based on their associations lately; some have been sent to Gitmo, where the Geneva accords are considered suggestion, not policy. I would not be surprised if subscribing to a radical Islam RSS feed would get you arrested and questioned within a matter of days. In fact, anyone brave enough to try this and find out for the rest of us?</body>
    </post>
    <post id="SD_70_14172496" ref="SD_70_14146765">
      <post_score>0</post_score>
      <user>Anonymous Coward</user>
      <date>1133579460</date>
      <body>The missing element of the equation!  1. flashmobing the flickrverse through moblog trackbacks 2. latte 3. profit!  It all seems so simple now.  P.S. "Web 2.0" is like, so, 2004.</body>
    </post>
  </posts>
</thread>
