<?xml version="1.0" encoding="iso-8859-1"?>
<!-- this file has been obtained by crawling internet sites by
Fundacio Barcelona Media please, access this site:
caw2.barcelonamedia.org to read the terms and conditions of use
 -->
<thread id="SD_518_2043225">
  <subdomain>games</subdomain>
  <title>Machinima With A Political Voice</title>
  <admin>Zonk</admin>
  <user>Moe Napoli</user>
  <date>1133631720</date>
  <topics>
    <main>Games</main>
    <secondary>Politics</secondary>
  </topics>
  <body>"While machinima has long promised itself as a way to democratize animated filmmaking, it might finally be finding its way out of the steady stream of crass comedy and frag videos. Filmmakers with a desire to express their political views are using machinima as way of articulating their perspectives. One film that's gaining a lot of attention for its political message is The French Democracy, a machinima about the suburban riots in France, and made with Activision's recently released game/machinima app, The Movies. Additional commentary about the film is also on Clive Thompson's  Collision Detection and Paul Marino's  Thinking Machinima."</body>
  <posts>
    <post id="SD_518_14176348">
      <post_score>2</post_score>
      <user id="SD_186257">mbourgon</user>
      <date>1133646660</date>
      <body>I've seen Machinima before, and with a few exceptions, it's very obvious that they're using a video game to do this. I think The Strangehood(?) got around that, but this.... this was amazing. Like a low-fi CGI movie. How long did this take to script? To "shoot"?</body>
    </post>
    <post id="SD_518_14203788">
      <post_score>1</post_score>
      <user id="SD_862522">writerjosh</user>
      <date>1133961180</date>
      <body>I don't think Machinima will take off as a higher art form simply because it only has one basic look. It would be really interesting to see if the makers of The Movies could add more and more options for stylized looks (lighting, color schemes, action sequences, etc). Now that would be interesting.  Also, I don't see why a live-action director couldn't simply use The Movies to layout their entire film before every shooting a single frame of film. This way, the director can visually articulate his vision to his/her crew in a very economical way.</body>
    </post>
    <post id="SD_518_14177496" ref="SD_518_14176450">
      <post_score>0</post_score>
      <user>Anonymous Coward</user>
      <date>1133673000</date>
      <body>It needs... ActiveX? To stream video?</body>
    </post>
    <post id="SD_518_14178693" ref="SD_518_14177848">
      <post_score>1</post_score>
      <user id="SD_152620">belg4mit</user>
      <date>1133697660</date>
      <body>Oh I watched it (hence the misspelled French as a dig), and the ability to recognize it as a "dramatic reenacment". I want my 20 minutes back (it's 13 but the crap site setup ate additional time)</body>
    </post>
    <post id="SD_518_14177367">
      <post_score>1</post_score>
      <user id="SD_716567">Jesrad</user>
      <date>1133668560</date>
      <body>I'd just like to point out that France is not a democracy, but a republic. Thank you for your inattention.</body>
    </post>
    <post id="SD_518_14175348">
      <post_score>-1</post_score>
      <post_moderation>Troll</post_moderation>
      <user>Anonymous Coward</user>
      <date>1133632800</date>
      <body>Both "The Movies" site and the movie itself don't work in Firefox for me. Hopefully this story isn't limited to windows users.</body>
    </post>
    <post id="SD_518_14176450">
      <post_score>1</post_score>
      <user id="SD_864012">Premo_Maggot</user>
      <date>1133648280</date>
      <body>Your browser is not configured correctly to receive WMV streamed video Please refer to our FAQ [lionhead.com]</body>
    </post>
    <post id="SD_518_14179756" ref="SD_518_14175699">
      <post_score>1</post_score>
      <user id="SD_460585">wheany</user>
      <date>1133709960</date>
      <body>You can make two girls kiss eachother? Hot damn! I've gotta get me that game!</body>
    </post>
    <post id="SD_518_14176544">
      <post_score>2</post_score>
      <user id="SD_152620">belg4mit</user>
      <date>1133649840</date>
      <body>Seriously, what's the point? It's an oddly gesticulated recap of recent events. Think "dramatic renactment" from Unsolved Mysteries and you get the idea. Wahoo, or should I say Youpee (sic).</body>
    </post>
    <post id="SD_518_14178988" ref="SD_518_14176348">
      <post_score>1</post_score>
      <user id="SD_826364">Moe Napoli</user>
      <date>1133700960</date>
      <body>FWIH, the film took about a week to script/shoot. The filmmaker purchased the game specifically to make this film - though having a game as part of the machinima application was the icing on the proverbial cake. ;-)</body>
    </post>
    <post id="SD_518_14176024" ref="SD_518_14175348">
      <post_score>0</post_score>
      <post_moderation>Redundant</post_moderation>
      <user id="SD_853833">Ailure</user>
      <date>1133641200</date>
      <body>Funny, when I tried it in Firefox it didn't work... yet other sites I use works with WMC.  And when I tried it in IE, the plugin itself loaded but it was like the content didn't get downloaded... Why not supply a simple download link?</body>
    </post>
    <post id="SD_518_14175441">
      <post_score>2</post_score>
      <post_moderation>Interesting</post_moderation>
      <user id="SD_914079">JamesInsomniac</user>
      <date>1133634060</date>
      <body>I knew people were going to take "The Movies" and make actual movies. Before, making machinima was hard and annoying. You needed a couple friends, a couple of X-Boxes, and a lot of free time. Now with this game, it has become so much easier to make machinima. I hope I see more political pieces like this. Maybe, just maybe, Machinima will be looked at as a higher art form... Probably Not...  </body>
    </post>
    <post id="SD_518_14175632" ref="SD_518_14175348">
      <post_score>1</post_score>
      <user id="SD_6865">Seumas</user>
      <date>1133636460</date>
      <body>Same here using Camino on OSX. Note that the FAQ on the site does say it works in FF if you have WMV configured properly (I do) and that if you have any problems to contact them so they can try to work it out. It's not like they're not trying or at least giving the impression of trying to work across multiple platforms.</body>
    </post>
    <post id="SD_518_14176465" ref="SD_518_14176450">
      <post_score>2</post_score>
      <user id="SD_152620">belg4mit</user>
      <date>1133648580</date>
      <body>Yeah, crappy design. There's a text link to download on the lower left of the image though.</body>
    </post>
    <post id="SD_518_14225323" ref="SD_518_14176544">
      <post_score>2</post_score>
      <user id="SD_3605">pudge</user>
      <date>1134158460</date>
      <body>I just saw this and I think you're too kind. It's not only a boring recap, it's a boring recap that seeks to in some way justify the unjustifiable. Oooo, I spent a night in jail because of a stupid law or stupid cops, so now I am going to destroy the cars of my neighbors who had nothing to do with it! Lookee me, I am irrationally lashing out at society!</body>
    </post>
    <post id="SD_518_14175493" ref="SD_518_14175441">
      <post_score>0</post_score>
      <post_moderation>Troll</post_moderation>
      <user id="SD_6865">Seumas</user>
      <date>1133634780</date>
      <body>I didn't know people who bought SIMS and The Movies games had a political voice. Or at least, one that reached beyond what soda is king.</body>
    </post>
    <post id="SD_518_14175718" ref="SD_518_14175699">
      <post_score>0</post_score>
      <post_moderation>Troll</post_moderation>
      <user id="SD_6865">Seumas</user>
      <date>1133637420</date>
      <body>Maybe it's just me, but I've never met anyone who "enjoyed" the sims line of games any differently than a junkie enjoys her crack. That is to say, there's no sim playing and then there's "disrupting my life" sim playing. I don't think I've seen anything in between.  I happened across some documentary about SIMS players the other night on MTV or some channel like that. The people they profiled actually SCARED me.</body>
    </post>
    <post id="SD_518_14177845" ref="SD_518_14177367">
      <post_score>0</post_score>
      <user>Anonymous Coward</user>
      <date>1133682780</date>
      <body>Yes, our country is quite curious in that we abandoned the monarchy -- for a republic in which the President has just about the powers of the king. Oh well, as long as the socialists don't get to power, all's fine.</body>
    </post>
    <post id="SD_518_14177848" ref="SD_518_14176544">
      <post_score>2</post_score>
      <post_moderation>Interesting</post_moderation>
      <user id="SD_749745">Ape_the_Dog</user>
      <date>1133682840</date>
      <body>I think the news is that machinma can be used to spread political ideas now. Arguably, this is not the kind of movie I would watch for my own enjoyment, as the acting is a bit stale, but still, it's there now, and available to all - where before it was only available to those who really wanted to put a lot of effort into the thing.  It's also not entirely a gesticulated recap of recent events, as the movie shows you what happened, but also gives you background stories to three characters lives - detailing where the frustrations of the kids came from - something that whilst it might have been mentioned, had never been shown the news. Maybe you didn't watch the thing?</body>
    </post>
    <post id="SD_518_14175699" ref="SD_518_14175493">
      <post_score>2</post_score>
      <user id="SD_669505">bluemeep</user>
      <date>1133637180</date>
      <body>I didn't know people who bought SIMS and The Movies games had a political voice. Or at least, one that reached beyond what soda is king. Er... Why wouldn't they have views on politics? Not everyone that plays The Sims is a bored homemaker or 9-year-old giggling that they can make two girl models kiss each other. What does enjoying a particular genre of gaming have to do with politics?  </body>
    </post>
  </posts>
</thread>
