<?xml version="1.0" encoding="iso-8859-1"?>
<!-- this file has been obtained by crawling internet sites by
Fundacio Barcelona Media please, access this site:
caw2.barcelonamedia.org to read the terms and conditions of use
 -->
<thread id="SD_455_0438219">
  <subdomain>yro</subdomain>
  <title>Tech Firms, Don't Fence Us In</title>
  <admin>ScuttleMonkey</admin>
  <user>Vitaly Friedman</user>
  <date>1145424960</date>
  <topics>
    <main>Media</main>
    <secondary>Politics</secondary>
  </topics>
  <body>"A proposed broadcasting law by the European Commission that would regulate emerging media formats in the same way as traditional broadcasting companies draws fire from the companies who say they will be hurt by a one-size-fits-all mentality. From the article 'An alliance of companies, including ITV, Yahoo, Vodafone, Intel and Cisco Systems, warned that a European Commission proposal to impose rules for traditional broadcasters on new media providers could have "unintended consequences" and hurt investment.'"</body>
  <posts>
    <post id="SD_455_15155931">
      <post_score>5</post_score>
      <post_moderation>Informative</post_moderation>
      <user id="SD_963289">Whiney Mac Fanboy</user>
      <date>1145425080</date>
      <body>Business week carrying this story [businessweek.com]. But it has a couple of snippets missing from the wired report:  1) Its not An alliance of companies, including ITV, Yahoo, Vodafone, Intel and Cisco Systems, warned that...., its an alliance of British companies (and British subsiduries of US companies)  2) The wired article makes no mention of what the actual rules are. From business week: Those rules include limits on hate speech, advertising and the kind of content that can be broadcast to children.  I'm not a big fan of censorship by any stretch of the imagination &amp; I don't particularly support these rules - but I do find wired's reporting of this situation a little skewed (I wonder if wired thinks they'll be effected by this?)</body>
    </post>
    <post id="SD_455_15159676" ref="SD_455_15157517">
      <post_score>2</post_score>
      <user id="SD_24833">Hast</user>
      <date>1145453400</date>
      <body>I wasn't making a statement about cell coverage in the US. I have actually never attempted to use a GSM phone in the states so I have no clue about it. (Friends who have been there have not had a problem though.)  I think the interesting statement that started this was that in the US it was believed that the invisible hand of the free market would fix everything wrt different cell phone technologies. Turns out it didn't work very well. While it's nice that GSM (and other techs) coverage is good now in the US that's what it's been here for the last 10 years.  The key point was that a centrally mandated technology worked better (for the consumers and the market) than a good old free for all.</body>
    </post>
    <post id="SD_455_15168353" ref="SD_455_15165275">
      <post_score>2</post_score>
      <user id="SD_24833">Hast</user>
      <date>1145544960</date>
      <body>That was certainly a long and well thought out response, thanks! Always fun to get discussions going. :-)  You're right that I've missed the boat a bit on the capacity of the different networks. Particularly wrt 3G in the US. I really never grasped that EVDO was a 3G technology, it seemed more like GPRS or EDGE seen here in Europe. Probably my mistake is that I only hear about it from techies who only use it for data transfer for their computers.  Now when you talk about IS-136 and AMPS at the same time as "Lapland" (which is only a part of Sweden - it's just that's it's really big and no-one really lives there ;-) I get the feeling that AMPS is the same, or similar technologies as what in Sweden was called "NMT". Or in short the analog system which was in use all over Sweden before GSM replaced it. (Looking at wikipeadiea is suggests that IS-136 is a continuation of AMPS into 2G systems and that AMPS was similar to NMT.)  As such I do agree that AMPS was for its time most certainly the right choice to use. OTOH I disagree that it was a poor techincal descision to replace it (or in Eu's case NMT and similar techs) with GSM.  As I commented before GSM specifies an entire stack of phone functionality. I'd say it's a pretty good demonstration of how solid that technology was is that it has certainly spawned the biggest unified market as well as being used in next gen networks UMTS). Naturally part of that last bit is mostly because backwards compatability makes the transition easier.  I'd also say that the European decision to go with a clean slate and a unifying standard was the right way. Europe did have a similar situation as the US at the time with everyone and their dog using different systems. Naturally these were all mostly incompatible.  However I do agree that it makes my comment before of referring to IS-136 as "incompatible with GSM" rather backwards. I would however say that I believe that the fierce market driven economy in the states caused the old tech in AMPS to be patched and expanded longer than was suitable. My point is that the reason Cingular (which used that tech as I've understood it) didn't switch to another system is because it was not economically viable. If the competition didn't switch they'd be destroyed.  OTOH in Europe all carriers were forced to switch if they wanted to get into the 2G game. So everyone there was on an equal(ish) footing.  I may be putting words in your mouth though and I'm not sure if you disagree with me on all these points. To reiterate: I feel that the decision to go with GSM was correct both technologically and economically. It created an ultimately freer market which gives users better phones as well as give them the freedom to select which ever phone they want. Naturally many of the decisions in which technologies were selected to incorporate into GSM were made on a patriotic (in the very strange sense that the Eu acts patritically) foundations. I doubt that American companies had a lot of hope of getting their technologies into the standard (with attached royalty naturally).  So I say that the reason your dad is now in a bad spot is that the US market is still fragmented wrt to technologies. If a winning technology had been available there he could have used such a system instead. However the American carriers were hampered with short-sighted goals (update old technology, no sims in phones, incompatible phones hence too small market to get a many makers of phones going) that they lost in the end. My main gripe with that is that I fail to see how GSM or the Eu can be blamed for that?  But I realise that this discussion may have been turned around a bit as it's easy to get caught up in the details when you're having fun arguing. I know I do.</body>
    </post>
    <post id="SD_455_15157515" ref="SD_455_15156054">
      <post_score>2</post_score>
      <user id="SD_769423">RexRhino</user>
      <date>1145439060</date>
      <body>In other news, Hannibal Lector complains that anti-cannibalism laws unfairly restrict his choice of dishes.  No, it is more like trapped victims telling Hannibal Lector that a vegetarian diet reduces heartburn.</body>
    </post>
    <post id="SD_455_15156182" ref="SD_455_15155965">
      <post_score>0</post_score>
      <user>Anonymous Coward</user>
      <date>1145429760</date>
      <body>  (Assuming I'd ever want to go to France, I am American you know.)   Well, thats a change for you. Not too many years ago, it was an established stereotype that Yanks who behaved good in this life went to France in their afterlife.  Ditto for Brits who behaved badly...</body>
    </post>
    <post id="SD_455_15156148">
      <post_score>3</post_score>
      <post_moderation>Informative</post_moderation>
      <user id="SD_140883">Aceticon</user>
      <date>1145429340</date>
      <body>Europe has a much more deeper level of product regulations than the US. This is done for consumer protection.  Typically the extra rules you see in place in Europe are intended to either: - Minimize or eliminate the possible damage to consumers caused by long term exposure to something which is contained in a product. - Make sure that the consumer is informed of the possible negative long term effects of something contained in a product so that the consumer can do an informed choice.  Although things that harm you immediatly are forbidden in products in both Europe and the US, the difference of regulations in both places makes it so that for things that (might) harm you in the longer run, in Europe one or more of the following will happen: - Its outright forbidden to sell products that contain it. - Its outright forbidden to sell products that contain it to certain age groups (typically children). - Manufacturers are mandated by law to inform the consumers of the possible negative side-effects of their products.  The law in the US is much more lax when it comes to both controlling access to products with possible negative long term effects and making sure that consumers know of those risks before actually buying a product.  Thus for example, there is a very well defined set of which chemical additives which are allowed on processed food products.  Another example is that (non-encrypted) public televisions broadcasters cannot broadcast "young adult" content before a specific hour and/or have to rate their content according to a standard "appropriated for age" table and provide those ratings when advertising that content and immediately before broadcasting it. (Rules for subscription and/or cable broadcasters are usually less strict)  Which brings us to the OP: - European legislators want to apply to all kinds of public broadcasters the same consumer protection rules already in place for those broadcasters that openly broadcast television by means of radio waves.  Thus things like providing timelly and appropriated information about the adequacy of their content to be viewed by kids.  What's the problem with that?  They're still perfectly free to setup direct-to-consumer online shops that show porn or whatever - consenting adults still have access to whatever they want to see while those parents that don't want their kids to see porn shows can more easilly know what to let or not their kids see.  PS: Note that for all the "regulations" in Europe versus "self-policing" in the US, there was still no problem whatsover with seing Janet Jackson's tittie on the tele around here (compared with some shows one can see after a certain hour of the day, seing JJ's breast in the open was positivelly mild) while in the US most broadcasters self-censured themselfs. No treats for anyone which guesses which place is in practice more open ...</body>
    </post>
    <post id="SD_455_15160278" ref="SD_455_15155990">
      <post_score>0</post_score>
      <user>Anonymous Coward</user>
      <date>1145457180</date>
      <body>>> Is that online content doesn't know about borders. If I post a hate filled advertisement for children in the United States, will I find myself hauled before a French court?  > No. European newspapers, broadcasters and other media organizations are the only ones affected, of course.  Wrong! There's some EU company trying to enforce a judgement obtained in a French court against a US website over material that is legal in the US (it is not copyrightable). With the Internet, there are lots of politicians trying to make their laws extend their borders over places they have no control of by law.</body>
    </post>
    <post id="SD_455_15156448" ref="SD_455_15156173">
      <post_score>2</post_score>
      <user id="SD_856713">creysoft</user>
      <date>1145432580</date>
      <body>I believe what my esteemed colleague is trying to say is that, when evaluating whether to apply an existing set of rules to a new medium, perhaps we should first consider the validity of the existing rule set. Failure to do so is a dangerous overestimation of our own competence as a people.  Just my $0.02.</body>
    </post>
    <post id="SD_455_15163306" ref="SD_455_15160448">
      <post_score>2</post_score>
      <user id="SD_24833">Hast</user>
      <date>1145499420</date>
      <body>Well I'd say 3 years is a very short period of time. 3 years ago the rest of the world (well the parts using GSM as well as Japan) bagan moving to 3G systems. (Still using parts of the GSM system but over new and faster carrier systems.)  Now it was some time since I was studying mobile phone systems at a basic level. What I feel was the greatest benefit of GSM was that it specified not only the radio layer but all of the funtions needed on the phone. It's kind of comparing only the physical carrier (CDMA, TDMA) of the OSI model with an entire network stack. It may well be that the network layer of CDMA is quite a bit better than TDMA (ignoring the later versions of WCDMA and CDMA2000). Since GSM specifies the entire stack this means that phones are compatible to a higher degree. Which means that handset producers can compete instead. And as long as you have a good carrier network (which USA is apparently getting the last few years) handsets are much more interesting to the consumer.  You claim that CDMA operators don't want this competition, I guess that may be true. I can't really see how it would benefit the consumers to have less choice or to be tied heavily into that operators phones.  Now I'm sure your dad may blame his new GSM phone. It would make more sense blaming the company pouring money in an incompatible network (IS-136) instead of following the rest of the world. (Where rest of the world is pretty much Euroupe-Asia.)</body>
    </post>
    <post id="SD_455_15161764" ref="SD_455_15155973">
      <post_score>1</post_score>
      <user id="SD_695370">MotherSuperior</user>
      <date>1145474040</date>
      <body>As a 'died (dyed?)-in-the-wool' capitalist as well, I have to point out a couple of things. First, it may seem like it's been a long time since mobile phones were pervasive in the US, but when you're talking about something with as massive an impact on our communications structure and the telecom business as a whole - obviously a major part of our economy - you'll have to be a little more patient, in waiting for those market forces. It's going to take a while for the dust to settle - possibly to the tune of 7-10 more years. Does this benefit the consumer? Arguable, but irrelevant in my opinion. There are some chinks in the armor of the theory of free market capitalism. Periodically, competition will not sort itself out in an immediate, clean fashion, and this will be a detriment to consumers. However - it's important, in my opinion, for consumers to just 'suck it up' in those rare instances - and vote with their pocketbooks, perhaps thru boycotts or the like, on getting the market turmoil sorted out. Frankly, most of us probably don't even care at this point, which mobile communications standard we're on - so just don't buy ANYONE'S cell phone until they agree on a standard. It's important that we don't go about imposing Federal regulations in situations where market forces don't initially appear to be doing their job. It sets a bad precedent. It's a wide open invitation to a huge slippery slope. I hate to be one of those people who say 'One person can make a difference'.. but from recent experience forcing myself to believe this, it seems to be true. I've made various in-roads at the State level here in CA by just keeping the letters coming - I have directly seen policies change as a result of my complaints. The same is true of large corporations. A high-level DMV representative explained it very nicely and candidly to me. Most people in high-level positions in government or business are actually reasonably ethical. Most still believe in democracy, and the constituent response to a given decision. However, at a given discussion, sitting around the table you have elected officials and their aides, and a bunch of lobbyists. The lobbyists present their case, and the Governor turns to the elected and appointed officials and says, "What about the constituent response." 99% of the time, there is none to speak of. According to this representative - who admittedly could have been blowing smoke - there is a lot of frustration even in the government, because the one thing with real power versus corporate interests is STILL the word of the people, and during committee discussions, they simply don't have a 'word of the people' to present. I digress. My point is - just because market forces haven't sorted this out, doesn't mean we should be crying for regulation to do it for us. FORCE the market to sort itself out. Make the phone calls. Send the e-mails. Make yourself a huge pain in the ass. Cost them so much money in man-hours responding to your bitching that they cave. It works. Trust me.  </body>
    </post>
    <post id="SD_455_15156133" ref="SD_455_15155952">
      <post_score>1</post_score>
      <user id="SD_889206">TransEurope</user>
      <date>1145429040</date>
      <body>The real question is: Must the fence made of electomagentic signal absorbing copper be build at our (DE) waterside or across the rhine at the french side. Well, the debates will take so much time, that computer technology will be outdated at these days... *g*</body>
    </post>
    <post id="SD_455_15156022" ref="SD_455_15155999">
      <post_score>1</post_score>
      <user id="SD_187439">oliverthered</user>
      <date>1145427180</date>
      <body>it is the latter, well european companies in europe. I'm not sure if it covers export too e.g. Enropean media companies advertising hate porno to children in the US.</body>
    </post>
    <post id="SD_455_15157369" ref="SD_455_15155973">
      <post_score>2</post_score>
      <user id="SD_886271">YesIAmAScript</user>
      <date>1145438160</date>
      <body>For starters, cell phone usage is cheaper in the US. Even before you consider what you get in terms of free roaming nationwide.  I just checked Orange UK. Let's see, I'd like 200 minutes and 100 texts. That's 25 Pounds. That's about US$40.  Now, let's go to Cingular. Cingular not even being one of the cheaper plans. Let's see what I get for US$40. I get 450 minutes, with lots of night/weekend minutes too! To get that on Orange would cost 40 pounds. And don't forget, if you call a cellular phone in Europe, you have to pay. In the US, not only is the monthly fee of the cellular customer paying for the landline guy to call him free, but if they're both on cellular, there's a chance the call is "free".  I do hear your thing about coverage maps. That's an interesting point. To eliminate those, you not only all need to use the same protocol, you also need to have 100% cross roaming agreements. If there's a single tower out there you can't use, then you are in a "coverage map" situation.  When I was on Verizon (previously GTE) I didn't have any need for coverage maps, I just had coverage everywhere. When I switched to Sprint and then Cingular my coverage dropped, but it's still damn good. Unless you truly go away from the things of man, you're gonna have coverage.  The GSM mandate had some interesting effects. It is what made the massive problems with compatibility. I personally owned an AMPS phone before GSM started up. Why couldn't GSM have been AMPS compatible? The Europeans designed it to be incompatible, and then oddly put the blame on Americans for not using GSM. Well, we already had many customers who would have been hurt by making their ($500+) phones stop working. It simply wasn't an option. The same thing happened in Finland, where AMPS went on quite some time. The US finally eliminates AMPS next year.  I think the GSM mandate worked out in Europe because it helped break the problem with landline operators holding people over a barrel. Landlines were so expensive, cell coverage was cheaper than a landline and so it took off like a rocket and brought a valueable services to the customer. I think a GSM mandate in the US wouldn't have had nearly as many positive effects.  Addititionally, the GSM mandate is really hurting now. GSM is obsolete. It just doesn't have the bandwidth efficiency it needs. And to add insult to injury, the flexibility to add more towers to fix the problem is more limited. CDMA bests it greatly on both cases.  As I make my GSM calls with the GSM half rate codec, I notice how GSM service is noticeably inferior to other options. But in Europe, the law prevents any exploration of any other options. GSM is mandated in all the decent frequency bands (900/1800). 1800 already requires many many cell cites to prevent deadspots, since it can't get through walls well. 3G-type frequncies (2100 in Europe), won't provide any comptition (notably because the same operators own those frequencies).  It's too bad the phones on CDMA suck so bad, and Verizon thinks that phone features are something they should be able to charge for or remove.</body>
    </post>
    <post id="SD_455_15157171" ref="SD_455_15156664">
      <post_score>2</post_score>
      <user id="SD_724378">planetmn</user>
      <date>1145437020</date>
      <body>I don't know where you got a US population density of 80/sq km.  Mostly copied from my post above:  US: 9,161,923 sq km, 298mln pop, approx 33 people/sq km, would require 2381 GSM base stations (CIA factbook) Europe: 9,938,000 sq km, 727mln pop, 73.15 people/sq km, would require 2582 GSM base stations (worldatlas.com) Sweden: 449,964 sq km, 9mln pop, approx 20 people/sq km, would require 117 GSM base stations (CIA factbook)  So while Sweden's population density is lower than the US, it's not lower by much, but the area of the US (which is going to add to the cost of rolling out a network very quickly) is 20 times that of Sweden.  -dave</body>
    </post>
    <post id="SD_455_15156045" ref="SD_455_15155952">
      <post_score>2</post_score>
      <post_moderation>Funny</post_moderation>
      <user id="SD_624423">Patrik_AKA_RedX</user>
      <date>1145427660</date>
      <body>The French-German border is called Belgium you insensitive clod!</body>
    </post>
    <post id="SD_455_15157526" ref="SD_455_15157433">
      <post_score>2</post_score>
      <user id="SD_804522">Jaruzel</user>
      <date>1145439120</date>
      <body>It'd be a short list...  However it would also probably be the sum of all /. knowledge...  Seriously tho, is it me, or are we finally seeing the (slow) demise of the 'first post!' syndrome?  -Jar.  </body>
    </post>
    <post id="SD_455_15161012" ref="SD_455_15158183">
      <post_score>1</post_score>
      <user id="SD_7445">JanneM</user>
      <date>1145464380</date>
      <body>In the US at least, there is no 'freedom from hearing'  But there is. The US, too, has similar restrictions on speech as Europe does. I think US people get hung up on the "hate speech" term since they don't use it themselves in a legal context, and the term has connotations there of affirmative action and other civil rights issues.  "hate speech" (the term differs per country) is of course well defined, legally. And for the inevitable gray areas, well, thet's what we have courts for - just like for any other law out there.  What it is, at its heart, is a restriction on inciting violent crime, with the bar extremely high (but not nonexistent) for private citizens and in general, and with the bar lower for broadcasting and publishing (where a lot of people hear the message) and also lower when it is directed at groups that are especially vulnerable, and it's especially likely it will result in violence. And you have that in the US as well - if you scream "grab that sucker and kick his brains out!" and your friends doe just that, you can't hide behind free speech; you'll be found guity of inciting the beating.  Completely separate from that is specific laws in some countries (mostly Germany and France, I think), that forbid the use of Nazi symbols in media. Most EU countries do not have those laws, and it's not part of any EU-wide regulation either.</body>
    </post>
    <post id="SD_455_15157152" ref="SD_455_15156045">
      <post_score>1</post_score>
      <user id="SD_140883">Aceticon</user>
      <date>1145436900</date>
      <body>Actually Belgium sits between Holland and France (it's basically an west-east strip between those countries).  And yes, Belgium is short enough that when riding from somewhere in France to somewhere in Holland one mostly notices Belgium because roads are worse and there are less traffic signs indicating which roads leads to where.  The country of belgium chocolate and Claude Van Dame though.</body>
    </post>
    <post id="SD_455_15156030" ref="SD_455_15155975">
      <post_score>1</post_score>
      <user id="SD_573697">hackwrench</user>
      <date>1145427420</date>
      <body>...consuming more bandwidth over a greater area. Print is not broadcast.</body>
    </post>
    <post id="SD_455_15159433" ref="SD_455_15157941">
      <post_score>2</post_score>
      <user id="SD_24833">Hast</user>
      <date>1145451840</date>
      <body>Well, I can't really say I see how you claim that those points are facts or how what you are doing is following them to their logical conclusions. I guess I can adress the three statements you make though.  1) What is "this" referring to? Are you a Swede or are you insinuating that it's a statement I made?  Lets now include number 3) as it's essentially the same statement, though phrased slightly differently. I guess it's better rethoric if you have three statements instead of two.  Perhaps it should, again, be pointed out that shutting down that site was deemed incorrect and caused the ultimatily responsible minister to resign her post. I would say that's a pretty clear indication that it was not considered all right.  Now is freedom of speech more important than possible vandalism and attacks? Yes, I would say that it is. OTOH it's quite clear that what the neo-nazis were doing was only puring gasoline on the fire. They had no ulterior motive of doing this as a demonstration for freedom of speech. They did it because they hoped a lot of muslems would be pissed off.  Sadly you can't exclude idiots from being included in freedom of speech though. I'd say it's a pretty hard question. While I would protect the neo-nazis right to free speech normally I'm not sure I'd do it if I myself or people I know faced bodily harm in the process.  And there was a clear danger to people in those countries. Several embassies had been burned down (among them some completely unrelated to Denmark) and the people working there had been evacuated.  Now on to 2). Yes I agree with you. It is incredibly sad that some people are so misled and ignorant that they are willing to hurt others only for their religious beliefs. Even when the person they are hurting has nothing to do with the issue. It's hardly constrained to the problem of the Mohammed cartoons though, whenever dogma and religion rules you can run into that problem.  As such I think it's important that we try to educate these poor miserable people so they understand WHY we feel freedom of speech is important. Quite a few of them have a pretty severe lack of understanding of how the rest of the world works. All of this are only symptoms of growning pains of globalisation.  So to reiterate:  1) Do I think that it was incorrect that a ministry recommended that the site was shut down? (To be specific, it wasn't shut down by the Swedish government. Someone at that ministry called the ISP and recommended that they shut it down due to the current political climate.) - Yes. 2) Do I think that it was adviceable to put those cartoons online to cause violent reactions in other countries? - No. 3) Do I think the ISP should have shut the page down of their own accord. - Yes. (Not as a government group. Simply as a concerned citizen.) 4) Do I think some religious fundamentalist should get a reality check? - Yes. (And not only those related to cartoon problems.)</body>
    </post>
    <post id="SD_455_15156838" ref="SD_455_15156196">
      <post_score>2</post_score>
      <user id="SD_912633">somersault</user>
      <date>1145435040</date>
      <body>elections happen in individual countries in europe, not for an overall super-party as far as I know (I'm Scottish, hence european, though I dont much care for politics). I dont think issues like this are going to affect europe as a whole, more likely individual countries (until such time as european law is consolidated into one, which won't happen if law in the States is anything to go by).</body>
    </post>
    <post id="SD_455_15156048" ref="SD_455_15155973">
      <post_score>2</post_score>
      <user id="SD_724378">planetmn</user>
      <date>1145427720</date>
      <body>Now here we are in the US with multiple competing mobile formats. It is a complicated undertaking for a consumer to decide which mobile operator to choose -- there are coverage maps, different network capabilities, non-overlapping phone models. Add to that the fact that despite all this "competition" the cost to the consumer is fairly high compared to Europe.  I don't think this is because there wasn't a government mandate to use GSM or another standardized technology. One thing a lot of people forget when trying to compare Europe to the US is population density and size. Europe is much more centered around it's cities (which is part of the reason why they have much better public transit). Whereas in the US, we tend to spread out (the majority still being in cities, but there is a lot of the population who live very far away from cities).  GSM is a great technology for covering cities and dense populations, it is not a good technology for covering the expansive parts of America.  Beyond technology, one of the reasons why cell phones are confusing for consumers, and expensive, is because there really is a lack of competition. Similar to gas companies, it's basically an oligopoly. The barriers to entry are so high (just imagine how much it would cost to build a cellular network to cover the US) that it doesn't have to respond to normal market forces. Once a competing technology (WiFi/UWB/some hybrid combo) can provide a technological competitor to cell phones, prices will lower, and service will improve. But right now it's not like there is real competition in the US cell market. It's like politics, for the most part you choose democrat or republican. And don't think for one moment that if a viable third party was being formed, that the donkeys and the elephants wouldn't join forces to squash it.  -dave</body>
    </post>
    <post id="SD_455_15165803" ref="SD_455_15158249">
      <post_score>2</post_score>
      <user id="SD_741652">CreatureComfort</user>
      <date>1145529420</date>
      <body> Actually, you are correct about there being no difference. However, we have passed laws banning the open display of such materials at point-of-sale. Everywhere you go now that has adult content for sale in areas open to minors is required to have them in black bags, or some such. But there is no law about someone sitting down with a playboy on the subway or bus. And I have just as much concern about it. I actually rode the subway (light-rail) into downtown last week and there was a guy (18-20 y.o. kid) showing off his new 3G phone to his friends, and, while I did not see the screen, the moans, sounds, and "conversation" issuing from the device left no doubt about the type of video clip he was using as a demonstration.  Like I said in my post, this is an area where the Libertarian in me buts up against the parent in me. I am nothing even close to a prude, and yes my son has seen "adult" material in certain contexts. I do not want him growing up a sheltered wall-flower unable to cope with the reality of society around him. I also think that, in the U.S., we are way too repressed when it comes to nudity. I actually would not really have a problem with my neighbor on the bus having a Playboy, or possibly even a Hustler. Hard-core bondage porn, water sports, or a collection of goatse and tubgirl's best are things I don't want to have to see in public, let alone have my son exposed to. I hate to see laws restricting people's rights to be an ass, but the old adage of "your right to swing your fist ends at the tip of my nose," needs to be updated when we are talking about "your right to view something I consider unwholesome, ends at the edge of my viewing range." That is not an acceptable replacement adage, but we need to (well it would be nice if we could) find a common consensus about where such things are acceptable and how to warn people who might be protective about situations not to go into.  Some examples include: I have no problem with nudist camps or beaches. They are clearly marked and people can go or avoid as they see fit. I have no problem with "lifestyle" conventions or parties at hotels, restaurants, etc., as long as there is sufficient warning for patrons who are entering or making reservations for the same time. I had a bit of a problem with the movie Bloodrayne. (ok, no comments from the peanut gallery on all of the horrible problems it has as a movie or story.) Yes, it was an R rated movie, but I take my son to many R rated movies. I expected the blood and gore, I even expected selected boobie shots. I didn't expect, and had not seen mentioned in any of the reviews, the totally gratuitous explicit sex scene in the middle of the movie. Now, unlike another parent who had brought their child to the same movie, I didn't gasp loudly, plaster my hand over my child's eyes, then loudly complain (as if the manager were actually near enough to hear or care) about the scene. It's an R rating, you takes your chances. Had I known, in detail, about that scene, no I probably would not have taken my son to see the movie.  I guess I am just lamenting the loss of courtesy and discression among the general masses when it comes what is appropriate in a public forum with no notice to passersby to choose to be exposed or not. Then again, in Japan they sell used panites (represented as from little girls) in vending machines on the street available and open to everyone. Maybe it just is my cultural bias showing through.  </body>
    </post>
    <post id="SD_455_15156842" ref="SD_455_15156266">
      <post_score>2</post_score>
      <user id="SD_24833">Hast</user>
      <date>1145435040</date>
      <body>Surely the reason you can't call Californian sparkling wines is because Champagne is a trademark?   Let's face it...do we really need laws protecting children against new media when they start up? No. Wait until these things get established and there is a demonstrated need. It doesn't hurt to wait.    I'd say we definately need laws which protect children from new media. The companies sure as hell aren't going to "think of the children" unless they are forced to. A company has one purpose, to make money. And they are responsible to the shareholders to do that as well as they can.  Regarding this debacle I say I'm all for putting constraints on content that eg Vodafone creates and streams to their subscribers. If nothing else they know who the owner of the account is and thus can limit to somthing appropriate.  OTOH it seems like the suggestion is not that Vodafone are responsible if a subscriber goes to Google Videos and downloads rauchy movies. Well, the lawmakers are politicians and thus probably clueless about the details. But such a suggestion is inane and should be openly ridiculed.</body>
    </post>
    <post id="SD_455_15157433" ref="SD_455_15155972">
      <post_score>1</post_score>
      <user id="SD_541438">m94mni</user>
      <date>1145438580</date>
      <body>Somebody should collect a list of all first posts that are also modded 5.</body>
    </post>
    <post id="SD_455_15156211" ref="SD_455_15156148">
      <post_score>0</post_score>
      <user>Anonymous Coward</user>
      <date>1145430240</date>
      <body>I dont think you have really read the legislation nor the reasons why these companies are contesting it.  European legislators are trying to apply regulation that worked for a broadcast environment, characterised by spectrum scarcity and scheduled transmissions, to the online environment, characterised by an almost unlimited number of content producers and non-scheduled (i.e. downloadable) tranmissions.  For me its quite clear to see why these companies are against this proposal: they are the ones who will have to ensure that the services they provide will not be illegal under the Directive. If you see how many videos a site like YouTube transmits per day (I read 40m in the Financial Times today) then you might begin to understand the concerns that they have over this. There are also a number of legitimate free speech concerns but companies are not really best placed to comment on this.  What they argue is that things like free speech and protection of minors is already dealt with nationally (see, for example, variations in the age of consent around Europe for national differences in 'moral acceptability) and that there is no real reason for a harmonisation of this within Europe. The Directive very successfully regulates broadcast TV in Europe and it should really stick to doing that job; regulating the internet is not a good idea.</body>
    </post>
    <post id="SD_455_15155965" ref="SD_455_15155944">
      <post_score>0</post_score>
      <user>Anonymous Coward</user>
      <date>1145425740</date>
      <body>Is that online content doesn't know about borders. If I post a hate filled advertisement for children in the United States, will I find myself hauled before a French court? (Assuming I'd ever want to go to France, I am American you know.)</body>
    </post>
    <post id="SD_455_15158249" ref="SD_455_15156423">
      <post_score>2</post_score>
      <user id="SD_626475">cayenne8</user>
      <date>1145443860</date>
      <body>"I do have a problem sitting beside you with my son on the subway while you run playboy channel with the sound turned up. At any time of the day." Well, there's nothing preventing same gentleman in your example from looking at a porn magazine or even a Playboy (hardly a porn mag) in public beside you, in full view of you and your child. It is perfectly legal today....so, what is the difference between what is legal today with a magazine vs watching it on a phone or iPod or something? (I'm ignoring the audio aspect in that with a portable device, most likely it would be used with ear phones like an iPod commonly is.)  </body>
    </post>
    <post id="SD_455_15156039" ref="SD_455_15156006">
      <post_score>0</post_score>
      <user>Anonymous Coward</user>
      <date>1145427540</date>
      <body>And they'll probably turn a blind eye to anti-Semitism.  This last line shows you have no clear idea about the issues. Semitic [wikipedia.org] is a large group of people that includes arabs, hebrews and many other races.  Calling a group of people anti-semitic for supporting arabs &amp; opposing hebrews is stupid - I suggest you read up on the issue a lot more before posting.</body>
    </post>
    <post id="SD_455_15158183" ref="SD_455_15155944">
      <post_score>2</post_score>
      <user id="SD_626475">cayenne8</user>
      <date>1145443320</date>
      <body>"As far as I understand it, the proposed rules simply say that any advertising, hate speech or other content rules already applied today for other media in Europe would apply for the same media when online." Why in Europe do you ban 'hate speech'? I mean, I know in general what you're talking about as what hate speech is...but, then again, who gets to decide what 'hate speech' is? Seems difficult to even criticise something or someone or some group, that might be deserving of it...but, you're speech could be deemed 'hate speech'. Why not promote all free speech...?? I don't agree with all I hear, but, at least I can say what I want in public....even broadcast it on the internet and often, on public access televisions at the very least! In the US at least, there is no 'freedom from hearing'....'cause that sure would take the fun out of freedom of speech! :-)  </body>
    </post>
    <post id="SD_455_15156315" ref="SD_455_15155931">
      <post_score>2</post_score>
      <post_moderation>Insightful</post_moderation>
      <user id="SD_952989">eMbry00s</user>
      <date>1145431500</date>
      <body>Commercials directed at children are an example of what would (hopefully) be banned. It's already illegal here in Sweden, but the commercial stations have solved that by broadcasting from the UK (to us) instead. Other than that, I'm entirely against any form of censorship.</body>
    </post>
    <post id="SD_455_15158576" ref="SD_455_15157369">
      <post_score>1</post_score>
      <user id="SD_17617">Scudsucker</user>
      <date>1145446080</date>
      <body>For starters, cell phone usage is cheaper in the US.  No, it's not. While the advertized rate may be cheaper than your plan, every cell company that I've seen in the U.S. has so many fees that your $40 a month plan starts to look more like $50 when you pay your bill.  And don't forget the ludicrously high cost of phones if you don't sign up for their two year agreements. They seem to have the same business model as Nike: make your product cheap in Asia, then ship it over here and increase the price by at least 1,000%. And even if you do buy your own phone, it's a real pain to switch carriers.</body>
    </post>
    <post id="SD_455_15157256" ref="SD_455_15157070">
      <post_score>0</post_score>
      <user>Anonymous Coward</user>
      <date>1145437500</date>
      <body>The point remains though, Finland with a lower density can deploy GSM everywhere. Obviously thus it isn't the population density which decides this then. I suppose cost is one issue, but most likely it is also the non standardisation. This leads to your coverage issues and thus in extension to everyone loosing.</body>
    </post>
    <post id="SD_455_15157797" ref="SD_455_15157070">
      <post_score>2</post_score>
      <user id="SD_267972">JollyFinn</user>
      <date>1145440860</date>
      <body>Here's interesting point, there is far more people in United States, so the bigger area doesn't matter. Its only slowing down slightly if the telecom needs to grow inorder to afford putting those base stations everywhere. In Finland its more probably that the original companies had to compete with coverage and put pretty complete coverage to get as much customers as possible.  I know some people who chooce their operators based on coverage on the areas where they go hunting. Then there is incentive for people choocing based on what operator their friends use. Now both of those made it clear that there is real competitive advantage of having complete coverage when other don't have. If calling to other operators cellphones is 33% more expensive, and ONE in a group of friends had a place where he couldn't use mobile phone then in many cases other went to same operator.  Oh. You where tied to operator after purchasing a phone so that you couldn't change operator as soon as you found out that in some important place there wasn't coverage for your operator. Too bad for you. For us, it worked perfectly. If one operator had worse coverage around where I live I could change operator anytime.</body>
    </post>
    <post id="SD_455_15156876" ref="SD_455_15156842">
      <post_score>2</post_score>
      <user id="SD_124118">tkrotchko</user>
      <date>1145435340</date>
      <body>"surely the reason you can't call Californian sparkling wines is because Champagne is a trademark?"  California sparkling wines are called champagne, despite the fact they are not from Champagne (here's just an example) http://www.korbel.com/default.aspx [korbel.com]. Just google for "Champagne" and "California".  There is an French and EU law (or directive) that says champagne must come from Champagne, although this rules has no effect outside the EU.</body>
    </post>
    <post id="SD_455_15234782" ref="SD_455_15158895">
      <post_score>1</post_score>
      <user id="SD_17617">Scudsucker</user>
      <date>1146432840</date>
      <body>They are cheaper everywhere when subsidized, not just in the US.  The problem with the U.S., is that you are subsidizing phones when you sign up with a carrier, reguardless of wether you get one or not, so you might as well get one. i.e. Sprint will still charge you the same $45 a month if you get a phone with the plan or bring your own and go month to month. This effectivly kills the market for independant cell phones in the States, making them much more expensive.  I have no idea what you mean about how it's difficult to switch carriers. I have switched twice in 3 years. No problems. And if you have you own phone, it's even easier! I purchased my unlocked/unbranded phone and put it on Cingular myself.  The problem is that carriers only want to offer locked phones. To get around this involves jumping through hoops; you need to find an unlock code online or make up a story for Verizon about how you're traveling out of the country and need a code. Sure you can buy an equivilant phone of your own and not have to put up with this crap, but it will cost you a pretty penny to do so.</body>
    </post>
    <post id="SD_455_15157936" ref="SD_455_15157797">
      <post_score>2</post_score>
      <user id="SD_679725">PPGMD</user>
      <date>1145441820</date>
      <body>There is such a thing called pre-purchase research and asking around the areas that you need it. Personally I have used Verizon and Sprint (about 6 years ago), Verizon has worked anywhere I needed it, and with Sprint, short of in the middle of no where on US Highway Whoknows I had digital coverage, and roaming coverage in the middle no where. That was 6 years ago I assume that Sprint has covered some of the more popular middle of no where highways. GSM is nice and all, but CDMA covers the US quite well, and the prices are competitive with Europe (I have a Vodaphone, and had an Orange phone).  </body>
    </post>
    <post id="SD_455_15157010">
      <post_score>1</post_score>
      <user id="SD_695206">RecycledElectrons</user>
      <date>1145436180</date>
      <body>If we had free speech, we would be able to explain how tyrannical our govt was, then we would all listen to each other's copmlaints and realize that we are not alone, then we'd all get togeather and shoot the bastards.  So you see, it's impossible for them to allow free speech. Only terrorists want free speech.  lockin' &amp; loadin', Andy Out!</body>
    </post>
    <post id="SD_455_15156423" ref="SD_455_15156030">
      <post_score>2</post_score>
      <user id="SD_741652">CreatureComfort</user>
      <date>1145432400</date>
      <body> The parent poster's point is valid across media. Most of the EU has fairly strict regulations on what type of content can be broadcast, or when certain kinds of content is allowed. What the proposed rules state is that if you don't allow hate speech on radio or TV, it shouldn't be allowed on any broadcast, just because it is on a phone and IP instead of a portable TV receiver shouldn't make a difference. Or, if adult content is limited to broadcast after 10 p.m. to avoid children seeing it, a similar restriction should be in place for cell phones.  I am generally not an advocate for this kind of restriction, and yes I am a parent. However, what I am more concerned with is the fact that all of this is mobile. I don't care if you watch soft porn at home for a lunchtime quickie... I do have a problem sitting beside you with my son on the subway while you run playboy channel with the sound turned up. At any time of the day.  I can control what my child is exposed to, and how he is exposed to it, at home. Having some slimeball thrust his fantasies into everyone's face in a public venue should be unacceptable from the stand point of common courtesy, let alone from a legal standpoint. However, like sense, courtesy is not so common any more.  </body>
    </post>
    <post id="SD_455_15158838" ref="SD_455_15156039">
      <post_score>2</post_score>
      <user id="SD_176878">jbolden</user>
      <date>1145447640</date>
      <body>The word "anti-semitism" has nothing to do with reasonable categories of race or ethnicity at all. The original group of people it was being applied to (Germans from Jewish or partially Jewish families who were practicing Christians) were probably not by in large Semites ethnically at all. Just because the word "anti-semitism" contains the word "semite" is no more reason to associate the two than "through" containing "rough".  Further neither Hebrews nor Arabs are a race. I suggest you read up before posting.</body>
    </post>
    <post id="SD_455_15159634" ref="SD_455_15156852">
      <post_score>2</post_score>
      <user id="SD_24833">Hast</user>
      <date>1145453160</date>
      <body>Appropriate would be not selling or advertising products which a person is not allowed to purchase. Eg alcohol or tobacco to minors.  The rules for this shouldn't be specific for mobile content, it should be that the same rules applying for TV, radio or print should be used for mobile content.  Eg in Sweden it's not allowed to have commersials directed towards children. The reasoning being that children are impressionable and not as capable as an adult to understand that it's propaganda. (I'm sure *you* are much smarter than all adults.) Consider it like how movies are rated PG-13 and such. If you make an online video rental then it would make sense that it has some kind of attempt to enforce those restrictions. If nothing else than for good measure.  Naturally this is only enforceable inside Sweden. So several channels have moved their offices to London and broadcast via satellite.  I guess you're right though about the road to hell. But I doubt that the road to heaven is lined with people selling tobacco to children.</body>
    </post>
    <post id="SD_455_15156266" ref="SD_455_15156148">
      <post_score>0</post_score>
      <user>Anonymous Coward</user>
      <date>1145430960</date>
      <body>"This is done for consumer protection."  No, unfortunately not. Although this is labelled for consumer protection, these laws are in place to protect incumbents because they raise the bar of entry.  It's like laws against calling california sparkling wines "champagne". That's not to protect consumers (presumably, they're smart enough to understand the difference between california and champagne), it's to protect incumbents.  Likewise, these laws are aimed at protecting the incumbents since they already have tons of staff doing these kinds of stuff. If you are the new guy, you have to set up a corporate structure that mimics the incumbents, which gives a significant advantage to existing media companies.  Let's face it...do we really need laws protecting children against new media when they start up? No. Wait until these things get established and there is a demonstrated need. It doesn't hurt to wait.</body>
    </post>
    <post id="SD_455_15155944">
      <post_score>5</post_score>
      <post_moderation>Insightful</post_moderation>
      <user id="SD_7445">JanneM</user>
      <date>1145425260</date>
      <body>As far as I understand it, the proposed rules simply say that any advertising, hate speech or other content rules already applied today for other media in Europe would apply for the same media when online. Where's the problem?  </body>
    </post>
    <post id="SD_455_15162947" ref="SD_455_15156973">
      <post_score>1</post_score>
      <user id="SD_932507">Gorshkov</user>
      <date>1145491980</date>
      <body>Wow ..... and all this time, regardless of how imperfect any political system is, I was under the apparently mistaken impression that *some* people actually ran for elected office because they were GOOD people.  New flash .... everything isn't an evil plot. Sometimes, people really *are* trying to do something good for somebody.</body>
    </post>
    <post id="SD_455_15157941" ref="SD_455_15156531">
      <post_score>0</post_score>
      <user>Anonymous Coward</user>
      <date>1145441820</date>
      <body>And Swedes "in other countries" might be in danger because of those cartoons?  Let's follow those "facts" to their logical conclusions:  1. This Swede - AND those defending him/her - only stand up for free speech when it means nothing. "Someone might be in danger! We can't stand up for free speech NOW!" Too damned yellow to defend their RIGHTS is what that is.  2. What they hell does it say about the culture in those other countries that car-FUCKING-toons will cause the locals to riot and endanger INNOCENTS when those INNOCENTS are merely from the same country half a world away as one damn web site that published those cartoons?  3. What the hell does it say about a culture that rolls over in the face of such threats?</body>
    </post>
    <post id="SD_455_15156119" ref="SD_455_15155944">
      <post_score>3</post_score>
      <post_moderation>Insightful</post_moderation>
      <user id="SD_243324">Shivetya</user>
      <date>1145428860</date>
      <body>That is the problem. Hate speech is the catch-all that can be used to shut down any speech which someone or some government entity determines to be offensive.  When promoting hate speech rules the people behind them will always use the most extreme examples of speech they can find. Yet when applied it never ceases to amaze me what gets branded under the category. You will also see groups label the speech of others as "hate speech". With the help of their sister groups they can repeat this claim enough to where people are so used to hearing it they start to believe it true.  Remove the "hate speech" exception and it might be a plausible rule, leave it there and suddenly you may find one day that you cannot speak out against your "righteous leaders"</body>
    </post>
    <post id="SD_455_15156173" ref="SD_455_15156119">
      <post_score>1</post_score>
      <user id="SD_7445">JanneM</user>
      <date>1145429640</date>
      <body>Your critique is about the existing rules, such as they are, not about having the same set of rules regardless of medium. Those are two separate questions, and it is the one you're not adressing that is in focus here.  </body>
    </post>
    <post id="SD_455_15156253" ref="SD_455_15156048">
      <post_score>2</post_score>
      <user id="SD_267972">JollyFinn</user>
      <date>1145430720</date>
      <body> I don't think this is because there wasn't a government mandate to use GSM or another standardized technology. One thing a lot of people forget when trying to compare Europe to the US is population density and size. Europe is much more centered around it's cities (which is part of the reason why they have much better public transit). Whereas in the US, we tend to spread out (the majority still being in cities, but there is a lot of the population who live very far away from cities).  GSM is a great technology for covering cities and dense populations, it is not a good technology for covering the expansive parts of America.  Only problem for that is that America is densely populated compared to Finland. And even the areas which have population density of Alaska have GSM network here. Size of network is smaller, but its everywhere. The GSM works 35km away from base station. I calculated that it takes 477 base stations to fill entire alaska with GSM network... This excludes the need for extra base stations for densely populated areas.  </body>
    </post>
    <post id="SD_455_15156135" ref="SD_455_15156070">
      <post_score>1</post_score>
      <user id="SD_963289">Whiney Mac Fanboy</user>
      <date>1145429100</date>
      <body>The monkey-like antics of ACs do not bother me :-)  However  1) Yes - I did mean affected. I guess I should reread my posts more affectively....  2) Thanks for the tip! I was wanting the plural however - so subsidiary is also incorrect.</body>
    </post>
    <post id="SD_455_15157517" ref="SD_455_15156664">
      <post_score>2</post_score>
      <user id="SD_886271">YesIAmAScript</user>
      <date>1145439120</date>
      <body>We already do get coverage in all the parts where people actually are.  Okay, well, not all parts. I can drive roads in Alpine county where there is no coverage. But Alpine county has a population density of less than 1 person per km^2.  There is some kind of massive misunderstanding being perpetuated here. We have plenty of cell phone coverage in the US. All the 3 major operators service over 98% of the population. The reason maps or other numbers make it look like we don't have coverage here is because Wyoming has 500,000 people in 253,554 km^2. And most of those are in cities. So you see the state on a coverage map and most of it is blank. But that's simply because there's no one to cover there. And it's mountainous, so you can't just do umbrella cells.  Just come to the US West sometime. Go to Wyoming, go to Idaho, go to Montana, go to Utah. Go to California, the most populous states in the nation. Just drive in from the coast or north of San Francisco. Heck go to Alaska. You'll see the magnitude of the idea of covering all the area of the US (or Canada for that matter).  But don't make a mistake. If you actually measure where people live, we have plenty of cell phone coverage in the US, on all 3 systems.</body>
    </post>
    <post id="SD_455_15156051" ref="SD_455_15156039">
      <post_score>1</post_score>
      <user id="SD_969371">Das Modell</user>
      <date>1145427780</date>
      <body>Maybe so, but in practise anti-semitism = anti-Jew.</body>
    </post>
    <post id="SD_455_15158681" ref="SD_455_15156173">
      <post_score>1</post_score>
      <user id="SD_16781">beeblebrox</user>
      <date>1145446740</date>
      <body>I believe that if you go back to the reasoning behind the existing rules, you'll find that the cornerstone is something about the "greater good" that legacy broadcasters are supposed to serve in exchange for getting exclusive access to the public radio spectrum.  The Internet does not work that way. What I watch on my video stream has no effect on your ability to watch your video stream/browse the web etc. It all rests solely on agreements between individual "broadcasters" and individual members of the audience.  If anything, because of this independent and voluntary nature, the Internet is closer to books than it is to TV. Would you propose banning books that promote "hate speech" next, in the name of a level playing field? What about a history student who's working on the rise of Nazism, would they have to get special permission from some Department Of Truth bureaucracy before looking up Mein Kampf in the library?</body>
    </post>
    <post id="SD_455_15156155">
      <post_score>3</post_score>
      <post_moderation>Insightful</post_moderation>
      <user id="SD_804576">$RANDOMLUSER</user>
      <date>1145429400</date>
      <body>I like the notion that a law could have "unintended consequences" and that this is somehow a novel concept. All laws have unintended consequences, it's the nature of the beast.</body>
    </post>
    <post id="SD_455_15155978" ref="SD_455_15155972">
      <post_score>1</post_score>
      <user id="SD_963289">Whiney Mac Fanboy</user>
      <date>1145426040</date>
      <body>Tsk. I read and re-read your comment, but I STILL can't see the words 'frist p0st!' in it anywhere... ;)  Fixed :-)</body>
    </post>
    <post id="SD_455_15171097" ref="SD_455_15168353">
      <post_score>2</post_score>
      <user id="SD_886271">YesIAmAScript</user>
      <date>1145578260</date>
      <body>Again, because GSM was made to be incompatible, and then enforced by law (plus some other, more positive things), the EU forced their system out there. This would have been fine if it were compatible, US companies would have switched to GSM in 1995 simply for the capacity. Most of their customers were on AMPS, not IS-136, so they could have made the digital solution GSM. Except GSM was incompatible, so they had to choose between their current customer and GSM, a system that provided more capacity and more features (whether they wanted to provide them or not).  If the systems were compatible, my father wouldn't be switching today, he would have had a GSM phone when he went digital in the late 90s. Then rural Michigan and Ohio wouldn't be chock-a-block with towers that only do IS-136 and AMPS. So even if he got a digital-only phone (very likely nowadays), he would have his choice of towers that did GSM and AMPS. And he wouldn't have coverage problems. It isn't the fragmentation that killed him, it's the consolidation, the failure of IS-136 as a viable system and the replacement of it with GSM, and again, the fact that GSM cannot provide even analog compatibility during that switchover)  I don't feel Europe made a mistake choosing GSM. I feel that legislating it (especially today) is a disaster given its incompatibility. I strongly feel making it incompatible was a mistake. CDMA 2000 (even IS-95) provides more available call capacity than GSM (per MHz) and is compatible with AMPS. There was no reason to make the new digital systems incompatible with existing AMPS/TAC (or NMT, sorry about that mistake, I thought Lapland used AMPS, not AMPS/TAC).  Really, Europe had such a strong need for a digital system, because given the cost of landlines, the need for larger numbers of cell phones fast was very evident. In the US, it took years for companies to put people on IS-136 and IS-95. When I bought my first digital phone (in 1997, http://press.nokia.com/PR/199708/778136_5.html [nokia.com], I can't believe I had my analog phone for 4 years!) GTE (nee Verizon) only sold digital to business customers. I had to go through my employer as a front to get a digital phone! Of course, by this time, GSM had been serving customers in Europe for several years, providing much more bandwidth than the AMPS GTE was pushing on over 90% of their customers. (Note that Cellular One nee AT&amp;T had IS-54 in 1992 selling Motorola "aqua phones" to business customers only also). The US could wait for digital cellular to evolve, Europe really couldn't.  A few items related to the argument, but not argumentative: Lapland is in Finland, not Sweden. I'm sure Sweden (Ericsson) had a lot of NMT too, but I was referring to Finland (Nokia). Lapland is notable because it was the first application of fixed wireless (the 450 MHz version of NMT would be great for this, it could span longer distances than GSM can at any frequency), and was a huge success showing how wireless can reduce the "last mile" problem in very sparsely populated areas. Since it was a roaring success and did what GSM couldn't do, it was the last system to tumble to GSM (in the late 90s I believe) in Europe.  IS-136 is a compatible follow on to IS-54 (IS-54B) that provided what is referred to in the US as "PCS". PCS was a marketing term created to encompass basically what GSM brought to the table, which was voice mail notification, text messages and caller ID (although voice mail notification and caller ID were grafted into NAMPS and even AMPS!). IS-54B and IS-136 provided the ability to offer digital cellular (with 3X capacity and much longer standby times) over the same systems as AMPS. They were wildly successful, the first true national digital coverage in the US was with Cellular One over IS-136. This allowed Cellular One to offer nationwide roaming that actually worked and revolutionized the market. They are not best described as just "digital AMPS", even though IS-54 was marketed as such fo  Read the rest of this comment...</body>
    </post>
    <post id="SD_455_15158895" ref="SD_455_15158576">
      <post_score>2</post_score>
      <user id="SD_886271">YesIAmAScript</user>
      <date>1145448060</date>
      <body>You're right about the fees. Is the US the only location with fees all of a sudden? And again, you're getting a lot more stuff bundled in in the US due to the way incoming calls are billed.  The high cost of phones isn't much different anywhere. Phones cost a lot. They are cheaper everywhere when subsidized, not just in the US. I personally don't like two year contracts, so I don't sign them. My last phone cost $40 with a 1-year cingular contract (which is now expired and I am month to month). You maybe should looked for a more stripped-down phone. High-end phones just cost a lot to make, so they cost a lot to buy.  I have no idea what you mean about how it's difficult to switch carriers. I have switched twice in 3 years. No problems. And if you have you own phone, it's even easier! I purchased my unlocked/unbranded phone and put it on Cingular myself.  See this link:  http://www.sonyericsson.com/spg.jsp?cc=au&amp;lc=en&amp;ve r=4000&amp;template=ps1_1_1&amp;zone=ps&amp;lm=ps1_1&amp;pid=10376 &amp;pid=10376 [sonyericsson.com]  Just put your SIM in, select your country and carrier and click a few times and it sends a text to your phone with the setup info and you press "yes" and you're done. Easy as pie. Of course, it's no easier or tougher in Europe, since this service works worldwide.</body>
    </post>
    <post id="SD_455_15155975" ref="SD_455_15155963">
      <post_score>1</post_score>
      <user id="SD_7445">JanneM</user>
      <date>1145425980</date>
      <body>Why is it even necessary? I mean, other than to give already bloated bureaucracies an excuse to help themselves to another bite of intrusive power....  Um? This is a simplification. Why have separate rules for different transports?  Or, if you mean why are any rules at all necessary, then can you name any place that doesn't have them (can you say "nipple incident"? I knew you could!)?  This just says that if a commercial would not be allowed in print in Europe, it would not be allowed on a Eurpoean media site either.  Ps. Contrary to popular belief, the EU is a fairly slim organization. Just compare employees to people ratio with other, similar organizations. Ds.</body>
    </post>
    <post id="SD_455_15155999" ref="SD_455_15155944">
      <post_score>2</post_score>
      <user id="SD_875558">FhnuZoag</user>
      <date>1145426580</date>
      <body>I don't see how such regulations can be enforceable, if they are talking about regulating content that audiences recieve, as opposed to content that European broadcasters can put out. In the latter case, well, it would have to be carefully formulated so as not to result in silly results, and probably wouldn't bring any advantages in any case.</body>
    </post>
    <post id="SD_455_15157600" ref="SD_455_15155944">
      <post_score>2</post_score>
      <user id="SD_769423">RexRhino</user>
      <date>1145439540</date>
      <body>The problem is, why host your media in Europe and face all sorts of stifling regulation, when you can host your media over seas and not have to deal with the arrgoant government facists? Europeans will still be able to access the information just as easily (they probably won't even know the site isn't in Europe, for the most part).  So, net result:  1. Less investment in Europe. 2. Sites continue their advertising, hate speech, or whatever unabated.</body>
    </post>
    <post id="SD_455_15156567" ref="SD_455_15156423">
      <post_score>1</post_score>
      <user id="SD_573697">hackwrench</user>
      <date>1145433300</date>
      <body>The question of the parent post was: Why have separate rules for different transports? with the follow-up, why are any rules at all necessary?</body>
    </post>
    <post id="SD_455_15159515" ref="SD_455_15157171">
      <post_score>2</post_score>
      <user id="SD_24833">Hast</user>
      <date>1145452380</date>
      <body>I got the figure from Wikipaedia actually. When it gets online again (I had to use a Google cache) I guess it's time to revise it a bit. ;-) Now that I look at the cache again I see that the US measures was naturally square miles. Perhaps it's time for Wiki to go metric/SI.  Other than that, you don't roll out in the entire country. Only in the parts where there actually are people. Here in Sweden we have quite a few different operators with their own nets. (I believe most semi crowded areas have coverage from 3 operators at last.) Besides I'd say that your number of base stations is extremely low. There is no way that there are only 117 GSM base stations in Sweden. The important part is the proportions of them though.</body>
    </post>
    <post id="SD_455_15156350" ref="SD_455_15156045">
      <post_score>2</post_score>
      <user id="SD_321705">gstoddart</user>
      <date>1145431800</date>
      <body>  The French-German border is called Belgium you insensitive clod!   Mmmmmmmm .... sweet, sweet, Belgian beer. I know thee well, my friend. =)</body>
    </post>
    <post id="SD_455_15156212" ref="SD_455_15156133">
      <post_score>1</post_score>
      <user id="SD_968070">Ze Emperor</user>
      <date>1145430240</date>
      <body>Must the fence made of electomagentic signal absorbing copper be build at our (DE) waterside or across the rhine at the french side. Neither. The fence would run smack through the middle of the rhine. Indeed, aquatic mammals enjoy it most to be in the water, not at the shore.  </body>
    </post>
    <post id="SD_455_15155963" ref="SD_455_15155944">
      <post_score>3</post_score>
      <post_moderation>Insightful</post_moderation>
      <user id="SD_2244">Psion</user>
      <date>1145425680</date>
      <body>Why is it even necessary? I mean, other than to give already bloated bureaucracies an excuse to help themselves to another bite of intrusive power....</body>
    </post>
    <post id="SD_455_15156301" ref="SD_455_15155990">
      <post_score>2</post_score>
      <user id="SD_705796">TheKidWho</user>
      <date>1145431380</date>
      <body>and there's plenty of more serious material available in the EU that would be illegal had a US entity posted the same thing.  Care to elaborate on that one? Or are you just spewing crap like I think you are?</body>
    </post>
    <post id="SD_455_15155990" ref="SD_455_15155965">
      <post_score>3</post_score>
      <post_moderation>Interesting</post_moderation>
      <user id="SD_7445">JanneM</user>
      <date>1145426400</date>
      <body>Is that online content doesn't know about borders. If I post a hate filled advertisement for children in the United States, will I find myself hauled before a French court?  No. European newspapers, broadcasters and other media organizations are the only ones affected, of course.  And likewise, European media happily plastered Janet Jacksons nipple everywhere on the net (as an example of US prudish overreaction, but anyway) without any rebuke from your FTC - and there's plenty of more serious material available in the EU that would be illegal had a US entity posted the same thing.  Any entity can only enforce regulations within their purview. That doesn't mean it's pointless.</body>
    </post>
    <post id="SD_455_15156531" ref="SD_455_15156006">
      <post_score>2</post_score>
      <user id="SD_24833">Hast</user>
      <date>1145433120</date>
      <body>Perhaps you should look up some facts before spouting off.  It is true that a website was shut down as they posted the Mohammed cartoons. It should probably be noted in this that the site that posted the cartoons has known Neo-Nazi affiliation. The reason it was shut down was not so much that in can anger Muslems (I really don't give a flying fuck what they think.) but because there was a obvious danger to Swedish citizens in those countries should the cartoons be present. Naturally the Neo-Nazi affiliations of the site didn't help their case.  It should also be mentioned that the Swedish minister of foreign affairs (who were responsible for throwing their weight around and shutting the site down) RESIGNED due to to renewed controversy regarding her job. (There were previous issues but the shutdown was the last straw.)  I would hardly say that Sweden (or northern Europe) are anti-semetic. Most people don't really care if you're Jewish, Christian or whatever (most poeple here don't care about religion). And the bias we have considering Jews are typically those portraid in American media. (Insinuating that Jews are good with money and such.)  So please, take your fair and balanced views of other countries somewhere else.</body>
    </post>
    <post id="SD_455_15165275" ref="SD_455_15163306">
      <post_score>2</post_score>
      <user id="SD_886271">YesIAmAScript</user>
      <date>1145526120</date>
      <body>Sprint rolled out 3G 3 years ago also, and successfully, unlike the early Japan 3G rollout which was aborted and undone.  You're mistakenly putting the US in some kind of phone ghetto.  Yes, I do agree about the what GSM makes it possible not only technically, but in a market fashion to sell phones that have additional features. It really leads the way in this. It's why I use GSM, because I like fancy phones. But for people like my father who don't care about fancy phones, it gets them zero.  I would say that although GSM unquestionably is the strongest force in this trend, and still leads, the other systems pull their weight. Push-to-talk (may all users of it die horrible deaths) didn't start on GSM (it came from iDEN and CDMA 2000 got it 2nd). IS-136 created voicemail notification and caller ID before GSM even started.  CDMA providers don't want this because they would rather sell you features. Sprint made a fair bit of money off selling voice dialing as a service. Putting it in the phone removes revenue. Providers don't want Bluetooth data service (leashing) because it makes it difficult for them to provide "unlimited data service" profitably. They figure you can only push so much data surfing the web on a phone with that awful display and joystick, but with leashing I can push a month's worth of data in an hour from my computer through my phone. Even Danger, with the best browser in the business and always-on AIM IM has to fight with operators over this because customers will easily use more bandwidth than they are really paying for at $20 a month.  Look at camera phones. Providers like camera phones, they even subsidize them, because once you take the picture they figure you have to email it to yourself to save it or let others view it. But with Bluetooth you can just send the pic to your computer next time you are there without paying the operator. So what did Verizon (CDMA operator) do about this? They convinced Motorola to disable the Bluetooth file transfer feature on the v710 phone on Verizon! They want Bluetooth because then they can sell you an overpriced Bluetooth headset accessory, but they didn't want file transfer, so they disabled it.  Now, on GSM they can't stop me, I can buy an unbranded phone (and I do) with loads of features and put my SIM in. On Verizon or Sprint, they only offer what they want, there is virtually no market for phones except through the provider, and if you did happen to find a 3rd party phone, they might not even activate it for you.  I left Verizon because they were controlling the phones too much, a feature never appeared unless they thought it was to their advantage. So no feature appeared until the other operators proved it made sense (they were the last US operator to offer a Bluetooth phone). I felt they were over controlling. Much like the movie industry would have killed the VCR if they could have in the early days (see Jack Valenti's "Boston Strangler" comments), I felt Verizon was not only hurting me, but hurting themselves.  I left Verizon because of this. I went to Sprint, because they had the only CDMA Bluetooth phone in the US (outside of Korea actually). Well, it turned out to be truly terrible (Sony-Ericsson T608) and their coverage sucked too, so I went to GSM and the phones are indeed cool on GSM.  As to your comments about IS-136 being incompatible, your comments are 180 degrees off and typify the complete misunderstanding Europeans have about GSM and why the US is incompatible.  The operator my dad uses (Cingular) was a AMPS operator (well, the component parts of the now merged company) before GSM even existed. They used IS-136 because it was COMPATIBLE, and not GSM because it was designed to be incompatible. Years later this stupid European decision is still hurting people like my dad, because if GSM was compatible, companies who had preexisting customers (i.e. revenue to protect) would have switched to GSM in the mid 90s instead of setting up or continuing with IS-136. And my father wouldn't have been  Read the rest of this comment...</body>
    </post>
    <post id="SD_455_15157070" ref="SD_455_15156253">
      <post_score>2</post_score>
      <user id="SD_724378">planetmn</user>
      <date>1145436540</date>
      <body>And here you are running into another reason why GSM is unfeasible for the US. Finland, overall is a heck of a lot smaller for rolling out a nationwide cellular network.  US: 9,161,923 sq km, 298mln pop, approx 33 people/sq km, would require 2381 GSM base stations (CIA factbook) Europe: 9,938,000 sq km, 727mln pop, 73.15 people/sq km, would require 2582 GSM base stations (worldatlas.com) Finland: 338,145 sq km, 5mln pop, approx 15 people/sq km, would require 88 GSM base stations (CIA factbook)  So while Finland has lower population density, Europe has a much greater. Comparing a roll-out in Finland to the US is like comparing the gas mileage of a Honda Civic and a Bus. They are completely different applications.  -dave</body>
    </post>
    <post id="SD_455_15157252" ref="SD_455_15156051">
      <post_score>0</post_score>
      <user>Anonymous Coward</user>
      <date>1145437500</date>
      <body>Just like in practise "promoting democracy" means withholding funds from democratically elected governments.  Warmongering cnuts. Welcome to the new fascist republic.</body>
    </post>
    <post id="SD_455_15156006" ref="SD_455_15155931">
      <post_score>-1</post_score>
      <post_moderation>Flamebait</post_moderation>
      <user>Anonymous Coward</user>
      <date>1145426700</date>
      <body>In Sweden, it's OK to use "hate speech" against Jews [israpundit.com], because that "should be judged differently - and therefore be regarded as permissible - because they were used by one side in an ongoing and far-reaching conflict where calls to arms and insults are part of the everyday climate in the rhetoric that surrounds this conflict".  Yeah, but try and show cartoons of Mohammed in Sweden. Instead of being part of "an ongoing and far-reaching conflict", you get http://www.newsone.ca/westfallweeklynews/stories/i ndex.php?action=fullnews&amp;id=164171 [newsone.ca]>your web site shut down.  Beware the perveyors of "hate speech" regulation. Some speech may be more equal than others.  And they'll probably turn a blind eye to anti-Semitism.</body>
    </post>
    <post id="SD_455_15156040" ref="SD_455_15155990">
      <post_score>0</post_score>
      <user>Anonymous Coward</user>
      <date>1145427540</date>
      <body>No. European newspapers, broadcasters and other media organizations are the only ones affected, of course.  Riiiight. Just like European companies are the only ones affected by French copyright laws.</body>
    </post>
    <post id="SD_455_15159759" ref="SD_455_15157152">
      <post_score>2</post_score>
      <user id="SD_624423">Patrik_AKA_RedX</user>
      <date>1145453880</date>
      <body>You might want to consult a map. Belgium sits between France on one side and The Netherlands and Germany on the other. the North Sea to the, well, north and Luxembourg to the south. It would be correct if you said that Flanders sat between France and Holland.  Bad roads are there for a reason. Same as the lack of traffic signs. What that reason might be nobody knows. But I suppose we can trust our politicians on that...  Belgium is famous for more than just those 2 examples. For example beer, and one of the best social security systems of the world. Which is quite convienant as the state gives you money to buy beer so you forget your unemployment-problems. We're also the country that consumes the most anti-depresiva. Mostly by those not unemployed as you're not allowed to be drunk at work.</body>
    </post>
    <post id="SD_455_15155960" ref="SD_455_15155944">
      <post_score>3</post_score>
      <post_moderation>Informative</post_moderation>
      <user>Anonymous Coward</user>
      <date>1145425680</date>
      <body>It looks like the problem may be one of enforcement. If these rules were in place, many of the companies listed would be responsible for policing content from bloggers or websites that they host, or be forced to implement age-verification systems around their own published content. None of this would be simple or cost-free, and I can see how it could potentially create a barrier for non-traditional media producers to publish their works: I'm sure that many ISPs would make things simple for themselves and just ban all their users from providing any downloadable video content full-stop.  Would it work like that? Maybe not, but that seems to be what these companies are afraid of.</body>
    </post>
    <post id="SD_455_15156078" ref="SD_455_15155973">
      <post_score>1</post_score>
      <user id="SD_966193">WCD_Thor</user>
      <date>1145428200</date>
      <body>I really don't think its that confusing, especialy if you talk with friends who have different plans at different companies. All you have to do is select the features that fit you best, and pay an arm and a leg. Thats one price of "freedom" (like US citizens really have it, and I know I can't spell), but the price for true freedom is never too high.</body>
    </post>
    <post id="SD_455_15157121" ref="SD_455_15155931">
      <post_score>0</post_score>
      <user>Anonymous Coward</user>
      <date>1145436780</date>
      <body>Wired are more likely to be "affected" than "effected", you numpty.</body>
    </post>
    <post id="SD_455_15156660" ref="SD_455_15155931">
      <post_score>2</post_score>
      <user id="SD_632879">mark2003</user>
      <date>1145433840</date>
      <body>The big problem, as I understand it, is that it will make internet providers, ISPs, content providers etc. responsible for ensuring that content they deliver does not breach any laws applied to broadcast companies. For example it is easy for Channel 4 (in the UK) to ensure that any programme broadcast before the watershed is suitable for children or for a Scandanvian TV channel to ensure that no adverts targetted at kids are shown during hours when they may be watching TV.  When you make content available over the internet accross multiple time zones it becomes much more difficult to implement this, you need to start making sure that only certain content is available in certain countries.</body>
    </post>
    <post id="SD_455_15156086" ref="SD_455_15155952">
      <post_score>1</post_score>
      <user id="SD_969379">cassandra420</user>
      <date>1145428380</date>
      <body>Your Majesty, how's your new Titanic doing?</body>
    </post>
    <post id="SD_455_15156143" ref="SD_455_15156045">
      <post_score>1</post_score>
      <user id="SD_804576">$RANDOMLUSER</user>
      <date>1145429160</date>
      <body>You are today's winner of the Most Gratuitous Use of the Word "Belgium" in a Slashdot Thread Award. Congratulations!  </body>
    </post>
    <post id="SD_455_15155952">
      <post_score>1</post_score>
      <post_moderation>Funny</post_moderation>
      <user id="SD_968070">Ze Emperor</user>
      <date>1145425560</date>
      <body>... to make sure that no signal crosses the French-German border!</body>
    </post>
    <post id="SD_455_15156054">
      <post_score>3</post_score>
      <user id="SD_712694">PatrickThomson</user>
      <date>1145427840</date>
      <body>An alliance of companies ... warned that a European Commission proposal to impose rules for traditional broadcasters on new media providers could ... hurt investments. In other news, Hannibal Lector complains that anti-cannibalism laws unfairly restrict his choice of dishes.  </body>
    </post>
    <post id="SD_455_15161657" ref="SD_455_15159433">
      <post_score>0</post_score>
      <user>Anonymous Coward</user>
      <date>1145472480</date>
      <body>I can refute that in two words: Piss Christ.  No "fundies" torching fast-food restaraunts and embassies. No murderous riots. No priests in their robes and collars exhorting the Catholic masses to rise up and murder the infidels.  And that was a helluva lot more offensive than any of those Mohammed cartoons.  "Some" religious fundamentalists? Why don't you have the guts to name them?  All religions are not created equal. Two of the largest religions can be summed up pretty well with the following two phrases: "Turn the other cheek" and "72 virgins".  Guess which religions those two statemenst sum up. I dare you. Then tell me which one has fundamentalists that "need a reality check" in positions of authority all the way to the top of its hierarchy.</body>
    </post>
    <post id="SD_455_15156196" ref="SD_455_15155944">
      <post_score>2</post_score>
      <post_moderation>Interesting</post_moderation>
      <user id="SD_882977">jimbolauski</user>
      <date>1145429940</date>
      <body>The Goverment is trying to force regulations/censorship on companies who don't have the power to regulate all their content. Censoring the internet is next to impossible there's too much crap out there, all that will happen is now companies will become liable when little Jonney stumbles on something he shouldn't because mom/dad is passed out drunk/high and couldn't monitor their son's activities. Are elections in europe comming, because this sounds like an election year proposial so politicians can say I promoting a bill to protect your children from the evils of the internet.</body>
    </post>
    <post id="SD_455_15155973">
      <post_score>5</post_score>
      <post_moderation>Interesting</post_moderation>
      <user id="SD_914424">LaughingCoder</user>
      <date>1145425980</date>
      <body>Media and technology companies warned Tuesday that new European Union broadcasting rules could restrict the growth of emerging media formats such as video broadcasts through the internet and mobile phones.  This discussion is somewhat reminiscent of the development and standardization of GSM cell phones in Europe back in the 80's and early 90's. I'm sure many of the same arguments were made on both sides of the issue. Of course in the US it was decided to let the market sort out the best cell phone technology. Now here we are in the US with multiple competing mobile formats. It is a complicated undertaking for a consumer to decide which mobile operator to choose -- there are coverage maps, different network capabilities, non-overlapping phone models. Add to that the fact that despite all this "competition" the cost to the consumer is fairly high compared to Europe.  So, which is the best way to go? Mandate these sorts of things early on, or let the market evolve? As a died-in-the-wool capitalist I like the idea of letting the market choose the winner. Unfortunately sometimes you end up with what we have in today's US cell phone market - no clear winner and confusion for the consumers.</body>
    </post>
    <post id="SD_455_15158600" ref="SD_455_15157171">
      <post_score>1</post_score>
      <user id="SD_17617">Scudsucker</user>
      <date>1145446260</date>
      <body>So while Sweden's population density is lower than the US, it's not lower by much, but the area of the US (which is going to add to the cost of rolling out a network very quickly) is 20 times that of Sweden.  Which would explain why you get crappy reception out in Bumfuck, Nowhere, but not why reception is bad even in large, metropolitan areas.</body>
    </post>
    <post id="SD_455_15156852" ref="SD_455_15156842">
      <post_score>0</post_score>
      <user>Anonymous Coward</user>
      <date>1145435100</date>
      <body>"If nothing else they know who the owner of the account is and thus can limit to somthing appropriate."  What is "appropriate" and why is government responsible for making a moral judgement?  Remember the saying... the road to hell is paved with good intentions.</body>
    </post>
    <post id="SD_455_15157361" ref="SD_455_15157121">
      <post_score>0</post_score>
      <user>Anonymous Coward</user>
      <date>1145438100</date>
      <body>Dupe! [slashdot.org]</body>
    </post>
    <post id="SD_455_15159573" ref="SD_455_15155972">
      <post_score>2</post_score>
      <user id="SD_83930">argel</user>
      <date>1145452800</date>
      <body>  Tsk. I read and re-read your comment, but I STILL can't see the words 'frist p0st!' in it anywhere... ;)  Here, let me help you out:  Business week carrying this story. But it has a couple o f sn i ppets missing f r om the wired report: 1) It s no t An alliance of com p anies, including ITV, Yah o o, Vodafone, Intel and Ci s co Sys t ems, warned that....   </body>
    </post>
    <post id="SD_455_15160448" ref="SD_455_15159676">
      <post_score>2</post_score>
      <user id="SD_886271">YesIAmAScript</user>
      <date>1145458320</date>
      <body>GSM is outmoded, and the only thing it is doing better for the customer here is providing choice of phones. It doesn't provide as good coverage, as much bandwidth for data users and it's tougher for operators to run!  Having had all 3 major systems here in the US in the last 3 years, I don't see a problem with any of them. I don't know what you heard, but our systems work well. And they have been working well (including my own phone) since before GSM even existed.  The invisible hand has driven out the systems that don't work as well as others (IS-136, and it hasn't been possible to get an AMPS phone activated for two years). It'd drive out the next worst system too, except it can't, the next worst system is GSM.  I do appreciate that Europe regulated in such a way as to make a market for different kinds of phones. That's great. That just doesn't exist on CDMA, because the CDMA operators don't want it, and they can make sure it doesn't happen.  But for someone like my father, who was recently put onto GSM from IS-136 (TDMA), he has nothing but complaints. He doesn't care about fancy phones, and the coverage sucks because GSM was made incompatible with the systems that were already in use and thus he can only use new towers.  GSM is nothing but pain for him, and it's pain because of the boneheaded decisions made in Europe circa 1992 and enforced by law.</body>
    </post>
    <post id="SD_455_15157020" ref="SD_455_15156266">
      <post_score>2</post_score>
      <user id="SD_140883">Aceticon</user>
      <date>1145436240</date>
      <body>I'm very, very much in favor of consumer choice. So very much indeed that i'm in favour of legalizing drugs - it's no business of the state to tell anyone what they can or not do with their own bodies.  Stil, consumer choice is only really a choice if the consumer has the necessary information to make an informed choice. Otherwise it's just a form of random selection disguised as choice.  In o practice, consumers do not have the time to, by themselfs, gather and interprete all the information necessary to make informed choices for every single buying decision. In practice only with expensive products will most consumers invest the time into getting informed before making a buying decision. This is as valid for toothpaste as it is for choosing which television shows your 12 y.o. can see.  Without any mandatory, minimum level of information to consumers, all you have, unless you go through the trouble of investigating it yourself, is advertising. Advertising is not impartial information. Advertising is more like a beauty contest where there are no judges, everybody gets to make their own rules and everybody gets unlimited access to very good plastic surgeons before the big night. Thus it doesn't really inform you about the bad stuff, just about the good stuff and even that might be untruthfull (though in Europe there are also rules that prevent outright lies in adverts).  Worse still, even if a consumer does try to investigate further, since compared with individuals companies have almost unlimited resources to spread misinformation and/or hide otherwise negative reviews under a sea of irrelevant information, it is hardly a simple task to dig out the real information (for a good example notice how many people have died in the US from smoke induced illnesses all the while the tobacco companies were spreading disinformation. The companies were finally made to pay for it, but that didn't made any difference whatsoever to those which were already dead by then)  Thus without any rules the odds are always stacked against individual consumers.  Hence any laws mandating a minimum standard of product information are always welcome.  With this kind of laws consumers allways have available a basic ammount of information to make their choices. If they want to see/eat shit it's their choice.  Without them companies get to choose if they feed shit to consumers. As long as it is properly disguised (plenty of sauce) consumers will eat shit and not even notice it. They might feel sick later but they won't know why and will hapilly eat the same shit again the next day.  Now to answer the post i'm replying to: - Why should products be excluded from this rules just because they are new, done in a new way, distriubuted in a new way (eg new media) or in the name of removing barriers to entry?  In other words, why should companies be allowed to covertely feed shit to consumers because they are new or their shit is new or they make or distribute shit in a new way???</body>
    </post>
    <post id="SD_455_15156973">
      <post_score>2</post_score>
      <user id="SD_163177">dada21</user>
      <date>1145435940</date>
      <body>Regulations by the government have nothing to do with protecting the consumers or enabling the market to produce a quality product. All regulations are created to do is protect the favored companies (paternalism) and created an artificially high barrier to entry (protectionism).  In this situation, of course the government wants to regulate new media -- it will let them tax it, censor it, and prevent it from pushing the pro-State media companies into oblivion, where they should go.  Don't be surprised if everything is eventually owned by the largest media cartels, the kings of distribution. They've realized the mistake of investing in the online market, the most free and most anonymous place for people to interact. I look at the web as an anarcho-capitalist [unanimocracy.com] haven, a place that even when touched by ridiculous white market laws allows everyone to instantly circumvent them to the free black market.  The citizens here won't care, they'll see it is "for the children" or "against terrorism" and they'll bend over and accept it. Thankfully we have enough geeks around the world who will continue to work on new ways to transport information beneath the radar of the monsters in office.</body>
    </post>
    <post id="SD_455_15156664" ref="SD_455_15156048">
      <post_score>2</post_score>
      <user id="SD_24833">Hast</user>
      <date>1145433900</date>
      <body>  I don't think this is because there wasn't a government mandate to use GSM or another standardized technology. One thing a lot of people forget when trying to compare Europe to the US is population density and size. Europe is much more centered around it's cities (which is part of the reason why they have much better public transit). Whereas in the US, we tend to spread out (the majority still being in cities, but there is a lot of the population who live very far away from cities).   Funny that.  Countries in northern Europe has a very low population density, even compared to US. Eg Sweden is at about 20 people per km^2 while the US is at 80.  Strangely enough my GSM phone work in most parts of Sweden. Surely that must be some kind of technical glitch? I couldn't be that it's just an excuse from American telephone companies because their coverage sucks?  Sure, Sweden is a smaller country (about the size of California I believe), but the total population is about that of Los Angeles (according to Wikipaedia). Coverage in all of US is probably unfeasable but you could get coverage in all parts where people actually are.</body>
    </post>
    <post id="SD_455_15156070" ref="SD_455_15155931">
      <post_score>-1</post_score>
      <post_moderation>Flamebait</post_moderation>
      <user>Anonymous Coward</user>
      <date>1145428140</date>
      <body>did you mean "affected," asshole?  Also, that's not how to spell "subsidiary."</body>
    </post>
    <post id="SD_455_15155972" ref="SD_455_15155931">
      <post_score>2</post_score>
      <post_moderation>Funny</post_moderation>
      <user id="SD_804522">Jaruzel</user>
      <date>1145425860</date>
      <body>Tsk. I read and re-read your comment, but I STILL can't see the words 'frist p0st!' in it anywhere... ;)  -Jar.</body>
    </post>
    <post id="SD_455_15156142" ref="SD_455_15156040">
      <post_score>1</post_score>
      <user id="SD_7445">JanneM</user>
      <date>1145429160</date>
      <body>Riiiight. Just like European companies are the only ones affected by French copyright laws.  Companies wishing to do business in Europe are affected by European laws, no matter where they are based. Just like companies doing business in the US needs to follow US law, and companies in Japan need to follow Japanese law, wherever their headquarters may be located.</body>
    </post>
    <post id="SD_455_15155938">
      <post_score>2</post_score>
      <user id="SD_2682">Epeeist</user>
      <date>1145425200</date>
      <body>This just seems to be a puff piece with no detail on what is proposed at all.</body>
    </post>
    <post id="SD_455_15156065">
      <post_score>1</post_score>
      <user id="SD_520358">Tei</user>
      <date>1145428080</date>
      <body>Creating a new media format is like, well... like creating a new way to order your shoes. Having a law AGAINST, or even RELATED with it is "Law Fiction", or more accurate "Law Comedy".  I for one wellcome our European Union Law's Comedians!.</body>
    </post>
    <post id="SD_455_15163340" ref="SD_455_15156119">
      <post_score>2</post_score>
      <user id="SD_36238">mpe</user>
      <date>1145500260</date>
      <body>When promoting hate speech rules the people behind them will always use the most extreme examples of speech they can find. Yet when applied it never ceases to amaze me what gets branded under the category.  It's just as significent what doesn't get called "hate speach". People (and organisations) rarely attempt to censor positions they agree with, no matter how extreme. Another thing that can happen is that such terms are used to attempt to bar certain speakers regardless of what they are actually saying.</body>
    </post>
  </posts>
</thread>
