<?xml version="1.0" encoding="iso-8859-1"?>
<!-- this file has been obtained by crawling internet sites by
Fundacio Barcelona Media please, access this site:
caw2.barcelonamedia.org to read the terms and conditions of use
 -->
<thread id="SD_257_2330215">
  <subdomain>hardware</subdomain>
  <title>Slashback: SGI, Exploding Dell, Gizmo Related Stories</title>
  <admin>Zonk</admin>
  <user>Slashback tonight brings some clarifications, and updates to previous Slashdot stories including: the possibility of selling OpenGL to save SGI, a denial from Dell that it knew of the overheating battery problem, an update on the Skype competitor Gizmo, and a response from the Chinese folks that reverse-engineered the Skype protocol. Read on for detail</user>
  <date>1153504140</date>
  <topics>
    <main>Slashback</main>
    <secondary>Communications</secondary>
    <secondary>The Internet</secondary>
    <secondary>Hardware</secondary>
    <secondary>Politics</secondary>
  </topics>
  <body>ack tonight brings some clarifications, and updates to previous Slashdot stories including: the possibility of selling OpenGL to save SGI, a denial from Dell that it knew of the overheating battery problem, an update on the Skype competitor Gizmo, and a response from the Chinese folks that reverse-engineered the Skype protocol. Read on for details.</body>
  <posts>
    <post id="SD_257_15761054" ref="SD_257_15761021">
      <post_score>1</post_score>
      <user id="SD_966581">x1n933k</user>
      <date>1153506480</date>
      <body>I say we all get together and pitch in a few bucks and buy it ourselves. We'll call it he x1n933k foundation. It will be non-profit of course (except to me). Anyone interested can reply below [J]  </body>
    </post>
    <post id="SD_257_15764923" ref="SD_257_15761292">
      <post_score>0</post_score>
      <user>Anonymous Coward</user>
      <date>1153605600</date>
      <body>Idiot. Go back and read the site again. Or even just the post at the top of this page. Idiot.</body>
    </post>
    <post id="SD_257_15761283" ref="SD_257_15761250">
      <post_score>2</post_score>
      <post_moderation>Informative</post_moderation>
      <user id="SD_238264">lethalp1mpslapper</user>
      <date>1153510620</date>
      <body>...$3 a day for select area codes.  You mean $3 a month.</body>
    </post>
    <post id="SD_257_15761131" ref="SD_257_15761021">
      <post_score>1</post_score>
      <user id="SD_955764">Andrew Kismet</user>
      <date>1153507680</date>
      <body>Despite Google's love or organizing and sorting, I doubt that a graphics tool will be of any particular interest to them - and if they do buy it, DirectX supports will whine about how Google are "leveraging their monopoly" or somesuch...</body>
    </post>
    <post id="SD_257_15764653" ref="SD_257_15761331">
      <post_score>2</post_score>
      <user id="SD_534369">AstroDrabb</user>
      <date>1153597560</date>
      <body>  Why not another industry consortium for OpenGL  You run in to problems with slow changes to the spec with that approach. Take XFree for example. Dog slow changes, it became stagnant and didn't let much community contributions. X.Org changed all that. If OpenGL had more frequent changes that implemented features that game developers wanted, it might become the standard game development target instead of DirectX which is sadly MS-Only.</body>
    </post>
    <post id="SD_257_15761101">
      <post_score>4</post_score>
      <post_moderation>Informative</post_moderation>
      <user id="SD_566853">56ker</user>
      <date>1153507140</date>
      <body>Reading about Dell and the exploding batteries reminds me of the story about Ford and its Firestone tyres (oh and Cadbury's and its recall of chocolates because of salmonella). In the latter two cases both companies knew about the problem yet nothing was done (or things were just glossed over by management) until the bad PR forced them to do something. However I'm sure it's bad PR to have to do a product recall at all as it starts making people wonder as to whether your other products have major faults too.</body>
    </post>
    <post id="SD_257_15761627">
      <post_score>-1</post_score>
      <post_moderation>Troll</post_moderation>
      <user>Anonymous Coward</user>
      <date>1153517880</date>
      <body>share. FreeBSD is hand...don't Purposes *BSD is would mar BSD's it attempts to [goat.cx]</body>
    </post>
    <post id="SD_257_15761118" ref="SD_257_15761006">
      <post_score>3</post_score>
      <post_moderation>Interesting</post_moderation>
      <user id="SD_891284">someone300</user>
      <date>1153507500</date>
      <body>Seriously though, I hope this goes the way that Blender did. If SGI could agree to give OpenGL to a non-profit organisation for a fixed amount, the non-profit organisation could appeal to the opensource community (and companies like RedHat, Novell) for donations.</body>
    </post>
    <post id="SD_257_15761370" ref="SD_257_15761051">
      <post_score>-1</post_score>
      <post_moderation>Troll</post_moderation>
      <user id="SD_761832">Deadguy2322</user>
      <date>1153512540</date>
      <body>I think you made an error in your post. It should read; Ryan Fenton (Self-important, under-endowed asswipe who either doesn't know how to use the signature preferences properly, or does, but thinks the world MUST see his lame-assed signature.) There, now it's accurate. Shithead.</body>
    </post>
    <post id="SD_257_15761055">
      <post_score>5</post_score>
      <post_moderation>Insightful</post_moderation>
      <user id="SD_881180">Cal Paterson</user>
      <date>1153506480</date>
      <body>In what alternate universe did Slashdot react badly to reverse engineering?  Reverse engineering meaning what FOSS groups do every day...meaning WINE, Gaim, Samba etc...? I am actually shocked. This is a very good thing - I'm not sure if the Chinese group plan to release source code, but hopefully if they can, then others can, and we'll end up with FOSS Skype programs.</body>
    </post>
    <post id="SD_257_15762249" ref="SD_257_15762015">
      <post_score>0</post_score>
      <user>Anonymous Coward</user>
      <date>1153534560</date>
      <body>Jump from something tall-ish (a 4-6 ft drop)  1) In hard-soled shoes 2) In bare feet  Which hurts most?  The battery is generally WITHIN a laptop.  Also, the vid doesn't show the battery being dropped. It is just sitting there.  If Dell can show that falling damage is the reason, why haven't they?</body>
    </post>
    <post id="SD_257_15799484" ref="SD_257_15762570">
      <post_score>1</post_score>
      <user id="SD_86384">Ilgaz</user>
      <date>1154081700</date>
      <body>They should open their state of the art frameworks like Quicktime, Cocoa and even Carbon to make 1000 geeks happy and go out of business since Redmond guys will steal them?  What does opensource people want really?  Darwin Intel kernel? What kind of guarantee that MS won't give some time to their genius x86 coders to make a perfect working OS X Intel, a perfect hack which may even download updates from Apple? So, everyone owning a white PC box will have fun with OS X and Apple go out of business?  It seems people forget what kind of "Rival" Apple messes with. http://www.theregister.co.uk/1998/11/06/were_talki ng_about_knifing/ [theregister.co.uk]  Those guys are still in charge. They can do ANYTHING.</body>
    </post>
    <post id="SD_257_15761121">
      <post_score>3</post_score>
      <post_moderation>Interesting</post_moderation>
      <user id="SD_181285">fermion</user>
      <date>1153507500</date>
      <body>Reverse engineering is always ok. Very little happens in technology without a community of development, some of which is poaching other peoples idea. We all like out cheap PCs, which is largely due to the effort of Compaq, and to a lesser extent MS. We all like Linux and BSD, which is in a way a reverse engineered version of Unix, except that the specs were largely published. We all like to use various messenging service, which is only possible because the protocols were discovered. We all like cheap replacement parts for our cars, which are only possible when unauthorized third parties are allowed to produce the parts. Same for printer refills. Perhaps this has caused skype some problems. Oh well, it happens. Perhaps this has caused Skype users some issue with security. Well, if reverse engineering can break security,then that is what is called bad security. If they want to interface with Skype, that is as good wanting the messaging services to interface. If they want to block it, as much as we may not understand, i think that soveriegnty is something everyone can agree upon. After all, you do not give keys to your house to just anyone, or let just anyone put stuff on you lawn. Reverse engineer, especially in software, is what is going to save this generation of computing technology. Can you imagine how much a PC would be if Dell did not have support MS 40% profit margin, if Dell were truly free to put whatever software it wished on the computer and charge for the privilege? This will happen when MS is forced to standardize, as is happening with the EU case, and a truly compatible WIndows runtime is present.  </body>
    </post>
    <post id="SD_257_15761319" ref="SD_257_15761287">
      <post_score>2</post_score>
      <user id="SD_938209">mikeisme77</user>
      <date>1153511520</date>
      <body>On the OS X client I don't see anything about encryption under the Advanced tab. I only just installed the client on my Windows Desktop (since my headset doesn't work with my MacBook), but maybe that client has the RPT encryption (since I think they updated it more recently).</body>
    </post>
    <post id="SD_257_15761337" ref="SD_257_15761006">
      <post_score>3</post_score>
      <post_moderation>Interesting</post_moderation>
      <user id="SD_624421">ElephanTS</user>
      <date>1153512000</date>
      <body>That's the first thing I thought. Apple, I hope, will buy it if only to protect their quartz extreme investment. What would be the coolest thing would be for them to buy it, continue using as normal, and keep it open and free for anyone else that wanted to use it. The kudos from that would easily be worth the money they paid for it.  </body>
    </post>
    <post id="SD_257_15761394" ref="SD_257_15761055">
      <post_score>2</post_score>
      <user id="SD_204918">labratuk</user>
      <date>1153513200</date>
      <body>Ah, but if people criticize the sacred cows of Apple and Skype, it might stop them getting the good juju like iPods and other fashion accessories.</body>
    </post>
    <post id="SD_257_15761292">
      <post_score>1</post_score>
      <post_moderation>Informative</post_moderation>
      <user>Anonymous Coward</user>
      <date>1153510920</date>
      <body>If you go to Gizmo's website and read the fine print, it's not really all it seems to be. In order to make free calls, the other person has to be registered and active on Gizmo as well. It should read "free calls to other Gizmo user's numbers."  Kind of pointless if you have to make everyone you want to call register and use Gizmo.</body>
    </post>
    <post id="SD_257_15761213" ref="SD_257_15760950">
      <post_score>2</post_score>
      <user id="SD_824291">creimer</user>
      <date>1153509060</date>
      <body>Blah... Just call for what it is: chumbucket!</body>
    </post>
    <post id="SD_257_15763336" ref="SD_257_15761101">
      <post_score>0</post_score>
      <user>Anonymous Coward</user>
      <date>1153566420</date>
      <body>It's simple arithmetic.  It's a story problem.  If a new car built by my company leaves Chicago traveling west at 60 miles per hour, and the rear differential locks up, and the car crashes and burns with everyone trapped inside, does my company initiate a recall?  You take the population of vehicles in the field (A) and multiply it by the probable rate of failure (B), then multiply the result by the average cost of an out-of-court settlement (C).  A times B times C equals X. This is what it will cost if we don't initiate a recall.  If X is greater than the cost of a recall, we recall the cars and no one gets hurt.  If X is less than the cost of a recall, then we don't recall.  Chuck Palahniuk gets it. (Note: That's from the book. I know it's a little different in the movie. I saw the movie first, just like almost everybody else.)</body>
    </post>
    <post id="SD_257_15762600" ref="SD_257_15762508">
      <post_score>0</post_score>
      <user>Anonymous Coward</user>
      <date>1153550340</date>
      <body>So how would they go about breaking AES256?</body>
    </post>
    <post id="SD_257_15771256" ref="SD_257_15761411">
      <post_score>0</post_score>
      <user>Anonymous Coward</user>
      <date>1153743660</date>
      <body>Erm, what's wrong about bringing a dangerous product to light? Especially when the manufacterer knows about it and says nothing.  My wife bought a Dell Inspirion 1100 laptop. Dell said there would be no interest for 3 months. They lied, then they refused to do anything about it. The laptop kept overheating and randomly turning off. We sent it in and they not only updated the BIOS, they said there was a bad hard drive (which there was not) and they removed the DVD drive and replaced it with a CD drive for some reason. Well, they sent a refurbished DVD drive to replace the one they (well, their representative) stole.  While the random turn-offs stopped, the laptop continued to overheat and scarred my wife's legs. Over time, we had Dell replace the laptop twice. We even asked about extending the warranty to which they said no, and then later after the orginal warranty lapsed they said we should have purchased a new warrenty. They told us the 12-month warrenty after only 11 months.  The power supply, after it started shooting sparks on our carpet, we found out it was recalled. I called Dell and they refused to help me because I was not the owner. They called back my wife but never helped her-- mostly because she could not understand the person. My wife ended up purchasing a new power supply at a decent cost from an online store. On top of that, the battery no longer charges after less than a year.  Over all of this, I've talked to Dell custome service somewhere between 10 and 20 times. Hold times ranged from 20 minutes to over 3 hours, they constantly transfered me on certain calls, provided me with a non-existant phone number on one occasion, they refused to tell me how much to pay to fully pay off the laptop (leading me to overpaying and they never sent back the excess, it was something like $2 but still), but I never once had a good customer service or technical call. My wife usually couldn't understand them and while I could understand them they often wouldn't help me because I was not my wife. (Yes, this is back when all customer service was outsourced to India.) Every call was easily grade F service. To add insult to injury, Dell launched an advertising campaign claiming they had A+ service-- I was personally livid.  Every person I have ever known who owns a Dell laptop until recently has had some sort of laptop failure. And every person I have know who has talked to Dell has had bad customer service.  To be fair, I have personally never seen a problem with a Dell desktop machine. My wife has asked me to "let it go" and I have for the most part. However-- I recommend to any person who asks me what type of computer or laptop to get to avoid Dell at all costs. They were once pretty good but they have since fallen apart in the reliability department in a major way.  I do not mean to rant, but how many bad experiences must I go through with them before it's not simply "a company's mistake" and rather "a company's incompetence"? I refuse to believe that I have experienced over a dozen back-to-back simple mistakes on Dell's part. It is of my opinion that Dell has simply become incompetent.  So... no I don't believe this to be a case of closed minds. I believe this to be a case of company not being able to handle its size and trying to hide their problems and still being caught.  --Dave Romig, Jr.</body>
    </post>
    <post id="SD_257_15761525" ref="SD_257_15761385">
      <post_score>2</post_score>
      <user id="SD_186">Mark J Tilford</user>
      <date>1153515780</date>
      <body>IIRC, "peer to peer" has a definite meaning: the protocol is the same for both sides.</body>
    </post>
    <post id="SD_257_15761251" ref="SD_257_15761006">
      <post_score>4</post_score>
      <post_moderation>Interesting</post_moderation>
      <user id="SD_5844">ewhac</user>
      <date>1153509780</date>
      <body>Microsoft would buy it for the express purpose of killing it. It's been a thorn in their side for over ten years. Since SGI needs money more than it needs OpenGL to survive, I expect SGI would acquiesce to such a deal even if Microsoft were up-front about their intentions. Schwab  </body>
    </post>
    <post id="SD_257_15762570" ref="SD_257_15762103">
      <post_score>2</post_score>
      <user id="SD_881180">Cal Paterson</user>
      <date>1153549020</date>
      <body>Honestly, though. Apple aren't particulary good to the Free Software community. They do just enough so that we don't totally hate their guts, but never enough to redeem their value to us.</body>
    </post>
    <post id="SD_257_15761385" ref="SD_257_15760990">
      <post_score>2</post_score>
      <user id="SD_204918">labratuk</user>
      <date>1153512960</date>
      <body>  Is Gizmo peer to peer,   Peer to peer is really a buzzword. It doesn't actually mean anything definite and skype's approach buys you little in the VOIP world apart from annoying some router administrators by usurping the internet's regular 'peer to peer' protocol, IP.   decentralized   It's SIP. It's as decentralised as email is. Then again, skype's not really decentralised because if the developers of skype go belly up, that's the end of that. SIP depends on lots of independently run servers. Like jabber. It's just a protocol after all.   and secure   I don't think it is yet, but you don't actually have any evidence that skype is secure. It's a proprietary protocol. You have no way of knowing (apart from taking a company's word for it) whether someone who knows the protocol can eavesdrop on all your conversations.</body>
    </post>
    <post id="SD_257_15761297" ref="SD_257_15761030">
      <post_score>1</post_score>
      <user id="SD_238264">lethalp1mpslapper</user>
      <date>1153510980</date>
      <body>They also use the Jabber protocol for the IM side of things.</body>
    </post>
    <post id="SD_257_15761645" ref="SD_257_15761411">
      <post_score>3</post_score>
      <post_moderation>Insightful</post_moderation>
      <user id="SD_260890">Jonny 290</user>
      <date>1153518300</date>
      <body>Just because there might have been mishandling of the laptop does not absolve Dell of responsibility.  If dropping a battery will cause it to later catch fire (which it will almost always not), they should build a motion sensor into it. You can't tell me that they can put a mechanism in a hard drive that will lock the heads before it contacts pavement from a 3 foot drop, but the MYSTERY OF THE FLAMING DROPPED BATTERY remains unsolvable.</body>
    </post>
    <post id="SD_257_15761918" ref="SD_257_15760943">
      <post_score>2</post_score>
      <user id="SD_162816">fm6</user>
      <date>1153523760</date>
      <body>  PS tinkering with your gadget != masturbation DS  I guess the folks who moded you up as "funny" didn't agree.</body>
    </post>
    <post id="SD_257_15761250" ref="SD_257_15760990">
      <post_score>5</post_score>
      <post_moderation>Informative</post_moderation>
      <user id="SD_938209">mikeisme77</user>
      <date>1153509780</date>
      <body>I just started using Gizmo because I was looking for a VoIP service and they had one of the cheapest Call-In numbers (free if you use 775 otherwise as low as $3 a day for select area codes). It also helps that they have builds for all my operating systems (OS X, Windows, and Linux). Anyway... Gizmo supports multi-user chat with audio, but so far I haven't seen anything about video chat so I'm assuming that's not part of the deal. I don't really know about the answers to your other questions but I don't know about the decentralization issue. Voice quality is pretty good though and the interface is nice and that with the low prices are what made me choose it (at least for now) over the competitors. Even if it's decentralized though, it's not like the packets can't be intercepted... I don't think they encrypt the packets (but I could be wrong--and even if they did the NSA would be able to encrypt it). So if you're looking at general secured communication then I recommend meeting face to face.  </body>
    </post>
    <post id="SD_257_15761328" ref="SD_257_15761319">
      <post_score>1</post_score>
      <user id="SD_238264">lethalp1mpslapper</user>
      <date>1153511820</date>
      <body>I believe both my Linux client and OS X client have the option to encrypt RTP.</body>
    </post>
    <post id="SD_257_15761553" ref="SD_257_15760934">
      <post_score>0</post_score>
      <post_moderation>Redundant</post_moderation>
      <user id="SD_635378">VE3MTM</user>
      <date>1153516200</date>
      <body>What else would I be doing? Something social, you say?  Slashdot's social, right?</body>
    </post>
    <post id="SD_257_15761030" ref="SD_257_15760990">
      <post_score>2</post_score>
      <user id="SD_12227">sholden</user>
      <date>1153506180</date>
      <body>It looks like standard SIP.  </body>
    </post>
    <post id="SD_257_15761163" ref="SD_257_15760934">
      <post_score>5</post_score>
      <post_moderation>Funny</post_moderation>
      <user id="SD_77976">identity0</user>
      <date>1153508280</date>
      <body>Who among you is pathetic enough to post a comment on a slashback article on a Friday night?  Hey, I only came here because I thought SGI had come up with a Gizmo to make Dells explode :) I thought, "Finally an SGI product I'd buy!" but no, they're only selling stupid OpenGL.</body>
    </post>
    <post id="SD_257_15765483" ref="SD_257_15761337">
      <post_score>1</post_score>
      <user id="SD_86384">Ilgaz</user>
      <date>1153630980</date>
      <body>If OpenGL "dies" somehow, say bye to already troublesome gaming on Mac too.  In fact OS X desktop uses OpenGL extensively. Quartz Extreme and Quartz 2D Extreme (not enabled yet) relies on OpenGL.  I don't get how OpenGL can be "bought" anyway. OpenGL is an industry board already,  http://opengl.org/about/arb/overview/ [opengl.org]  Notice 3dLabs, Intel, Apple, Sun, Dell and IBM which lives its good days again?  It is not some sort of a "geek" "4 guys coding" project which Microsoft can take over. Military even relies on OpenGL.  They need a clarification , people think opengl may be effected at all by SGI going down. No, it can't. I tell you, lets say all of those board members gone chap. 11, DARPA will take over the OpenGL. Military simulations, petrol industry...</body>
    </post>
    <post id="SD_257_15762074" ref="SD_257_15761295">
      <post_score>1</post_score>
      <user id="SD_838040">SCPRedMage</user>
      <date>1153528380</date>
      <body>Well, the touch screen DOES greatly improve the interface... ;)</body>
    </post>
    <post id="SD_257_15761496" ref="SD_257_15761051">
      <post_score>5</post_score>
      <post_moderation>Informative</post_moderation>
      <user id="SD_267096">MasterVidBoi</user>
      <date>1153515120</date>
      <body>SGI already sold most of the important OpenGL patents to Microsoft years ago, and it basically had no impact on OpenGL's development. The ARB has already announced that it is merging with the Khronos Group (which standardized OpenGL ES), and have taken the name and trademark with them. Basically, the OpenGL ARB have cut themselves loose from SGI, and SGI's future actions won't have any real impact on the development of the standard.  About the only part of OpenGL that SGI can sell at this point is perhaps their implementations (which would be specific to SGI hardware). And just about everyone who wants one of those already has one.</body>
    </post>
    <post id="SD_257_15762313" ref="SD_257_15761411">
      <post_score>2</post_score>
      <user id="SD_107678">alizard</user>
      <date>1153537320</date>
      <body>Dropping is part of the ordinary environment of a laptop. While one doesn't necessarily expect it to work afterwards, a reasonable person wouldn't expect one to spontaneously combust in a life-threatening sort of way afterwards, either. So there's no reason to give Dell a free pass because "it might have been dropped". Even if it had been, it shouldn't have blown up. I suspect that the problem is that the lithium-ion technology is inherently unstable and should not be put in consumer gear. (contemplating the 2 Li-ion powered devices I usually carry) The sooner CNT supercaps or fuel cells are available to provide this kind of energy density without having to worry about it blowing up, the better.  </body>
    </post>
    <post id="SD_257_15762605" ref="SD_257_15762249">
      <post_score>1</post_score>
      <user id="SD_975091">Moocow660</user>
      <date>1153550460</date>
      <body>  The battery is generally WITHIN a laptop.  Yes, but that doesn't make it immune to impact damage.   Also, the vid doesn't show the battery being dropped. It is just sitting there.  Lithium Ion batteries can explode significant lengths of time after being dropped.   If Dell can show that falling damage is the reason, why haven't they?  I highly doubt you'd believe any evidence they gave.</body>
    </post>
    <post id="SD_257_15763251" ref="SD_257_15761006">
      <post_score>0</post_score>
      <user id="SD_876713">B0red At W0rk</user>
      <date>1153565040</date>
      <body>cough cough SCO cough cough</body>
    </post>
    <post id="SD_257_15760950">
      <post_score>-1</post_score>
      <post_moderation>Flamebait</post_moderation>
      <user>Anonymous Coward</user>
      <date>1153504680</date>
      <body>I propose a compromise: slushbuck!</body>
    </post>
    <post id="SD_257_15761051">
      <post_score>4</post_score>
      <post_moderation>Informative</post_moderation>
      <user id="SD_230700">RyanFenton</user>
      <date>1153506420</date>
      <body>I hope an entity like Microsoft doesn't end up buying rights to too much of OpenGL, and thus lock it up for years. It's a superb cross-platform language for development... pretty much all there is for high-end games or similar real-time rendering when you want to develop something open source. It would pretty much suck if no further standards could safely rely on a base of OpenGL/GLSL/GL* to attract an audience and technology base in the future. DirectX isn't bad on windows... but I'd hate for that to be all there is for upcoming years.  Still... perhaps a something new from the ashes could form a more lasting standard that's better than going through major-company approval process of the OpenGL ARB. Even if DirectX continues to be the basis of future graphics card development, new open-source standards can use the same hardware hooks for better ends. I can't imagine that the graphics card manufacturers wouldn't be interested in helping a new standard form if enough of the developer community had a hunger for newer cross-platform 3d graphics library. GLSL is very nice - but perhaps a better set of standard could be developed in conjunction with future hardware in mind.  Ryan Fenton (Who has been reading through the GLSL Orange book for the past few weeks)  </body>
    </post>
    <post id="SD_257_15761237" ref="SD_257_15761166">
      <post_score>0</post_score>
      <post_moderation>Redundant</post_moderation>
      <user id="SD_901737">plasmacutter</user>
      <date>1153509600</date>
      <body>an obvious troll of me modded up.. i must be doing something right to have so many of detritus's supporters spending modpoints just to rip on me ^^;</body>
    </post>
    <post id="SD_257_15762399" ref="SD_257_15762030">
      <post_score>2</post_score>
      <user id="SD_724374">EtherealStrife</user>
      <date>1153540920</date>
      <body>I agree completely. Except perhaps the end of s7 being the true death of the series. It started its decline before that, but the deus ex machina trend started around there (before which success was based on ingenuity -- a kind of scifi MacGyver :) ). At this point, a child could outwit carter and the bunch. I still watch the show, but out of a kind of morbid curiosity interlaced with boredom. That, and for claudia black (!!). The show is dead and gone...all that remains is the shell.  </body>
    </post>
    <post id="SD_257_15762525" ref="SD_257_15762166">
      <post_score>2</post_score>
      <user id="SD_241428">squiggleslash</user>
      <date>1153546980</date>
      <body>But there are the patents. And yes, you can design patents such that they eliminate the possibility of implementing a certain API without being in breach. As I understood it, that's one reason why the Free Software community hasn't been that enthusiastic about OpenGL.</body>
    </post>
    <post id="SD_257_15761762">
      <post_score>-1</post_score>
      <post_moderation>Troll</post_moderation>
      <user>Anonymous Coward</user>
      <date>1153520340</date>
      <body>cohnvers4tion and [goat.cx]</body>
    </post>
    <post id="SD_257_15764764" ref="SD_257_15762822">
      <post_score>0</post_score>
      <user>Anonymous Coward</user>
      <date>1153600440</date>
      <body>Slashback has been here for a while, and is actually vaguely useful. It's a summary of important continuations to past articles that don't merit articles of their own, as opposed to the editors reposting the +5 comments.</body>
    </post>
    <post id="SD_257_15762709">
      <post_score>1</post_score>
      <user id="SD_815304">dud83</user>
      <date>1153553580</date>
      <body>In communist China, working "side by side" means "in direct and absolute collision course to destroy the capitalistic ways of a corporation" *_* Nice to know! :p</body>
    </post>
    <post id="SD_257_15761363" ref="SD_257_15761317">
      <post_score>2</post_score>
      <post_moderation>Insightful</post_moderation>
      <user id="SD_449635">Bottlemaster</user>
      <date>1153512420</date>
      <body>Why would they charge a fee for access to the specification? Khronos is all about open standards. If they need to reimbursed for the purchase of OpenGL, I imagine they would just charge more for the conformance tests. You do have to pay to pay to put an OpenGLES/MX/VG/MAX logo on your implementation. Actually, it has always been that way with OpenGL too - this is why Mesa only claims to be "an API which is very similar to that of OpenGL".</body>
    </post>
    <post id="SD_257_15761021">
      <post_score>4</post_score>
      <post_moderation>Interesting</post_moderation>
      <user id="SD_1658">jd</user>
      <date>1153506060</date>
      <body>Open Cores, Sourceforge and Slashdot should get together to see if they can jointly buy OpenGL. SGI'll probably take anything at this point, most vendors already have OpenGL implementations of their own and don't need anything SGI still has, and I'd rather trust CowboyNeil with the specs than most of the vendors out there.  (Can you imagine what would happen if Microsoft bought it? Does anyone seriously believe ANY implementation would be safe, MESA included?)  Failing that, Google must have some spare change. Hell, they could probably buy SGI for less than the value of the machines in SGI's inventory, which would seriously boost their server power.  </body>
    </post>
    <post id="SD_257_15760943">
      <post_score>5</post_score>
      <post_moderation>Funny</post_moderation>
      <user id="SD_893180">b4stard</user>
      <date>1153504500</date>
      <body>  When is it Okay to Reverse Engineer?  Always. Everybody should have the right to tinker with their gadgets and publish their results. Period.  PS tinkering with your gadget != masturbation DS</body>
    </post>
    <post id="SD_257_15761205" ref="SD_257_15761122">
      <post_score>2</post_score>
      <user id="SD_566853">56ker</user>
      <date>1153509000</date>
      <body>I'm British so I use British spellings. We spell them tyres over here. Diction Nazi should also notice that sentences have capital letters at the start and so do proper nouns - eg Tyre and Carthage.</body>
    </post>
    <post id="SD_257_15762166">
      <post_score>4</post_score>
      <post_moderation>Informative</post_moderation>
      <user id="SD_122034">Animats</user>
      <date>1153531620</date>
      <body> SGI doesn't have any valuable rights in OpenGL. The specification is a public document. The reference implementation is open source. You can't copyright an API (SCO and Microsoft have both tried and failed). There's a charge to use the OpenGL trademark in a closed-source implementation [sgi.com], and that's it. SGI's higher level APIs, like Inventor and Performer, have little if any resale value.  </body>
    </post>
    <post id="SD_257_15766372" ref="SD_257_15761166">
      <post_score>2</post_score>
      <user id="SD_729040">Geoffreyerffoeg</user>
      <date>1153656120</date>
      <body>And while we're at it:  diction: emphasis during pronunciation.  spelling: choosing the letters that form a word.  WTF kind of "diction Nazi" hates on people's spellings?</body>
    </post>
    <post id="SD_257_15762066" ref="SD_257_15760943">
      <post_score>0</post_score>
      <user>Anonymous Coward</user>
      <date>1153528080</date>
      <body>I remember when I tinkered on that electric fence...  Boy! I felt that for days!  </body>
    </post>
    <post id="SD_257_15762654" ref="SD_257_15762600">
      <post_score>2</post_score>
      <user id="SD_938209">mikeisme77</user>
      <date>1153551960</date>
      <body>I don't know the specifics, but based on this fact: "# Later in June 2003, the NSA extended their support for AES beyond belief. AES becomes NSA-approved for all US Government Departments and Agencies. In See paragraph (6) of the NSA National Policy on the Use AES to Protect National Security Systems and National Security Information. we read: * AES 128 bits and more are approved for up to "SECRET level". * AES with 192 and 256-bit keys were approved even for "TOP SECRET level" (later it has changed, and now it has to be 256 bits, see here). * The implementation must be reviewed and certified by the NSA. * AES is now part of suite B of recommended cryptographic algorithms (suite A, contains classified algorithms for National security). " (Google Cache [64.233.167.104] I would have to assume that the NSA has a way of cracking it themselves, as historically the NSA does not approve any encryption method unless they can crack it themselves. Similarly, "The design and strength of all key lengths of the AES algorithm (i.e., 128, 192 and 256) are sufficient to protect classified information up to the SECRET level. TOP SECRET information will require use of either the 192 or 256 key lengths. The implementation of AES in products intended to protect national security systems and/or information must be reviewed and certified by NSA prior to their acquisition and use." (a href="http://en.wikipedia.org/wiki/Advanced_Encryp tion_Standard">Wikipedia) confirms that it is the most secure currently used encryption standard, but it can still be cracked by the NSA and their crypto experts and multiple super computers. They would not encourage something to be a worldwide standard if they could not crack it themselves, but they also wouldn't approve the encryption for government documents unless they felt that few governments/people other than themselves could crack it. Just because a crack has not been published does not mean the NSA doesn't have a way of breaking the encryption.  </body>
    </post>
    <post id="SD_257_15762873">
      <post_score>1</post_score>
      <post_moderation>Offtopic</post_moderation>
      <user id="SD_572787">cryptor3</user>
      <date>1153557420</date>
      <body>  Would you buy a Ferrari and put regular gas into it?   I sort of resent this analogy. The reason you wouldn't put regular gasoline into certain expensive (sports) cars is that it is bad for the car if you do this. These cars were designed to use high-octane gasoline and if you don't, bad things will eventually happen. Using a cheap memory card won't damage your camera (unless it's incredibly defective).  The submitter implies in his or her intro that buying an expensive camera and a cheap memory card is a bad idea. I'm assuming that the implication is that this will cause reliability or speed problems. This isn't necessarily true. Any digital SLR (aka an "expensive camera") has a memory buffer, so the shot-to-shot time is primarily dictated by the camera hardware, not the memory card. Doing a *very* long burst will cause a slowdown. In this case, a faster memory card would help. But frankly, I find such situations to be exceedingly rare and generally avoidable.  If your camera is expensive, but doesn't have a memory buffer, then it's probably not very speed performance-oriented. Your price is probably going into some other feature, such as small size or image resolution.  Buying a fast memory card is more like putting a performance exhaust on your car, since it increases the speed incrementally.  Camera Ricers.  </body>
    </post>
    <post id="SD_257_15760995" ref="SD_257_15760942">
      <post_score>2</post_score>
      <user id="SD_689705">EmperorKagato</user>
      <date>1153505580</date>
      <body>I am</body>
    </post>
    <post id="SD_257_15762521" ref="SD_257_15761055">
      <post_score>2</post_score>
      <user id="SD_241428">squiggleslash</user>
      <date>1153546800</date>
      <body> Slashdotters don't always have a consistant opinion on reverse engineering (which is natural given the large number of us with differing opinions.) It wouldn't be the first time a vocal group opposed reverse engineering though - when Linus threw a hissy fit because Tridge had "reverse engineered" (ie telnetted in and typed "help") BitKeeper, with BitKeeper's control-freak creators terminating kernel developer's gratis usage as a result, there were enormous numbers of Slashdotters who sided with Torvalds. Indeed, he still seems to be surprisingly popular as an "open source" figure despite employing a policy for a while that was openly hostile to Free Software. So no, if you can't even telnet to a proprietary repository for a free software project and type "help" without a large percentage of Slashdotters protesting, you can't really assume that Slashdotters are, as a group, pro-reverse-engineering. This is one of those things with vocal proponents on both sides.  </body>
    </post>
    <post id="SD_257_15761006">
      <post_score>5</post_score>
      <post_moderation>Interesting</post_moderation>
      <user id="SD_100383">Nova Express</user>
      <date>1153505760</date>
      <body>Hmmm, I wonder what computer company would want to buy OpenGL? It would have to be someone that doesn't have a DirectX license,or already used OpenGL in its operating system. I wonder who that could be? (cough cough Apple cough cough)  </body>
    </post>
    <post id="SD_257_15761100" ref="SD_257_15760934">
      <post_score>4</post_score>
      <post_moderation>Funny</post_moderation>
      <user id="SD_871886">R3d M3rcury</user>
      <date>1153507140</date>
      <body>  Who among you is pathetic enough to post a comment on a slashback article on a Friday night?  Uh...it's late-Friday afternoon where I am and I'm just killing time 'til the freeway dies down.  But you make a good point. Isn't Stargate SG-1 on? :^)</body>
    </post>
    <post id="SD_257_15761464" ref="SD_257_15760934">
      <post_score>1</post_score>
      <post_moderation>Funny</post_moderation>
      <user>Anonymous Coward</user>
      <date>1153514400</date>
      <body>You must be new around here...</body>
    </post>
    <post id="SD_257_15761216" ref="SD_257_15760934">
      <post_score>3</post_score>
      <post_moderation>Funny</post_moderation>
      <user id="SD_747058">ggvaidya</user>
      <date>1153509180</date>
      <body>Actually, it's Saturday morning here already ... and I try to be as unproductive as possible on Saturday mornings. Hence this post :).</body>
    </post>
    <post id="SD_257_15761450" ref="SD_257_15761055">
      <post_score>3</post_score>
      <post_moderation>Informative</post_moderation>
      <user id="SD_671371">DigiShaman</user>
      <date>1153514160</date>
      <body>Just run a google search for "China blocks skype" and you will understand why.  The problem with opening up the protocol means that the Chinese government can now effectively program their firewall to stop all Skype VOIP traffic going in and out of the country. The primary reason is so it does not cut into the government owned telcom industry. That's #1. Always follow the money trail first. Second, it's to censor the free flow of international communication as it will aid in dissent. The last think the CCP wants is a democratic movement to overthrow them.</body>
    </post>
    <post id="SD_257_15762411" ref="SD_257_15762313">
      <post_score>2</post_score>
      <user id="SD_748122">zippthorne</user>
      <date>1153541820</date>
      <body>Assuming that supercaps or fuel cells are safe in this regard. I'd assume there'd be a lot of mechanical stress due to the electric charge in the former.</body>
    </post>
    <post id="SD_257_15760942" ref="SD_257_15760934">
      <post_score>0</post_score>
      <user>Anonymous Coward</user>
      <date>1153504500</date>
      <body>not you</body>
    </post>
    <post id="SD_257_15762930" ref="SD_257_15762873">
      <post_score>2</post_score>
      <user id="SD_572787">cryptor3</user>
      <date>1153558920</date>
      <body>crap how did this get posted into the slashback article? was supposed to be in the memory card article.</body>
    </post>
    <post id="SD_257_15763731" ref="SD_257_15761054">
      <post_score>2</post_score>
      <user id="SD_188021">orasio</user>
      <date>1153575240</date>
      <body>You have a point!  It could be the OpenGL Foundation, or something.  Blender code was salvaged that way, when the company went down. A foundation was created, and now it is a healthy project, at http://www.blender.org/ [blender.org] . A movie was recently made showing how advanced it has become, at http://orange.blender.org/ [blender.org] .  At that time, they raised one hundred thousand Euros, I believe OpenGL might be a tad more costly, but one shouldn't underestimate the power of individuals to get together and raise some money.  Maybe even the Blender foundation is a good place to start. Someone big enough should talk to SGI and ask how many millions of dollars they want.  Hey, come to think of it, another ocmpany that would like buying OpenGL could be ID Software! It's close to their core- bussiness, game engines.  </body>
    </post>
    <post id="SD_257_15762095" ref="SD_257_15761250">
      <post_score>0</post_score>
      <user>Anonymous Coward</user>
      <date>1153528920</date>
      <body>You really don't know much about "encryption" or "decryption" besides the fact that they're shiny keywords do you?  Heh, my catchpa is 'uncouth'. Crude, unrefined - but obviously true at least in this situation. ;)</body>
    </post>
    <post id="SD_257_15761193" ref="SD_257_15761122">
      <post_score>1</post_score>
      <user id="SD_913952">absoluteflatness</user>
      <date>1153508760</date>
      <body>Tyre is and was actually a city, one of the most important ones in the ancient Phoenician empire. Also, it still exists. It's in Lebanon, and probably getting bombed right about now.  Even if I assume your post was a joke and you knew that tyre is the British spelling of tire, you're still wrong.</body>
    </post>
    <post id="SD_257_15761123" ref="SD_257_15760943">
      <post_score>0</post_score>
      <post_moderation>Offtopic</post_moderation>
      <user id="SD_126045">Chuqmystr</user>
      <date>1153507560</date>
      <body>Ha! Every time you tinker with your gadget God kills a kitten! -C</body>
    </post>
    <post id="SD_257_15761209" ref="SD_257_15761193">
      <post_score>0</post_score>
      <post_moderation>Offtopic</post_moderation>
      <user id="SD_901737">plasmacutter</user>
      <date>1153509060</date>
      <body>oh yeah.. that's right.. good call.. got my history mixed up there ; ).. i still find the concept of exploding ancient cities funny.</body>
    </post>
    <post id="SD_257_15764550" ref="SD_257_15762631">
      <post_score>2</post_score>
      <user id="SD_107678">alizard</user>
      <date>1153594140</date>
      <body>  Does this apply to almost every other manufacturer of consumer electronics? Are they also denied "free passes" when batteries explode? Because its a hell of a lot more common than many posters seem to think.  1. Yes. 2. Yes. 3. That was my point.  I am not a chemistry major, but I don't see how its possible to store energy without the possibility of that energy being released in an uncontrolled manner.  The batteries have to be better designed to fail safely instead of spectacularly. Whether this is done via engineering design or finding new methods for electrical storage is a matter for the industry to figure out, because the current situation is likely to get somebody sued out of existence sooner or later.</body>
    </post>
    <post id="SD_257_15761116" ref="SD_257_15761037">
      <post_score>0</post_score>
      <post_moderation>Insightful</post_moderation>
      <user>Anonymous Coward</user>
      <date>1153507440</date>
      <body>"Our packages start at $1 per month and include 20 MB space and 500 MB bandwidth" "Our hosting policy is unlimited everything"  Do you get your bandwidth from an entity not of this universe? What other gotchas does your service offer?</body>
    </post>
    <post id="SD_257_15761110" ref="SD_257_15761100">
      <post_score>2</post_score>
      <user id="SD_566853">56ker</user>
      <date>1153507260</date>
      <body>In some parts of the world it's Saturday morning and the weather in England makes it too hot to sleep.</body>
    </post>
    <post id="SD_257_15799683" ref="SD_257_15799484">
      <post_score>2</post_score>
      <user id="SD_881180">Cal Paterson</user>
      <date>1154082900</date>
      <body>Ugh...MS can't "steal" it if Apple use the GPL, as they have done in the past. But nevermind that! Better get some FUD out! Fuck the facts! Go with fear!  Maybe it's time to stop thinking that MS are evil and have to be beaten, and start thinking that our house needs to be put in order.  I couldn't give a shit about illogical, irrational claims that Apple are good and need to beat MS. The fact of the matter is both of them have shitty business practices, and both try to screw over the Free and Open Source Community.</body>
    </post>
    <post id="SD_257_15762015" ref="SD_257_15761645">
      <post_score>1</post_score>
      <user id="SD_975091">Moocow660</user>
      <date>1153526640</date>
      <body>Were it not for the fact it would be grossly irresponsible to do so, I would suggest you get a Lithium ion battery and throw it on the floor.  You might just be surprised at what sometimes happens.</body>
    </post>
    <post id="SD_257_15762412">
      <post_score>1</post_score>
      <user id="SD_973233">Walter Carver</user>
      <date>1153542060</date>
      <body>He is the one that brought it into greater attention in the gaming world. He has been releasing his engines with the GPL license. He likes to give back to the community, and that would be a big give-back.</body>
    </post>
    <post id="SD_257_15760934">
      <post_score>-1</post_score>
      <user id="SD_983460">(fagging beta)</user>
      <date>1153504380</date>
      <body>Who among you is pathetic enough to post a comment on a slashback article on a Friday night?</body>
    </post>
    <post id="SD_257_15761173" ref="SD_257_15761166">
      <post_score>0</post_score>
      <post_moderation>Redundant</post_moderation>
      <user id="SD_901737">plasmacutter</user>
      <date>1153508460</date>
      <body>detritus: a humorless stone over which all jokes fly without notice Oo..  lighten up. not everything has to be intense =/</body>
    </post>
    <post id="SD_257_15761166" ref="SD_257_15761122">
      <post_score>5</post_score>
      <post_moderation>Funny</post_moderation>
      <user id="SD_11846">Detritus</user>
      <date>1153508340</date>
      <body>plasmacutter: a chauvinist who doesn't realize that the English language is used in countries other than the USA.</body>
    </post>
    <post id="SD_257_15761849" ref="SD_257_15761250">
      <post_score>0</post_score>
      <user>Anonymous Coward</user>
      <date>1153521960</date>
      <body>http://www.philzimmermann.com/EN/zfone/index-start .html [philzimmermann.com]</body>
    </post>
    <post id="SD_257_15762631" ref="SD_257_15762313">
      <post_score>1</post_score>
      <user id="SD_975091">Moocow660</user>
      <date>1153551180</date>
      <body>  So there's no reason to give Dell a free pass because "it might have been dropped". Even if it had been, it shouldn't have blown up.  Does this apply to almost every other manufacturer of consumer electronics? Are they also denied "free passes" when batteries explode? Because its a hell of a lot more common than many posters seem to think.   I suspect that the problem is that the lithium-ion technology is inherently unstable and should not be put in consumer gear.  I am not a chemistry major, but I don't see how its possible to store energy without the possibility of that energy being released in an uncontrolled manner.</body>
    </post>
    <post id="SD_257_15761317" ref="SD_257_15761006">
      <post_score>2</post_score>
      <post_moderation>Insightful</post_moderation>
      <user id="SD_32117">Butterwaffle Biff</user>
      <date>1153511520</date>
      <body>I think it's more likely the Khronos Group would buy OpenGL. They are already taking over management of OpenGL.org and handle lots of other "open" media libraries (OpenGL ES, Open ML, Open VG Open SL, ...). It's better than Microsoft but I suspect they would start charging a fee for access to the standard specification.</body>
    </post>
    <post id="SD_257_15761712">
      <post_score>2</post_score>
      <post_moderation>Informative</post_moderation>
      <user id="SD_306430">dominic.laporte</user>
      <date>1153519320</date>
      <body>another open source client [openwengo.com] out there that is way better for me. it also based on mozilla .. yay !</body>
    </post>
    <post id="SD_257_15762822">
      <post_score>1</post_score>
      <user id="SD_963346">VGfort</user>
      <date>1153556340</date>
      <body>Because I have BackSlash marked as "dont display" in my preferences here. So now we have regular slashdot, then backslash and now slashback. Whats next, dotslash?</body>
    </post>
    <post id="SD_257_15761122" ref="SD_257_15761101">
      <post_score>0</post_score>
      <post_moderation>Troll</post_moderation>
      <user id="SD_901737">plasmacutter</user>
      <date>1153507500</date>
      <body>tyre: an ancient nation whose land area was once home to carthage, which was conquered and plowed under by the romans.  tire: a generally rubber donut shaped object used to assist the traction of vehicle wheels.  diction nazi has spoken! *bows*</body>
    </post>
    <post id="SD_257_15761310" ref="SD_257_15761205">
      <post_score>-1</post_score>
      <post_moderation>Flamebait</post_moderation>
      <user>Anonymous Coward</user>
      <date>1153511340</date>
      <body> You are talking to an American, you don't honestly expect to get any sense out of them do you ?  </body>
    </post>
    <post id="SD_257_15761247" ref="SD_257_15760934">
      <post_score>4</post_score>
      <post_moderation>Funny</post_moderation>
      <user id="SD_221883">Rufus211</user>
      <date>1153509720</date>
      <body>Who among you is pathetic enough to post a comment on a slashback article on a Friday night?  Those of us still at work, "being productive".</body>
    </post>
    <post id="SD_257_15762508" ref="SD_257_15762095">
      <post_score>2</post_score>
      <user id="SD_938209">mikeisme77</user>
      <date>1153546260</date>
      <body>I know about encryption and decryption. I took courses that explained how PGP and other such encryption algorithms worked. I've also had discussion about both with people in charge of researching how to break these encryption methods and those trying to find ways of better securing networks and finding better encryption techniques. I'm definitely not an expert on the matter, but I'm at least above the total layman level. I also know that just about any encrypted internet packet out there, the NSA has the ability to break if they want to. Some of the encryption methods, obviously, take them longer than others, but they can break it if they really want to--encryption just slows them down. If you just don't want a casual eavesdropper or any non-government agency listening in on your conversation, then yeah there are many encryption methods out there that would take them much too long to try to decrypt without having the key (assuming they can't do a man in the middle attack).</body>
    </post>
    <post id="SD_257_15761331">
      <post_score>1</post_score>
      <user id="SD_449635">Bottlemaster</user>
      <date>1153511820</date>
      <body>Why not sell OpenGL to the Khronos Group [khronos.org]? They've done a fine job with OpenGL ES, and they also manage several other open APIs. NVIDIA and ATI are already on their "board of directors" (not to mention SGI). It sounds like a shoo-in to me.</body>
    </post>
    <post id="SD_257_15762111" ref="SD_257_15761363">
      <post_score>2</post_score>
      <post_moderation>Interesting</post_moderation>
      <user id="SD_32117">Butterwaffle Biff</user>
      <date>1153529520</date>
      <body>First of all, I have to apologize. I've read several stories on open standards lately and I confused this story with another where I heard "RAND" (Reasonable And Non-Discriminatory) fees which can be used to effectively shut down open source software projects. So perhaps it's not as bad as I thought. However, Jon Leech's comments on OpenGL.org:  The OpenGL and OpenGL ES groups can communicate under the same set of intellectual property rules. IP rules are to standards like dental checkups are to you: unpleasant, but essential to avoid pain in the future.  didn't leave me with warm fuzzies. I'm not terribly familiar with Khronos and I am happy that they release specifications freely, but remain wary that perhaps they will allow submarine IP to creep into the specifications.</body>
    </post>
    <post id="SD_257_15762510" ref="SD_257_15762103">
      <post_score>0</post_score>
      <user>Anonymous Coward</user>
      <date>1153546380</date>
      <body>True, Microsoft uses Sourceforge [sourceforge.net], as their open source efforts aren't done to either fufil legal requirements (as in Webkit) or as not-overly-serious publicity stunt (as in Darwin)</body>
    </post>
    <post id="SD_257_15761411">
      <post_score>2</post_score>
      <post_moderation>Insightful</post_moderation>
      <user id="SD_975091">Moocow660</user>
      <date>1153513560</date>
      <body>I find it a bit frustrating how closed minded people are being about this exploding laptop issue.  Yes, its definitly possible that the battery exploded due to overheating or overcharging caused by failure of its protection circuit. However, it is also possible that it suffered impact damage. (e.g. someone dropped the battery while changing it, or the laptop was dropped but survived.)  It is a bit of a pity everyone tends to ignore other likely causes simply because they enjoy talking down the same companies over and over.</body>
    </post>
    <post id="SD_257_15762103" ref="SD_257_15761390">
      <post_score>2</post_score>
      <user id="SD_4803">kevin lyda</user>
      <date>1153529280</date>
      <body>Uh, bullshit?  Apple's no saint, but Microsoft doesn't have a site like this: http://developer.apple.com/opensource/index.html [apple.com]</body>
    </post>
    <post id="SD_257_15761287" ref="SD_257_15761250">
      <post_score>2</post_score>
      <post_moderation>Informative</post_moderation>
      <user id="SD_238264">lethalp1mpslapper</user>
      <date>1153510800</date>
      <body>Looks like Gizmo is now doing RTP encryption in the latest versions. Check your preferences, under "Advanced".</body>
    </post>
    <post id="SD_257_15760990">
      <post_score>0</post_score>
      <user>Anonymous Coward</user>
      <date>1153505460</date>
      <body>Is Gizmo peer to peer, decentralized and secure like Skype? I couldn't find the answer on the site so that's why I'm asking.  Does Gizmo support multi-user chat, audio and video?</body>
    </post>
    <post id="SD_257_15762248" ref="SD_257_15761247">
      <post_score>0</post_score>
      <user>Anonymous Coward</user>
      <date>1153534500</date>
      <body>I feel ya, I just finished a software deploy</body>
    </post>
    <post id="SD_257_15763665" ref="SD_257_15760943">
      <post_score>0</post_score>
      <user>Anonymous Coward</user>
      <date>1153573560</date>
      <body>I hate everyone who replied to you. And it's all your fault.</body>
    </post>
    <post id="SD_257_15763412">
      <post_score>-1</post_score>
      <post_moderation>Troll</post_moderation>
      <user id="SD_759069">gsgiles</user>
      <date>1153567860</date>
      <body>I told my brother to dump his SGI stock they day the announced their purchase of Alias and Wavefront (1995). I lived in Huntsville AL at the time and was watching Integraph melt down right in front of me. Why? No one but IBM makes money in hardware and software, it's simple. It was true in 1969, 1979, 1989, 1995, and 2006. Besides the exec's pocketed all the cash, the hits are being taken by stupid "hitech" investors and your 401K's. SGI's technology was always doomed, the MIPS chips were too expensive, and it was only a matter of time until cheap graphics processors for the PC became available because when all is said and done they implement matrix algebra, a technology that has been around for two centuries. SGI is following DG, Integraph and DEC into the same toilet of executive arrogance. Losing their ass in hardware which is a commodity and failing to innovate in software where the real fortunes are made. Once again Microsoft pulls their pants off and hangs them in a tree. Anybody holding Sun stock should sell it while it is still sellable (SUN executives sure are, they may not be as rich as they once were but they are not stupid, I'm talking to you Scott McNealy)</body>
    </post>
    <post id="SD_257_15761295" ref="SD_257_15760943">
      <post_score>0</post_score>
      <user>Anonymous Coward</user>
      <date>1153510980</date>
      <body>Masturbation DS? Have they improved it very much since the GameBoy version? :-)</body>
    </post>
    <post id="SD_257_15761011" ref="SD_257_15760934">
      <post_score>4</post_score>
      <post_moderation>Funny</post_moderation>
      <user id="SD_912509">Durrok</user>
      <date>1153505880</date>
      <body>Well since all the cool kids are doing it, guess I will go write one too.</body>
    </post>
    <post id="SD_257_15762030" ref="SD_257_15761971">
      <post_score>1</post_score>
      <user id="SD_901737">plasmacutter</user>
      <date>1153527060</date>
      <body>well.. the biggest thing about sg1 s1 - 8 is they don't win because of technological superiority, but tactical superiority stemming from some habit of human nature.  Atlantis followed the same route.. where the interplay between the species hinges on differences in their propensities.  I'm not seeing that in 9-10.. im seeing tactical blunders a first grader could point out, blatant allusions to current politics.. in short.. its selling out and the writers are getting lazy.</body>
    </post>
    <post id="SD_257_15761390" ref="SD_257_15761006">
      <post_score>1</post_score>
      <post_moderation>Interesting</post_moderation>
      <user>Anonymous Coward</user>
      <date>1153513140</date>
      <body>Apple has no history of being any better than MS when it comes to contributing to the open community. Apple buying OpenGL would probably be just as bad.</body>
    </post>
    <post id="SD_257_15761971" ref="SD_257_15761137">
      <post_score>3</post_score>
      <post_moderation>Insightful</post_moderation>
      <user id="SD_871886">R3d M3rcury</user>
      <date>1153525440</date>
      <body>I'll admit, I'm not as big a fan as I was. I miss Jack...  Personally, I'd've just shut it down. Send Jack into retirement, Jackson to Atlantis, Carter to Area 51, and Teal'C back to the Jaffa. Wait a year and try to talk Richard Dean Anderson into an SG-1 movie.</body>
    </post>
    <post id="SD_257_15761137" ref="SD_257_15761100">
      <post_score>1</post_score>
      <user id="SD_901737">plasmacutter</user>
      <date>1153507800</date>
      <body>Isn't Stargate SG-1 on?  at the risk of being modded -1 "putz".. sg1 has gone stale..with this recent season it seems like they just put season 1-8 into the vcr, hit rewind, then slapped a few new names and skins onto the goauld XD..  i'll tune back in in another 3 seasons when things start getting interesting again.</body>
    </post>
    <post id="SD_257_15761301">
      <post_score>-1</post_score>
      <post_moderation>Troll</post_moderation>
      <user>Anonymous Coward</user>
      <date>1153511100</date>
      <body>But it's not a eulogies to BSD's our cause. Gay distribution make [idge.net] disturbing. If you GNAA and support corporations A BSD over other Documents like a centralized sorely diminished. tossers, went out Fact there won't perform keeping bloodfarts. FreeBSD that they sideline you to join the is the group that list of other least I won't guests. Some people about bylaws wall: *BSD faces a project returns downward spiral. In Gig in front of to its laid-back Mr. Raymond's track of where 'superior' machine. who are intersted a super-organised Give other people Name on the jar of abysmal sales and 80s, DARPA saw BSD www.anti-slash.org *BSD is dying It is is ingesting taken over by BSDI there are some [goat.cx]</body>
    </post>
    <post id="SD_257_15761308" ref="SD_257_15761283">
      <post_score>2</post_score>
      <user id="SD_938209">mikeisme77</user>
      <date>1153511280</date>
      <body>Yep, that's what I meant. My bad, sorry. Guess I should learn to use the preview button. Thanks for the correction!</body>
    </post>
    <post id="SD_257_15763122" ref="SD_257_15761712">
      <post_score>2</post_score>
      <user id="SD_720372">i_should_be_working</user>
      <date>1153562940</date>
      <body>I just found out about wengo. And I've never sounded so much like an advertisment; I've been telling everyone about it. No more booting to windows just to make a call because skype keeps crapping out on the sound in Linux...yay!</body>
    </post>
    <post id="SD_257_15761244" ref="SD_257_15761055">
      <post_score>2</post_score>
      <user id="SD_12227">sholden</user>
      <date>1153509660</date>
      <body>The "foreigners bad" attitude overpowered the "freedom good" attitude.</body>
    </post>
    <post id="SD_257_15761037" ref="SD_257_15760943">
      <post_score>2</post_score>
      <user id="SD_830658">Poromenos1</user>
      <date>1153506240</date>
      <body>I tinker with my gadget frequently, but the results aren't post-worthy :P</body>
    </post>
  </posts>
</thread>
