<?xml version="1.0" encoding="iso-8859-1"?>
<!-- this file has been obtained by crawling internet sites by
Fundacio Barcelona Media please, access this site:
caw2.barcelonamedia.org to read the terms and conditions of use
 -->
<thread id="SD_377_1635245">
  <subdomain>hardware</subdomain>
  <title>Company to Pay for Election Problems</title>
  <admin>ScuttleMonkey</admin>
  <user>technoid_</user>
  <date>1156338060</date>
  <topics>
    <main>Hardware</main>
    <secondary>Politics</secondary>
  </topics>
  <body>to tell us the Indiana Star reports that Election Systems &amp; Software has agreed to  pay the Indiana State Government $245,000 in addition to extra hand-on and technical support in response to problems during the May primary. From the article: "The company, which has faced similar complaints in other states, reached a settlement with Arkansas officials Monday. In that deal, ES&amp;S pledged services, training materials and technical support but offered no payment. Jackson, the Johnson County clerk, said the company "has done a 360" since the primary. ES&amp;S officials have been more assertive in preparing for the fall elections. The instructional materials, she said, also will help."</body>
  <posts>
    <post id="SD_377_15965263" ref="SD_377_15964631">
      <post_score>4</post_score>
      <post_moderation>Funny</post_moderation>
      <user id="SD_988983">enharmonix</user>
      <date>1156343880</date>
      <body> dang. you beat me to it :)   From Last Action Hero (1993): Vivaldi (the idiot mafia boss): What is this, Benedict? First you're my friend, now you turn a 360 on me? Benedict (his henchman): 180, you stupid, spaghetti-slurping cretin! 180! If it was a 360, I'd go completely around and end up back where I started! Vivaldi: ... [confused] What? Benedict: Trust me. [Shoots Vivaldi.]    </body>
    </post>
    <post id="SD_377_15966954">
      <post_score>1</post_score>
      <user id="SD_776271">defective_warthog</user>
      <date>1156361400</date>
      <body> I stand or rather sit amazed at how poorly informed many /.'ers are on this crucial issue. Full Disclosure: I worked providing tech support for the ES&amp;S M-100 in NC's March primary. I have also been active in getting a law passed that required a voter verifiable paper trail in NC. NC's Law [ncleg.net] Paperless is absurd. Currently the best electronic solution is paper ballots scanned by an optical scan machine with random audits required. Without the random audits citizens are still trusting the computer (optical scan device) which can be comprimised. Currently only 26 states require a VVPT, of those only 12 require random audits of the paper. There is a law in the House now that would create a Federal requirement for VVPT. It is HR 550. In North Carolina it took a multi-partisan effort to get a good law passed. The only thing missing from our law is a requirement for open source, although our law does require vendors to supply their source code for review. It also requires a $7.5M bond to cover any problems that may occur as well as felony level offence for violations (like switching source code). No wonder Diebold and Sequoia, though certified, decided they didn't want to do business in NC! More good reading on this can be found at The Brennan Center for Justice [brennancenter.org]. -mark</body>
    </post>
    <post id="SD_377_15967008" ref="SD_377_15966105">
      <post_score>2</post_score>
      <user id="SD_723450">OldManAndTheC++</user>
      <date>1156362240</date>
      <body>...and certainly not transcendental!</body>
    </post>
    <post id="SD_377_15964796" ref="SD_377_15964623">
      <post_score>3</post_score>
      <post_moderation>Insightful</post_moderation>
      <user id="SD_942944">ConsumerOfMany</user>
      <date>1156339440</date>
      <body>You get what you pay for. It is only Indiana.......</body>
    </post>
    <post id="SD_377_15966039" ref="SD_377_15964837">
      <post_score>1</post_score>
      <user id="SD_145172">kfg</user>
      <date>1156350060</date>
      <body>First it says Indiana, then it says Arkansas. I AM SO CONFUSED!  You think you're confused? Just think about the poor people who set out for Evansville and wound up in Ft. Smith.  KFG</body>
    </post>
    <post id="SD_377_15974901" ref="SD_377_15974563">
      <post_score>1</post_score>
      <user id="SD_776271">defective_warthog</user>
      <date>1156446480</date>
      <body>  Well, the ballots found were found outside the box, i forget where they were found... supposedly up inside some piece of equipment IIRC.  The M-100's ballot box has two compartments, one is for normal operation and one in case of power/battery failure. I also personally observed two precincts that didn't have all the doors closed and locked correctly so voters were "feeding" the ballot between the M-100 and the top of the ballot box. There is not enough space there for 200 ballots. Frankly I don't know what we'd have to do here if the ballot counts didn't add up. One county here is having a redo due to poll worker error. Unaffliated voters were not informed that they had a choice in which primary (Dem or Rep) to vote. One Rep race was decided by 7 votes, the redo will allow Rep's and unaff's to vote again. ES&amp;S foots the bill out of the bond money they had to post. Try to get on w/ES&amp;S. The vendor for them in NC is a company named PrintElect. They, PrintElect, pay $300/day + expences. It's a three day gig, not too shabby. I observed several serious access control issues that have been passed along to our SBOE. Hopefully I've helped the integrety of the process and made a nice piece of change. Obviously ES&amp;S is tech support strapped. A half dozen or so freelance tech support people for PrintElect were flown to Arkansas.  </body>
    </post>
    <post id="SD_377_15964764">
      <post_score>4</post_score>
      <post_moderation>Informative</post_moderation>
      <user id="SD_585141">lucabrasi999</user>
      <date>1156339260</date>
      <body>the Indiana Star reports that Election Systems &amp; Software has agreed to pay the Indiana State Government $245,000  I didn't realize the publisher of the The Indianapolis Star had changed the name of the newspaper.  </body>
    </post>
    <post id="SD_377_15964623">
      <post_score>5</post_score>
      <post_moderation>Insightful</post_moderation>
      <user id="SD_541830">Kenja</user>
      <date>1156338180</date>
      <body>Only $245,000 to rig an election? Sounds cheap to me.</body>
    </post>
    <post id="SD_377_15965253" ref="SD_377_15965065">
      <post_score>0</post_score>
      <user>Anonymous Coward</user>
      <date>1156343760</date>
      <body>Why do you hate America so much?</body>
    </post>
    <post id="SD_377_15964631">
      <post_score>5</post_score>
      <post_moderation>Funny</post_moderation>
      <user id="SD_60756">Trailer Trash</user>
      <date>1156338240</date>
      <body>So, they're back where they started?</body>
    </post>
    <post id="SD_377_15965367" ref="SD_377_15964887">
      <post_score>4</post_score>
      <post_moderation>Informative</post_moderation>
      <user id="SD_805280">70Bang</user>
      <date>1156344600</date>
      <body> Not as red as you might think. But we do observe Daylight Saving Time (finally).  This is the first time there's been a Republican Indiana governor in a very long time.  Lest anyone think this is a one-time thing for ES&amp;S or Diebold, do some research. Googling ES&amp;S will bring back enough hits it reminds me of a practice on the farm used to happen: back up the manure spreader and fill it up. Unfortunately, the only way to get it from one farm to the other was on the streets. Flashing lights and red triangles in a rural area still wasn't good enough for people and decided to show everyone their horn worked. For a long period of time. Oops! I hit the wrong lever. "Sorry, sir. I didn't mean for a layer of sh%t to cover your windshield and related areas. No, I didn't do it because it was a nice day out and your windows were open."  One of the things ES&amp;S is notorious for is sneaking untested software onto the machines and by the time TPTB (The Powers That Be), it's too late to change the election. ES&amp;S did that in '02 (for certain and practically any election which has been checked after the fact) and someone blew the whistle. She was fired on the spot for disclosing the company's trade secrets. She was elected by the city or state by lunch the next day as a watchdog.  Disclosing The Fact Untested Software Was Installed Without Telling Anyone" is a trade secret (not to mention illegal)?  There have been any number of discussions in Congress regarding methods of elections: OSS vs. proprietary, etc. The argument is OSS might make it possible for someone to study it and find exploits which could be used to maninulate election results.  What I have done through research is whilst the the penalties are paid to the upper echelons, what machines are used is at the precinct level. That means just under two years to find a way to make one precinct or one or two voting booths in a particular precinct work, then branch out.  We won't talk about the BMV. I was lucky to have received a new registration sticker after 7-10 days. Everyone else has been told 2-3 weeks minimum  </body>
    </post>
    <post id="SD_377_15965159">
      <post_score>4</post_score>
      <post_moderation>Insightful</post_moderation>
      <user id="SD_709361">homebrewmike</user>
      <date>1156342920</date>
      <body>Wow - a private company that makes a mistake. Gwarsh, I thought only liberal run goverments do that.  Come to think of it, that's the difference between Democrats and Republicans: Republicans outsource their failures.</body>
    </post>
    <post id="SD_377_15965320" ref="SD_377_15964960">
      <post_score>2</post_score>
      <user id="SD_812749">rts008</user>
      <date>1156344300</date>
      <body>I doubt the whole company could do this, but Tony Hawk did a 900! (not a skaterpunk, but still impressed!)  (http://www.youtube.com/watch?v=p9lDh8Bckl8&amp;mode=r elated&amp;search=)</body>
    </post>
    <post id="SD_377_15967884" ref="SD_377_15964689">
      <post_score>2</post_score>
      <user id="SD_259622">serutan</user>
      <date>1156378740</date>
      <body>They've probably done more like a 127 or a 135 -- changed enough procedures and produced enough documents to enable the bureaucrats who hired them to cover their own asses, which is really all that counts.</body>
    </post>
    <post id="SD_377_15966160" ref="SD_377_15964848">
      <post_score>2</post_score>
      <user id="SD_445176">StikyPad</user>
      <date>1156351260</date>
      <body>Yeah, and while we're at it, let's get rid of this goshdarned webwork of compustations! I'm plum sick of seein' all these kids with their fancy iPods bee-bopin' down the street, and I know they can hear me when I tell them to get off my lawn!!! I ordered me a mosquito repellerant out of the Sears Catalog, and by golly, when it gets here those kids will flee like the pests they are.  Anyway, back when we used to use paper and pencil, it worked great until some crazy kids came up with something they called an e-rasor. That was before e-mail, and e-everything, and it didn't even run on e-lectricity, so I have no idea why they called it an e-rasor, but I'll be darned if it didn't change the marks!!! Anyway, we soon got smarter and started throwing out all the ballots with e-rasor marks on them. Course, it was hard to say which ones got throwed out, and then we got to arguin' and carryin' on about too many gettin' left in, and what an e-rasor mark even looked like.  So then we started using pens (which reminds me of my favorite site, PenIsland.com -- the only thing the webwork is good for), but then it turned out people would get stuffing and put it in the boxes. I have no idea why they'd put stuffing in a ballot box instead of a turkey, but it sure messed up things but good!  What was I saying? Oh yeah, we should vote by who can yell the loudest. That always worked at the pep rallies, back when the rallies actually had pep in them. Not like the rallies nowadays. Boy howdy, when you knew you were getting shipped off to the Over There as soon as you finished your 'rithmatic, you sure as heck had some pep about being in school. That's what we need nowadays is a good war to teach you kids some respect.</body>
    </post>
    <post id="SD_377_15965010" ref="SD_377_15964960">
      <post_score>2</post_score>
      <user id="SD_714555">boarder8925</user>
      <date>1156341480</date>
      <body>Is a radio station good enough?  If so, AM540 WFLA [540wfla.com] is the one for you.  If not, well, I tried. ;)</body>
    </post>
    <post id="SD_377_15964746" ref="SD_377_15964616">
      <post_score>3</post_score>
      <post_moderation>Insightful</post_moderation>
      <user id="SD_872397">LunaticTippy</user>
      <date>1156339140</date>
      <body>I think Jackson meant a 180 but is bad at geometry.  deg; doesn't seem to work here</body>
    </post>
    <post id="SD_377_15965072" ref="SD_377_15964749">
      <post_score>1</post_score>
      <user id="SD_136140">lowe0</user>
      <date>1156342140</date>
      <body>"I was wondering how much my vote cost. Apparently it's just over $200k."  On top of that, it's the greatest buy-one-get-six-million-free special of all time.</body>
    </post>
    <post id="SD_377_15969051" ref="SD_377_15967615">
      <post_score>1</post_score>
      <user id="SD_776271">defective_warthog</user>
      <date>1156404240</date>
      <body> In regard to procedures for the optical scan systems the voter is the person that feeds the ballot into the scanner. The poll book records of how many voted must mach the vote count on the scanner. Where is the possibility for ballot box stuffing? What I didn't like about the DRE &amp; VVPT was the 4" wide thermal paper. It requires climate controlled storage. It's successable to smudging during recounts. NC requires "hand to eye" recounts of the vvpt.  </body>
    </post>
    <post id="SD_377_15966392" ref="SD_377_15966160">
      <post_score>2</post_score>
      <user id="SD_173196">Doc Ruby</user>
      <date>1156353900</date>
      <body>I guess you're pretty happy about "upgrading" voting machines to ones so buggy and rigged that no one trusts them except crooked vendors and government dupes. Because newer is always better, right? Why don't you RTFA before going on some weird rant about luddism, when dangerous technolust is the problem we're actually dealing with.</body>
    </post>
    <post id="SD_377_15964646">
      <post_score>1</post_score>
      <post_moderation>Redundant</post_moderation>
      <user id="SD_601421">Frequency Domain</user>
      <date>1156338360</date>
      <body>Then they're back to where they were in the first place.</body>
    </post>
    <post id="SD_377_15966194" ref="SD_377_15964663">
      <post_score>2</post_score>
      <post_moderation>Insightful</post_moderation>
      <user>Anonymous Coward</user>
      <date>1156351620</date>
      <body>Yeah, they need to make sure the 'right' candidate is elected.  Really incorrect. There's a considerable amount of progressives in the ownership as well - in fact, in Omaha (which is a pretty balanced city with a slight conservative feel, though we have a Democratic mayor and keep re-electing Ben Nelson for Senate who will almost certainly be re-elected again) some of these folks are very visible supporters of our Democratic candidates.  Actually most of ES&amp;S's problems are due to incompetence, not politics. I've had friends and associates work there and was contacted pretty recently regarding a contractor position. It wasn't my area of specialization - information security is - and I declined, but knew they really needed a lot of help there and suggested they consider engaging me for additional assistance there. They tend to think a Security+ certification indicates expertise, and worse yet, explained that they really didn't need to do internal audits and pay a lot of attention to the security of the system because "we expect our technology vendors to do that for us." Vendors, as in Microsoft who supplies their OS.  Do you think Microsoft would step up and take the fall for these systems as part of that XP Pro license? ES&amp;S really does not have a reputation for understanding their responsibility. It's very much a "tell the programmers to go invent great code" kind of shop with no controls. In Omaha, they're sort of regarded as a dead end programming job, and as I learned, they don't even think they need any change in how they handle information security.  After I was shocked about their complacent attitude, I asked a higher up why they wouldn't consider taking a proactive approach and beat the competition with a more secure platform - something Diebold is completely at risk for? They said that all they needed for their customers was a SAS-70 (a statement by a CPA that everything is OK) and until they were required to do more, they wouldn't.  So if you ever are involved with purchasing these things, look past the marketing fluff. People that buy insecure systems should also be held responsible.</body>
    </post>
    <post id="SD_377_15965172">
      <post_score>1</post_score>
      <user id="SD_48575">dubner</user>
      <date>1156343040</date>
      <body>> ... the company "has done a 360" since the primary  A 360, eh? As in: "Let's do a 360 and get the f*** out of here"?  </body>
    </post>
    <post id="SD_377_15964772">
      <post_score>4</post_score>
      <post_moderation>Funny</post_moderation>
      <user id="SD_670874">Chaffar</user>
      <date>1156339320</date>
      <body> Anybody else read the title Company to Pay for Erection Problems ? -Those bastards, they're just trying to get free Viagra for top management...  </body>
    </post>
    <post id="SD_377_15970033" ref="SD_377_15966088">
      <post_score>2</post_score>
      <user id="SD_964219">Mister Whirly</user>
      <date>1156411680</date>
      <body>"In regards to global warming you leftest (oops) more enlightened people say that even though we really don't have any proof that we are in any way responsible for it, we should do something just in case."  That's because you looked it up in your gut. Next time, try looking it up in a book, preferably one written by scientists. There is absolutely no doubt humans have caused a greenhouse effect that in turn will cause global warming. Who you going to listen to, science or Bush? Oh wait, I alreay know your answer.</body>
    </post>
    <post id="SD_377_15964887" ref="SD_377_15964623">
      <post_score>2</post_score>
      <user id="SD_964219">Mister Whirly</user>
      <date>1156340280</date>
      <body>Yeah, well Indiana is a red state already. It is pretty easy to rig an election where everyone is already voting for the payee.</body>
    </post>
    <post id="SD_377_15965049" ref="SD_377_15964949">
      <post_score>1</post_score>
      <user id="SD_553703">CheeseburgerBrown</user>
      <date>1156341900</date>
      <body>Please re-issue the comment on paper at your earliest convenience.  </body>
    </post>
    <post id="SD_377_15966105" ref="SD_377_15965962">
      <post_score>2</post_score>
      <user id="SD_872397">LunaticTippy</user>
      <date>1156350660</date>
      <body>There's nothing wrong with that bill. It's perfectly rational.</body>
    </post>
    <post id="SD_377_15966537" ref="SD_377_15966206">
      <post_score>2</post_score>
      <user id="SD_450076">MarkusQ</user>
      <date>1156355640</date>
      <body> I see two problems with this right off the bat. First, as I noted on the thread next door, there are already known ways to hack the vote on "good" machines, on election day, either as an official with access to the machines or as an unofficial "super-voter" who has practiced the necessary steps. And secondly, the whole concept of "random samples" is subject to abuse, not only in theory someday but in practice now [newstandardnews.net]:  And in Jefferson County, Green Party observer Ed Bortz reported that precinct staff had pre-selected "random" districts for the recount.  --MarkusQ  </body>
    </post>
    <post id="SD_377_15966126" ref="SD_377_15965302">
      <post_score>0</post_score>
      <user>Anonymous Coward</user>
      <date>1156350900</date>
      <body>MBHKewl, could you back up your statements about the Bushs owning oil companies? Which one?  Also, have you checked unemployment in America? It happens to be very low.  It is hard to take anything you say seriously when you just make things up.</body>
    </post>
    <post id="SD_377_15965685" ref="SD_377_15965045">
      <post_score>2</post_score>
      <user id="SD_94161">polymath69</user>
      <date>1156346820</date>
      <body> This is the final time to make changes - choose to make a change and the ballot is visibly shredded and you get to try again. Choose to accept and the ballot is visibly inserted into a voting box. [...] This would be foolproof. And if you see a playing card or a dollar bill torn up before your eyes, it's gone forever; and if you see a lady visibly cut in two, she's got to be daid, right? You can't trust your eyes. The system you describe might have two printers, the fake one of which shows its output through the window. It might use thermal paper with overprinting where one output fades and another appears. Who knows? But don't just trust your eyes.  </body>
    </post>
    <post id="SD_377_15965065" ref="SD_377_15965009">
      <post_score>2</post_score>
      <user id="SD_964219">Mister Whirly</user>
      <date>1156342080</date>
      <body>You forgot "Won't somebody please think of the children!"</body>
    </post>
    <post id="SD_377_15967122" ref="SD_377_15966011">
      <post_score>2</post_score>
      <user id="SD_565869">Frobnicator</user>
      <date>1156363980</date>
      <body>If it still needs to be transparent, does that mean you are using cellophane paper? ;-)</body>
    </post>
    <post id="SD_377_15964709">
      <post_score>1</post_score>
      <post_moderation>Redundant</post_moderation>
      <user id="SD_228264">LightStruk</user>
      <date>1156338840</date>
      <body>  Jackson, the Johnson County clerk, said the company "has done a 360" since the primary  Wow, that makes me feel so much better. The company is going in a totally new direction now!  By the sound of it, the company is performing a 360 helicopter jam with our voting rights.</body>
    </post>
    <post id="SD_377_15964616">
      <post_score>5</post_score>
      <post_moderation>Funny</post_moderation>
      <user id="SD_809850">CrazyJim1</user>
      <date>1156338180</date>
      <body>"Jackson, the Johnson County clerk, said the company "has done a 360" since the primary."  Translation: We've done nothing but play Xbox since the primary.</body>
    </post>
    <post id="SD_377_15964960" ref="SD_377_15964746">
      <post_score>1</post_score>
      <user id="SD_547743">Gospodin</user>
      <date>1156341120</date>
      <body> I wish they'd done a 540. I've always wanted to see a company do a 540.  </body>
    </post>
    <post id="SD_377_15964833" ref="SD_377_15964736">
      <post_score>0</post_score>
      <user>Anonymous Coward</user>
      <date>1156339860</date>
      <body>doing a 540 (thats 360+180;) = taking the opposite position after first taking the same stupid position a second time  Um, isn't that a Kerry? Like voting for it before voting against it?</body>
    </post>
    <post id="SD_377_15965799" ref="SD_377_15964825">
      <post_score>1</post_score>
      <user id="SD_624403">cronus42</user>
      <date>1156347660</date>
      <body>1) rushed into production I cannot see how these systems were rushed to production. ES&amp;S has been making and supporting voting machines for decades. The counties and states are approaching the ADA compliance transition like it was a coiled snake, most areas are NOT even attempting to use the paperless ballots. 2) the victim of mainstaying I haven't really seen this either. The county that I was supporting in the August primary seemed to be doing their best in making the necessary changes to their procedures. 3) the company was completely ill-equipped to handle support in cruch-time. This is true, The support system relied almost entirely upon poorly trained, and underqualified field technicians relying on well trained, but understaffed phone support. This is normal for the (IT support) industry as far as I have seen. Nothing new.  The truth of it I think lies more in the architecture of the software than anything else. The interface software for tabulation is user unfriendly proprietary junk. It's been coded in a language that is not compatible with windowsXP and was designed as if it were a windows 3.1 app. No wizards, no help files, no contextual help, no tooltips. Just a VERY ambiguous toolbar with some very esoteric menus. Documentation is plentiful (although customization options are dreadfully lacking), but with aged users whose experience is more to the Microsoft BOB persuasion than Windows for workgroups, You can assume that a novella sized script document is NOT the way to go.  Unfortunately it looks just like something you would expect to find in a federal office or medical facility. Go figure.  -Anonymous Coward who worked supporting that election (in a state that didn't have a hissy fit)</body>
    </post>
    <post id="SD_377_15965036">
      <post_score>1</post_score>
      <post_moderation>Redundant</post_moderation>
      <user id="SD_248275">shreak</user>
      <date>1156341780</date>
      <body>If the company did a 360, it means they went all the way around. Maybe they did a 180 i.e. turned it around, didn't like the ROI in being helpful and then did another 180 to go back to being bastards.  =MikeT</body>
    </post>
    <post id="SD_377_15966453" ref="SD_377_15964616">
      <post_score>1</post_score>
      <user id="SD_904600">bibendum59</user>
      <date>1156354560</date>
      <body>You guys are being way too harsh. The fact that the company did a 360 rather than the more covert left-two rights-and a-pair-of-left-hand-45s speaks for itself. If only it could have been the famous left-about face-left instead. Then I would have been really impressed.</body>
    </post>
    <post id="SD_377_15965173" ref="SD_377_15965017">
      <post_score>1</post_score>
      <user id="SD_897119">cyberbian</user>
      <date>1156343040</date>
      <body>On the Bright Side, Parent will be modded up 50% of the time as well. LOL</body>
    </post>
    <post id="SD_377_15964782" ref="SD_377_15964689">
      <post_score>4</post_score>
      <post_moderation>Funny</post_moderation>
      <user id="SD_872397">LunaticTippy</user>
      <date>1156339380</date>
      <body>a 180?!? Degrees are for small children. Use radians!  "The company has done a pi since the primary" has a much better sound to it.</body>
    </post>
    <post id="SD_377_15965962" ref="SD_377_15964782">
      <post_score>2</post_score>
      <user id="SD_25822">nmos</user>
      <date>1156349220</date>
      <body>The company has done a pi since the primary" has a much better sound to it. Ironically, it was Indiana that proposed (but thankfully never passed) a law redefining pi to be 3.2 back in 1897. http://www.answers.com/topic/indiana-pi-bill [answers.com]. I guess it's no surprise that they're still having some trouble with the concept.  </body>
    </post>
    <post id="SD_377_15965163" ref="SD_377_15965126">
      <post_score>2</post_score>
      <user id="SD_472374">StressGuy</user>
      <date>1156342920</date>
      <body>Harsh yes, but...  </body>
    </post>
    <post id="SD_377_15965925" ref="SD_377_15965664">
      <post_score>2</post_score>
      <user id="SD_872397">LunaticTippy</user>
      <date>1156348800</date>
      <body>Well he's going to have to get it his own darn self. I'm not touching it.</body>
    </post>
    <post id="SD_377_15964949">
      <post_score>3</post_score>
      <post_moderation>Insightful</post_moderation>
      <user id="SD_116316">ccmay</user>
      <date>1156340940</date>
      <body>I am sick of these stories. Nobody trusts any of this electronic stuff. Everyone on the left thinks the Republicans are ripping off elections, but I assure you the right wing was saying the same things when Clinton was beating them like a rented mule. This crazy talk is tearing society up. Let's go back to paper ballots. We can wait a day or two for the results. -ccm  </body>
    </post>
    <post id="SD_377_15965311" ref="SD_377_15965083">
      <post_score>3</post_score>
      <post_moderation>Funny</post_moderation>
      <user id="SD_249536">truthsearch</user>
      <date>1156344240</date>
      <body>Running the elections as polls on /. would be much better. The respondents would be at least 2% smarter. But then CowboyNeal would probably end up president.</body>
    </post>
    <post id="SD_377_15965449" ref="SD_377_15965253">
      <post_score>4</post_score>
      <post_moderation>Funny</post_moderation>
      <user id="SD_964219">Mister Whirly</user>
      <date>1156345200</date>
      <body>I'm not sure, maybe I am French and don't know it...</body>
    </post>
    <post id="SD_377_15964738" ref="SD_377_15964646">
      <post_score>1</post_score>
      <user id="SD_970646">UbuntuDupe</user>
      <date>1156339080</date>
      <body>Then they're back to where they were in the first place.  No, it means they were about as successful as the Xbox 360.</body>
    </post>
    <post id="SD_377_15965066">
      <post_score>5</post_score>
      <post_moderation>Informative</post_moderation>
      <user id="SD_450076">MarkusQ</user>
      <date>1156342080</date>
      <body> This is the same ES&amp;S who's chairman got into trouble with the Senate Ethics Committee [hillnews.com] because he failed to disclose his involvement with the company when he, as virtual an unknown in his first bid for public office, ran for and won a Senate seat against two well known and popular opponents [cnn.com] in what was widely called "a surprise upset" -- in an election which was counted exclusively on machines manufactured by ES&amp;S [motherjones.com]. Subsequently, the law in his state was changed to prohibit election workers from looking at the ballots, and outlaw hand recounts. The only recounts permitted by law are on machines manufactured by ES&amp;S. [scoop.co.nz] In case that helps put this in perspective. --MarkusQ  </body>
    </post>
    <post id="SD_377_15969893" ref="SD_377_15964887">
      <post_score>2</post_score>
      <user id="SD_30977">Bob Uhl</user>
      <date>1156410720</date>
      <body>Interestingly, given our electoral college and Senate, this doesn't matter that much. Sure, the Republicans in Iowa can manufacture votes (as can the Democrats in New York)--but it doesn't matter, as even an extra 10 million popular votes mean absolutely nothing in a presidential election: the Republican candidate gets Indiana's electors and the Democrat gets New York's.</body>
    </post>
    <post id="SD_377_15964648">
      <post_score>1</post_score>
      <user id="SD_992734">Devv</user>
      <date>1156338360</date>
      <body>Say no to everything until someone smarter figures out what would be the best thing to do.Or maybe they just became better persons after some time. Who knows?</body>
    </post>
    <post id="SD_377_15966257" ref="SD_377_15966126">
      <post_score>1</post_score>
      <user id="SD_807459">MBHkewl</user>
      <date>1156352340</date>
      <body>Can you prove me wrong?  The high prices of oil; WHo can afford these? Here's a small link that might interest you http://www.bls.gov/news.release/empsit.nr0.htm [bls.gov]  You might be fooled by the small number of 4.8%, but keep in mind that it yields 7 million people of the whole population!  7 million without a job, and Bush is out there sucking the oil of a country yet to be proved of having WMDs.  You may believe me or may not. You may agree with some thoughts or none. But you just can't hide from the facts. (Katrina? Late aids -- Iraq? What does the US has to do with it anyway? ... the list of things against the Bush admin. is nothing but growing)</body>
    </post>
    <post id="SD_377_15965614" ref="SD_377_15965311">
      <post_score>2</post_score>
      <user id="SD_695860">flooey</user>
      <date>1156346340</date>
      <body>But then CowboyNeal would probably end up president.  I'm not sure if that should go in the "pro" column or the "con" column.</body>
    </post>
    <post id="SD_377_15967615" ref="SD_377_15966954">
      <post_score>1</post_score>
      <user id="SD_997434">Dissman</user>
      <date>1156373640</date>
      <body>In the interest of full disclosure: I worked for the BOE of an Ohio County that uses ES&amp;S equipment. In places that use paper ballots that are scanned, it is nearly impossible to guard against someone outright stuffing the ballot box, becuase it is nearly impossible to tell which votes are valid, and which are not. With a DRE &amp; VVPT, you can simply compare the paper to the onboard computer and kick out any stuffing. Also, Due to the fact that the forms are continuous feed, adding votes in the middle is nearly impossible. Plus, any shenanagans that take place need to happen before the end of the day, because each precinct's results are posted on the door leading into the polling place, BEFORE ANYONE LEAVES. The VVPT, if the voter watches it carefully, prevents any vote changing becuase it lists EACH CHOICE as SOMEONE MAKES IT. You are not left to intrepret voter intent through dimples or stray marks on the page... the voter did or didnt vote. In the 04 election in King County, WA... there were more votes than voters who voted, and allegedly, marks 5" away from the bubble were counted as votes for Christine Gregoire.</body>
    </post>
    <post id="SD_377_15966457" ref="SD_377_15966392">
      <post_score>2</post_score>
      <user id="SD_445176">StikyPad</user>
      <date>1156354680</date>
      <body>You missed the point entirely, which is that there are problems with any system. The more complicated the system, the more possible points of failure. That's not an argument for regression though, it's just a reason to expect initial problems until things get sorted out. There may be some truth to the idea that some of the elections were tampered with, but that's hardly new. You're also making the assumption that because you didn't hear about more problems and tampering with pencil-and-paper, that they didn't exist. (And really, if you're not aware of all the problems with other forms of voting, then you're probably being deliberately ignorant.)</body>
    </post>
    <post id="SD_377_15966208" ref="SD_377_15965311">
      <post_score>2</post_score>
      <user id="SD_582679">Tired_Blood</user>
      <date>1156351860</date>
      <body>  Running the elections as polls on /. would be much better. The respondents would be at least 2% smarter. But then CowboyNeal would probably end up president.  I was ready to comment on the lack of CowboyNeal options in /. polls, but about 60% of the polls from the past 10 months actually have one. Weird.</body>
    </post>
    <post id="SD_377_15966088" ref="SD_377_15965009">
      <post_score>0</post_score>
      <user>Anonymous Coward</user>
      <date>1156350420</date>
      <body>Megaditto has it right. Whirley, you are!  I do have a question though. In regards to global warming you leftest (oops) more enlightened people say that even though we really don't have any proof that we are in any way responsible for it, we should do something just in case. Even though terrorist don't have nukes yet, don't you think we should do something to try and make sure they don't get them? I mean, do you doubt they would use them if they had them? So Bush (and I btw) assuming you agree we should do something to prevent terrorist from getting nukes, differ in how he thinks it should be done is unimportant. I trust his choice as to how to do it over any other plan I have heard.  Imagine how much a nuke contributes to global warming vs. one SUV. Oh wait, I forgot, think about the kids!</body>
    </post>
    <post id="SD_377_15977995" ref="SD_377_15974901">
      <post_score>1</post_score>
      <user id="SD_997434">Dissman</user>
      <date>1156494240</date>
      <body>Unfortunately i'm already committed to the County that day. Otherwise i would.</body>
    </post>
    <post id="SD_377_15971277" ref="SD_377_15966303">
      <post_score>1</post_score>
      <user id="SD_896769">krell</user>
      <date>1156418580</date>
      <body>"Or perhaps you're okay with the fact that the current administration (and I use the term loosely) has brought the US from amongst the most loved countries on earth to the most despised"  Yes, you are so right. During the Clinton years, Kim Jong Il would not have even CONSIDERED building a nuclear weapon, there was no Al Qaeda, Iraq was peaceful and democratic and prosperous, there no terrorism, and the people of Iran were encouraged by the government to dance in the streets chanting "Love to America"!</body>
    </post>
    <post id="SD_377_15964615">
      <post_score>-1</post_score>
      <post_moderation>Redundant</post_moderation>
      <user id="SD_932267">TimeCr0ss</user>
      <date>1156338120</date>
      <body>That's a lot of cash...</body>
    </post>
    <post id="SD_377_15964829">
      <post_score>3</post_score>
      <user id="SD_863926">a_greer2005</user>
      <date>1156339800</date>
      <body>Cryps! Indiana star??? have the editors been replaced with retarded chimps? GOOGLE IT for Gods Sake...I google "indiana star" and "Indianapolis Star" is the first hit...</body>
    </post>
    <post id="SD_377_15965017">
      <post_score>-1</post_score>
      <post_moderation>Flamebait</post_moderation>
      <user id="SD_897119">cyberbian</user>
      <date>1156341540</date>
      <body>in other news, Diebold Voting Machines come with an easy to bypass signed code switch... Allowing corrupt government election officials (read Republicans(having already FIXED two US elections)) to quickly bypass that pesky honest count for the 1 for you 2 for me counting paradigm. I'm very shocked that there hasn't been more attention to this by the American public. Why hasn't this made FOX News? or CNN? or any other propaganda wing of your media? Thank God (pending independent scientific inquiry) for Slashdot!</body>
    </post>
    <post id="SD_377_15974863" ref="SD_377_15964746">
      <post_score>1</post_score>
      <user id="SD_606904">wilec</user>
      <date>1156446000</date>
      <body>Naw, actually they are doing a 360, in a continious loop, this is otherwise know as "spinning". This Mr Jackson is obviously doing it with them, give him a break he's just a bit dizzy, as "spinning and being a bit dizzy" are a part of his job description.  Wabi-Sabi Matthew</body>
    </post>
    <post id="SD_377_15964822">
      <post_score>2</post_score>
      <user id="SD_632931">The Angry Mick</user>
      <date>1156339740</date>
      <body>  "Jackson, the Johnson County clerk, said the company "has done a 360" since the primary."  So what happened, did the wrong guys win the primary?  </body>
    </post>
    <post id="SD_377_15965328" ref="SD_377_15964634">
      <post_score>1</post_score>
      <user id="SD_655561">sgt_doom</user>
      <date>1156344360</date>
      <body>Naah, going in circles is standard operating procedure for the Bush Gang. Didn't Cheney just make a speech last week claiming that the American electorate sent the WRONG message to the "terrorists" by NOT electing Lieberman?? So now we're supposed to ONLY elect Jewish guys to office? I'm sure that will go over peachy with all those Islamic fundamentalists....(Are we missing something here, or are all these clowns criminal AND nuts????)  </body>
    </post>
    <post id="SD_377_15965250" ref="SD_377_15965166">
      <post_score>3</post_score>
      <post_moderation>Insightful</post_moderation>
      <user id="SD_780217">shrapnull</user>
      <date>1156343760</date>
      <body>Open source does not explicitly imply anyone can repackage a hacked version and sell it to a government entity. Governments currently use "certified" companies to purchase goods from (GS/GP Approved Vendors List). You can still maintain a single government supplier with the source code exposed to the world. The current electronic voting process lacks transparency, and open source would help address that issue.  Rigging can be controlled a lot more easily if the system is open source then it can be in it's current, closed state.</body>
    </post>
    <post id="SD_377_15966206" ref="SD_377_15966098">
      <post_score>2</post_score>
      <user id="SD_4015">roystgnr</user>
      <date>1156351800</date>
      <body>Then, reset them  They're black boxes. Anyone who can reprogram them to produce corrupted output in the first place can program them to produce uncorrupted output when it's not election day.  The best you can do with that sort of testing is to build more voting machines than you need, then on election day randomly pick some of them out to be the "control group" to count known dummy votes - and even that assumes that there aren't any corruptable machines (like the central tabulators) outside the testers' control.</body>
    </post>
    <post id="SD_377_15964848">
      <post_score>5</post_score>
      <post_moderation>Insightful</post_moderation>
      <user id="SD_173196">Doc Ruby</user>
      <date>1156339980</date>
      <body>Enough of this crap with broken/complex/rigged election devices. Let's just go back to paper, pencil and handcounting. It's cheap, fairly reliable, and leaves lots of evidence when tampered. Let the news media rely on exit polls for immediate results (after polls close nationwide). They're more accurate than the official results, anyway.</body>
    </post>
    <post id="SD_377_15964645">
      <post_score>0</post_score>
      <user>Anonymous Coward</user>
      <date>1156338360</date>
      <body>you know, after a 360, you are headed in exactly the same direction you started with  maybe the official meant to say "180", but wow. how clueless.</body>
    </post>
    <post id="SD_377_15965114">
      <post_score>1</post_score>
      <user id="SD_744413">weeksben1</user>
      <date>1156342500</date>
      <body>I'm working with ES&amp;S equimpent and I've found that their documentation does need work.</body>
    </post>
    <post id="SD_377_15964760" ref="SD_377_15964689">
      <post_score>1</post_score>
      <user id="SD_695421">TRS80NT</user>
      <date>1156339260</date>
      <body>...spinning many, many times. Well, TWICE anyway. ;)   </body>
    </post>
    <post id="SD_377_15969392" ref="SD_377_15969051">
      <post_score>1</post_score>
      <user id="SD_997434">Dissman</user>
      <date>1156406880</date>
      <body>Well, in the event of a recount... 200 extra cards suddenly appear in with the rest of the ballots. It happened in Washington State, and a judge ruled you have to count them.  In a continuous feed paper tape, not to mention the computer record to compare to, it's harder to do just that. Also, the prociedures when it's time to change the paper tape here in my county is that the Presiding Judge and (IIRC) the person changing the tape *signs* each tape. I am certian about the presiding judge, tho.  During a recount in Ohio, they must recheck the paper tape visually.</body>
    </post>
    <post id="SD_377_15966303" ref="SD_377_15965865">
      <post_score>1</post_score>
      <user id="SD_897119">cyberbian</user>
      <date>1156352820</date>
      <body>Perhaps it should read:  Here are viewpoints I support... blah blah.  I ask you to explain the voting list practice in Florida for 2000, where Black Americans were removed from the voting roles, and other people were removed as well, in flagrant abuse of their civil rights.  We're discussing voting machines here, and is it not relevant to discuss the problems of missing votes in view of Ohio's results? Or is it an inconvenient topic, given Diebold's recent scandalous signed code bypass switch? And even more inconvenient the party of those who approved the contracts. Or perhaps you're okay with the fact that the current administration (and I use the term loosely) has brought the US from amongst the most loved countries on earth to the most despised. Do you work for an oil company? Or perhaps a defense contractor? Do you believe that it's ok for the secretary of defense to be found guilty of war-crimes by your own supreme court, yet have the same administration attempt to bypass the laws through new legislation thereby legitimizing the inhumane treatment of POW in Abu Ghraib or Guantanamo? Have you heard of Thermate? Or how about sulfidation of steel? Where are those pesky weapons of mass destruction? Because you're brown does that make you a terrorist? Because I don't believe what you believe, does that mean that I'm misinformed? Frankly, I don't care what you're tired of hearing, because it seems to me you have quite selective hearing as it is, and you will filter out whatever you don't like anyway...</body>
    </post>
    <post id="SD_377_15964900">
      <post_score>0</post_score>
      <user>Anonymous Coward</user>
      <date>1156340400</date>
      <body>Its the "Indianapolis Star", no the "Indiana Star"... Idiots.</body>
    </post>
    <post id="SD_377_15965996" ref="SD_377_15964845">
      <post_score>2</post_score>
      <user id="SD_25822">nmos</user>
      <date>1156349580</date>
      <body>   Cryps! Indiana star??? have the editors been replaced with retarded chimps?  What do you mean, 'replaced'?    He means that they've "done a complete 360" :)</body>
    </post>
    <post id="SD_377_15964756">
      <post_score>3</post_score>
      <post_moderation>Insightful</post_moderation>
      <user id="SD_253617">erroneus</user>
      <date>1156339200</date>
      <body>Why is anyone legitimately interested in a "paperless" election? I can see more electronics and other such things, but PAPERLESS?</body>
    </post>
    <post id="SD_377_15964893" ref="SD_377_15964772">
      <post_score>0</post_score>
      <user>Anonymous Coward</user>
      <date>1156340340</date>
      <body>'Anybody else read the title Company to Pay for Erection Problems ?'  Besides the routine /. chaps &amp; bare butt crowd? ...ummm...no. Apparently only those that can't seem to keep their minds off of said erections - go ahead, admit it. You really crave some good, sweaty, ball-busting, ass-ripping, lip-chaffing, ram-until-it hurts and then rammmm sammore, male-in-male co,ha,bi,ta,shun, don't you...?</body>
    </post>
    <post id="SD_377_15964736" ref="SD_377_15964689">
      <post_score>2</post_score>
      <post_moderation>Insightful</post_moderation>
      <user id="SD_932687">PrescriptionWarning</user>
      <date>1156339080</date>
      <body>to take certain angle analagies too far:  doing a 90 = taking the first reaction to any situation, be it the best or worst reaction  doing a 270 = taking the last reaction to any situation, be it the best or worst reaction  doing a 540 (thats 360+180;) = taking the opposite position after first taking the same stupid position a second time</body>
    </post>
    <post id="SD_377_15966413" ref="SD_377_15964822">
      <post_score>2</post_score>
      <user id="SD_33014">hey!</user>
      <date>1156354140</date>
      <body>Charles Ponzi of the eponymous scheme immortalized himself with the most daring innovation in the history of crime.  He gave his victims their money back.  A few even got more than they put in. What they didn't realize was that they weren't investing in him, he was investing in them, buying the con-man's most powerful productive asset: trust.  Trust has no place in the election process. Voters may choose to trust candidates. But the mechanisms by which voting takes place must should be trusted. Every part of that mechanism needs to be verifable. If you dont' know what software is running on a machine, you can't verify what that machine does.  </body>
    </post>
    <post id="SD_377_15965945" ref="SD_377_15964782">
      <post_score>2</post_score>
      <user id="SD_25822">nmos</user>
      <date>1156349040</date>
      <body>The company has done a pi since the primary" has a much better sound to it. Ironically, it was Indiana that proposed (but thankfully never passed) a law redefining pi to be 3.2 back in 1897. http://www.answers.com/topic/indiana-pi-bill [answers.com]. I guess it's no surprise that they're still having some trouble with the concept.  </body>
    </post>
    <post id="SD_377_15964894">
      <post_score>2</post_score>
      <user id="SD_863926">a_greer2005</user>
      <date>1156340340</date>
      <body>and tamper-proofness, switch to Debold!</body>
    </post>
    <post id="SD_377_15964845" ref="SD_377_15964829">
      <post_score>4</post_score>
      <post_moderation>Funny</post_moderation>
      <user id="SD_796938">smooth wombat</user>
      <date>1156339980</date>
      <body>Cryps! Indiana star??? have the editors been replaced with retarded chimps?  What do you mean, 'replaced'?  </body>
    </post>
    <post id="SD_377_15964823" ref="SD_377_15964611">
      <post_score>1</post_score>
      <user id="SD_962670">Aqua_boy17</user>
      <date>1156339740</date>
      <body>Or have I been at work too long? I originally read this as "Company to Pay for Erection Problems" and thought, how odd?</body>
    </post>
    <post id="SD_377_15966011" ref="SD_377_15964825">
      <post_score>1</post_score>
      <user id="SD_145172">kfg</user>
      <date>1156349760</date>
      <body>If you ask me the only, solution is open-source voting machines . . .  I've invented one already. I call it "A piece of paper and a crayon."  KFG</body>
    </post>
    <post id="SD_377_15965517" ref="SD_377_15964689">
      <post_score>0</post_score>
      <user>Anonymous Coward</user>
      <date>1156345680</date>
      <body>A 720 is a penalty turn done during a sail boat race.</body>
    </post>
    <post id="SD_377_15965347" ref="SD_377_15965143">
      <post_score>2</post_score>
      <user id="SD_812749">rts008</user>
      <date>1156344480</date>
      <body>But I like to switch! (tho' not in mid-stroke...not that coordinated!)</body>
    </post>
    <post id="SD_377_15965357" ref="SD_377_15965320">
      <post_score>1</post_score>
      <user id="SD_547743">Gospodin</user>
      <date>1156344540</date>
      <body> Yeah, but this is an entire company. Baby steps, dude. Baby steps.  </body>
    </post>
    <post id="SD_377_15964825">
      <post_score>4</post_score>
      <post_moderation>Insightful</post_moderation>
      <user id="SD_780217">shrapnull</user>
      <date>1156339740</date>
      <body>Certainly this company still made money off of the elections, but am I wrong to conclude that there was a lot more to this then meets the eye?  Having ordered more software titles then I can count (with accompanying hardware) for student information tracking, transcripts, test-scoring, etc, it's an all too common occurance for a company to deliver and install the software and leave the ultimate setup and performance up to in-house staff.  It would seem that this system was 1) rushed into production, 2) the victim of mainstaying (the state won't change their process to accomodate the software, they want the software to accommodate the state's past methods), and 3) the company was completely ill-equipped to handle support in cruch-time.  If you ask me the only, solution is open-source voting machines so any company can provide support, documentation is available nationally, and voters can have confidence not only in the process, but also in what's happening "under the hood" as well.</body>
    </post>
    <post id="SD_377_15974563" ref="SD_377_15974014">
      <post_score>1</post_score>
      <user id="SD_997434">Dissman</user>
      <date>1156441920</date>
      <body>Well, the ballots found were found outside the box, i forget where they were found... supposedly up inside some piece of equipment IIRC.  But what happens when the counts simply do not add up? It's not like you can descriminate which are real and which are not, and a revote is unpreciented in american politics. With a DRE and VVPT, you can find out what is real and what is not.  I'm not sure *what* i'm going to be doing in november, i'm being told that it'll have something to do with bag collection and tabulation... I might also be a rover again.</body>
    </post>
    <post id="SD_377_15964635" ref="SD_377_15964611">
      <post_score>3</post_score>
      <post_moderation>Funny</post_moderation>
      <user>Anonymous Coward</user>
      <date>1156338300</date>
      <body>Man, if I knew they were so cheap, I'd have started buying them long ago.</body>
    </post>
    <post id="SD_377_15965009" ref="SD_377_15964887">
      <post_score>0</post_score>
      <post_moderation>Troll</post_moderation>
      <user id="SD_982598">megaditto</user>
      <date>1156341480</date>
      <body>The democrats have rigged elections in the past you know.  We have terrorists that hate our way of life; they don't care if our voting machines have a paper trail, they just hate our Freedom.  You better worry about a trail of blood and guts that will follow if the wrong party wins!</body>
    </post>
    <post id="SD_377_15964689">
      <post_score>4</post_score>
      <post_moderation>Informative</post_moderation>
      <user id="SD_640621">autophile</user>
      <date>1156338660</date>
      <body>  said the company "has done a 360" since the primary  What's with the misunderstood metaphors? Here's a helpful chart: Doing a 180 = taking an opposing position to that previously taken. Doing a 360 = doing donuts in a parking lot. Doing a 720 = you're drunk and the room is spinning many, many times. --Rob  </body>
    </post>
    <post id="SD_377_15966459" ref="SD_377_15964893">
      <post_score>0</post_score>
      <user>Anonymous Coward</user>
      <date>1156354740</date>
      <body>No. I'm pretty sure you're the only one who came up with such vivid imagery.</body>
    </post>
    <post id="SD_377_15965664" ref="SD_377_15964782">
      <post_score>2</post_score>
      <user id="SD_585549">Reverend528</user>
      <date>1156346700</date>
      <body>  "The company has done a pi since the primary" has a much better sound to it.  Jason Biggs called. He says he wants his joke back.  </body>
    </post>
    <post id="SD_377_15966098" ref="SD_377_15965066">
      <post_score>2</post_score>
      <user id="SD_591458">phorm</user>
      <date>1156350540</date>
      <body>You know, I wonder if there might be a simple test for these voting machines. Keep the things from being tampered with after the election is done. Then, reset them and have some trustworthy people visible enter a known number of votes for various candidates. If the end result is not akin to the data entered, then somebody has screwed with the machine to make it skew in favour of particular candidate(s).</body>
    </post>
    <post id="SD_377_15964803" ref="SD_377_15964746">
      <post_score>1</post_score>
      <user id="SD_42283">GMontag</user>
      <date>1156339560</date>
      <body>Jackson is the County Clerk. I think he means that he is not qualified to do anything outside of government work.  If this statement is any indication of his communications skills I can't wait to see his report on the voting machines!</body>
    </post>
    <post id="SD_377_15967851" ref="SD_377_15964772">
      <post_score>2</post_score>
      <user id="SD_828267">CortoMaltese</user>
      <date>1156377960</date>
      <body>Here in Japan, we have elections for free! And almost evely molning, too!</body>
    </post>
    <post id="SD_377_15965083" ref="SD_377_15964847">
      <post_score>1</post_score>
      <user id="SD_944847">rrohbeck</user>
      <date>1156342260</date>
      <body>Because it sounds more modern, like elections are "catching up with the times".  Can't we just run a poll on MySpace? That would be so, like, cool.</body>
    </post>
    <post id="SD_377_15966274" ref="SD_377_15966098">
      <post_score>2</post_score>
      <user id="SD_450076">MarkusQ</user>
      <date>1156352520</date>
      <body>  You know, I wonder if there might be a simple test for these voting machines. Keep the things from being tampered with after the election is done. Then, reset them and have some trustworthy people visible enter a known number of votes for various candidates. If the end result is not akin to the data entered, then somebody has screwed with the machine to make it skew in favour of particular candidate(s).  It's been done, more or less [bbvforums.org]. The reason it can't be done the way you describe is that at least one of the easy ways to tamper with the results is to pre-load the machine with non-zero results (from the link):   A test election was run in Leon County on Tuesday with a total of eight ballots. Six ballots voted "no" on a ballot question as to whether Diebold voting machines can be hacked or not. Two ballots, cast by Dr. Herbert Thompson and by Harri Hursti voted "yes" indicating a belief that the Diebold machines could be hacked. At the beginning of the test election the memory card programmed by Harri Hursti was inserted into an Optical Scan Diebold voting machine. A "zero report" was run indicating zero votes on the memory card. In fact, however, Hursti had pre-loaded the memory card with plus and minus votes. The eight ballots were run through the optical scan machine. The standard Diebold-supplied "ender card" was run through as is normal procedure ending the election. A results tape was run from the voting machine. Correct results should have been: Yes:2 ; No:6 However, just as Hursti had planned, the results tape read: Yes:7 ; No:1   --MarkusQ  </body>
    </post>
    <post id="SD_377_15965258" ref="SD_377_15964772">
      <post_score>0</post_score>
      <user>Anonymous Coward</user>
      <date>1156343820</date>
      <body>Yes.</body>
    </post>
    <post id="SD_377_15965413" ref="SD_377_15964756">
      <post_score>1</post_score>
      <user id="SD_460033">jkhuggins</user>
      <date>1156344960</date>
      <body>Can you say "hanging chad"?  Seriously, though, there are a couple of motivations.  a) Since we've long ago given up on actually counting ballots by hand, we need some sort of mechanized process to do so. Most current mechanized processes involve a person indicating a choice on a piece of paper (punching a hole, filling an oval, pulling a lever which punches a hole, etc.). As the 2000 elections in Florida showed, there are a great many ways for the act of indicating a choice on a piece of paper to obscure the voter's intent. Some believe that the solution to this problem is removing the piece of paper from the process entirely.  b) Most of those historical physical ballot processes are not accessible to those with some disabilities; if you're blind, you have to ask someone to fill it out for you. Depending on your level of paranoia, this may or may not be a problem. At a minimum, though, it's a violation of the privacy of the voter. Since many computer systems have well-develop interfaces for those with disabilities, it's argued that such a system would improve voting for those sorts of people.  (And not only that, but a computer-based voting system could do consistency checks, like forbidding you to vote twice for the same office. It could also provide multi-lingual support.)  Having said all of that, there are better answers to both problems. My precinct just converted to a new voting system this year. Most of us able-bodied folks color in the bubbles on a form. Those with visual impairments can use a specially-equipped computer to print a paper ballot with their choices. In both cases, the printed ballot is the definitive record of the voter's choices.</body>
    </post>
    <post id="SD_377_15965230" ref="SD_377_15964663">
      <post_score>4</post_score>
      <post_moderation>Interesting</post_moderation>
      <user id="SD_248207">Irvu</user>
      <date>1156343580</date>
      <body>Leaving aside the Sarcasm, that's exactly what we want. Other states including New Mexico and Washington have gone this route as have many counties. In all cases its because of the demonstrated problems with voting systems. In New Mexico's 2004 election we have a perfect test case. In that year the state employed eight different systems scattered more or less randomly thuought the state. Four of these systems were optical scanners and four were paperless touchscreen or push-button DREs (Direct Recording Electronic systems). In the 2004 Presidential race it was found that votes were missing largely from minority voters. Worse yet the missing votes were in up-ticket races, noteably the U.S. Presidential Race. Typically votes are missing for down-ticket races like local judges. Interestingly enough these patternes appeared on all the paperless systems not just systems made by one company or another. Lost votes were not a problem in precincts using the optical scanners. The excess (overcounted) votes were removed because they had the paper backup.  At the risk of nagging people, this info doesn't belong just on /. It belongs in letters to our state and local elections boards (whoever actually sets the law). It belongs in local newspapers via op-eds. Other people are concerned but most of then simply know nothing about these problems. Changing opinions on this issue won't really happen here, but elsewhere.  Some choice morsels of info can be found Here [votersunite.org], here [votetrustusa.org], here [votepa.us], here [washburnresearch.org] and here [truevotemd.org]</body>
    </post>
    <post id="SD_377_15967898" ref="SD_377_15965651">
      <post_score>2</post_score>
      <user id="SD_812158">stinerman</user>
      <date>1156379100</date>
      <body>Fixed:  The voting machine prints out paper ballot with marks made next to the candidate of choice for each office. This can be easily verified by the voter that the print out matches their vote made on the machine. That paper is the record of the vote, not some jumble of electricity or magnetized plate inside the machine. The machine can also be responsible for input validation (no more overvotes!).  Preliminary totals (the mess of electricty) along with exit polls can give semi-accurate results a few hours after polls close. Tomorrow starts the physical counting by hand of every last paper ballot in the ballot boxes. Representatives from each candidate in the election should oversee the counting, as well as any interested citizen that wishes to watch. This will be slow, tedious, and incredibly accurate.</body>
    </post>
    <post id="SD_377_15966675" ref="SD_377_15966457">
      <post_score>2</post_score>
      <user id="SD_173196">Doc Ruby</user>
      <date>1156357620</date>
      <body>If you think digital voting machines are suffering from "intital problems until things get sorted out", then you're not even reading the article we're discussing. You're not even aware of the serious problems with machines that are being used to rig elections, that fail even when probably not rigged, that are expensive, worse than useless, and don't even meet the existing inadequate legal requirements.  You're dismissing all that as "nothing new", as if you know what you're talking about. I'm the tech advisor to the NYC City Council's Tech Committee, and I know plenty about these problems, even though NY still uses mechanical booths, because we have to "upgrade" soon. I'm not making any "assumptions".  You write about "erasers", as if erasers don't leave more tamper evidence than digital tabulations. You dismiss unmanageable complexity as a reason for regression, when it most certainly is.  I'm getting your point exactly. Your point is that you don't know anything about digital voting systems, though you pretend you do, or their comparative risk to paper/pencil/handcounts, but you think you have something to say to those of us who do. Even without reading the article the rest of us are discussing.</body>
    </post>
    <post id="SD_377_15974014" ref="SD_377_15969392">
      <post_score>1</post_score>
      <user id="SD_776271">defective_warthog</user>
      <date>1156436040</date>
      <body> You know that would just about have to be a poll worker or election official that placed 200 extra ballots. At least here no one else would have a key to the ballot box. Possible added protection could be two locks keyed differently with the keys in different people's possession. That stunt would be difficult to pull off here because the paper ballots are counted before and after the election. Example most of the precincts in the county I worked in started with two packs of 1000 ballots, shrink-wrapped. At the end of the election leftover ballots, spoils and votes cast have to add up. Ah, someone could put them in the ballot box before it was shipped out. I'll have to check to see if checking the actual ballot box is part of the opening procedures. Will you be working the polls in November? Same procedure here when changing tapes. Careful though it only prints on one side, ten machines in Mecklenburg County (Charlotte) were reloaded that way. It's my understanding that was caught and corrected fairly quickly.  </body>
    </post>
    <post id="SD_377_15964749">
      <post_score>1</post_score>
      <user id="SD_590085">takobell</user>
      <date>1156339140</date>
      <body>I was wondering how much my vote cost. Apparently it's just over $200k.</body>
    </post>
    <post id="SD_377_15965865" ref="SD_377_15965017">
      <post_score>0</post_score>
      <user id="SD_878659">warsql</user>
      <date>1156348260</date>
      <body>~prepares to get modded down to oblivion~ I am so tired of hearing about stolen elections. The media have been all over this and any reporter would win a Pulitzer if any evidence could be found. Here is the best research to date on the Ohio "theft". http://www.cleveland.com/readers/index.ssf?/base/o pinion/1150619659219900.xml&amp;coll=2&amp;thispage=3/ [cleveland.com] http://www.salon.com/news/feature/2006/06/03/kenne dy/index_np.html/ [salon.com]  </body>
    </post>
    <post id="SD_377_15964837">
      <post_score>2</post_score>
      <user id="SD_737239">Punboy</user>
      <date>1156339860</date>
      <body>First it says Indiana, then it says Arkansas. I AM SO CONFUSED!</body>
    </post>
    <post id="SD_377_15965266" ref="SD_377_15964631">
      <post_score>0</post_score>
      <user>Anonymous Coward</user>
      <date>1156343880</date>
      <body>It's the same thing as saying "I could care less," implying that they do care.  180. Couldn't care less.</body>
    </post>
    <post id="SD_377_15966813" ref="SD_377_15964772">
      <post_score>1</post_score>
      <user id="SD_930850">Bugbear1973</user>
      <date>1156359600</date>
      <body>Damn it. You got to post that first. Yes, you're not the only one with their subconcious mind in the gutter. Cheers!!!  </body>
    </post>
    <post id="SD_377_15965045">
      <post_score>4</post_score>
      <post_moderation>Insightful</post_moderation>
      <user id="SD_243660">rice_burners_suck</user>
      <date>1156341840</date>
      <body>Elections are a complicated thing. No wonder there are problems. Consider that you want each individual to vote in such a manner that the vote is anonymous, so people can't blackmail each other, etc., but at the same time, you only want each individual to vote at most once. Also, you want to prevent all kinds of fraud from taking place. There is a better solution than the current methods, in my opinion. Part of the solution is good training. Perhaps when the voter registration and voter cards go out, a mini-DVD could come with it, so people can watch a video of how the voting process works. There would also be written material. Furthermore, the voting machines themselves would talk interactively, with written instructions as well, to make the system as foolproof as possible. It would work like this: You go into the voting booth. Each candidate or proposition that you vote for would appear one at a time on a display screen. As you vote for each item, it will tell you to confirm that this is the vote you intended to make. At the end of this process, a screen containing all your votes would appear, giving you a final chance to validate everything or go back to fix a mistake. Then, as you accept the vote, a printed paper ballot would be printed with the appropriate vote information, and you would be able to view it through a thick glass window, to make sure that what's printed on the paper matches what you voted for on the screen. This is the final time to make changes - choose to make a change and the ballot is visibly shredded and you get to try again. Choose to accept and the ballot is visibly inserted into a voting box. The computer system would keep track of all the votes, with results available immediately. The ballots would be counted by hand in the following days or weeks, as before, so as to verify the system's results. This would be foolproof.  </body>
    </post>
    <post id="SD_377_15965197" ref="SD_377_15964689">
      <post_score>0</post_score>
      <user>Anonymous Coward</user>
      <date>1156343340</date>
      <body>What's with the misunderstood metaphors?  Obviously, they're speaking of fermions [wikipedia.org]; if you rotate them 360 degrees, they come back exactly out of phase; you have to rotate them 720 degrees to get back to the same state.</body>
    </post>
    <post id="SD_377_15965143" ref="SD_377_15964616">
      <post_score>1</post_score>
      <user id="SD_961967">refriedchicken</user>
      <date>1156342740</date>
      <body>Would have been cheaper to wait for the Wii. Wave WiiMote in left hand for liberal and right right hand for conservative.</body>
    </post>
    <post id="SD_377_15965651" ref="SD_377_15964949">
      <post_score>1</post_score>
      <user id="SD_766178">podwich</user>
      <date>1156346640</date>
      <body>Of course, then there was the problem of "hanging chads", "pregnant chads", and the like. The whole thing's a mess.</body>
    </post>
    <post id="SD_377_15964847" ref="SD_377_15964756">
      <post_score>5</post_score>
      <post_moderation>Funny</post_moderation>
      <user id="SD_249536">truthsearch</user>
      <date>1156339980</date>
      <body>Because it sounds more modern, like elections are "catching up with the times". Going paperless is so 20th century. They should just skip to the current century and call them Elections 2.0. Actually, Elections XP Corporate Edition might be more appropriate.</body>
    </post>
    <post id="SD_377_15965302">
      <post_score>0</post_score>
      <post_moderation>Offtopic</post_moderation>
      <user id="SD_807459">MBHkewl</user>
      <date>1156344120</date>
      <body>It's amusing to see that while the Bush admin. is busy harvesting more profits for the oil companies owned by the Bush family (and co.), while the American people are busy with the high rates of oil &amp; lack of jobs.  It's even more funny, that a company previously accused of forging (or aided in) the election results, is set to pay/donate (read the article) $245k only! So that's the price of America? $245k?  And Bush was elected twice!  I never expected the American people to keep their heads low and not do anything about this.  (War on terrorism? Really? heh)</body>
    </post>
    <post id="SD_377_15965362" ref="SD_377_15964772">
      <post_score>2</post_score>
      <post_moderation>Funny</post_moderation>
      <user id="SD_622902">AppHack</user>
      <date>1156344540</date>
      <body>Anybody else read the title Company to Pay for Erection Problems ?  No, just you.</body>
    </post>
    <post id="SD_377_15964630" ref="SD_377_15964611">
      <post_score>4</post_score>
      <post_moderation>Funny</post_moderation>
      <user id="SD_597674">Apocalypse111</user>
      <date>1156338240</date>
      <body>Hold on, they said it was ES&amp;S, not Diebold.</body>
    </post>
    <post id="SD_377_15964634">
      <post_score>4</post_score>
      <post_moderation>Funny</post_moderation>
      <user id="SD_568564">User 956</user>
      <date>1156338300</date>
      <body>Jackson, the Johnson County clerk, said the company "has done a 360" since the primary.  So, in his opinion, they haven't made any change at all. They should be fined, then.</body>
    </post>
    <post id="SD_377_15964716">
      <post_score>1</post_score>
      <user id="SD_896769">krell</user>
      <date>1156338900</date>
      <body>Don't get in such a fuss. It just means that the election ended up being decided by the high scorer during a marathon multi-user "Halo 2" session.</body>
    </post>
    <post id="SD_377_15965166" ref="SD_377_15964825">
      <post_score>1</post_score>
      <user id="SD_934246">lattyware</user>
      <date>1156342980</date>
      <body>Open source, So everyone can right in thier own rigging systems! It'd probably work... Except instead of voting, everyone just rights in some code to rig the votes, in the end, it's be the same, except we should call it 'SourceWikiPolling 2.0' It makes perfect sence.</body>
    </post>
    <post id="SD_377_15964637">
      <post_score>1</post_score>
      <user id="SD_971386">PixieDust</user>
      <date>1156338300</date>
      <body>So what they're REALLY saying is this: "Ok, you're right, we messed up. We shouild have been on sight to make sure that everything goes according to plan, and so that those nice spiffy 'errors' aren't seen by the staff to raise integrity questions later. How silly of us."</body>
    </post>
    <post id="SD_377_15965724" ref="SD_377_15964616">
      <post_score>1</post_score>
      <user id="SD_628633">Oddster</user>
      <date>1156347060</date>
      <body>If they've done a 360, doesn't that mean they're still facing the same direction? Ahh, I love it when the math-tards use geometry analogies.</body>
    </post>
    <post id="SD_377_15965219" ref="SD_377_15964631">
      <post_score>1</post_score>
      <post_moderation>Funny</post_moderation>
      <user>Anonymous Coward</user>
      <date>1156343520</date>
      <body>Nah, they're just admitting it's all spin control.</body>
    </post>
    <post id="SD_377_15964611">
      <post_score>5</post_score>
      <post_moderation>Funny</post_moderation>
      <user id="SD_896769">krell</user>
      <date>1156338120</date>
      <body>That headline's too long. It should have been "Company to Pay for Election". Oh wait. That's not exactly newsworthy, is it?</body>
    </post>
    <post id="SD_377_15964663">
      <post_score>4</post_score>
      <post_moderation>Interesting</post_moderation>
      <user id="SD_796938">smooth wombat</user>
      <date>1156338480</date>
      <body>ES&amp;S officials have been more assertive in preparing for the fall elections.  Yeah, they need to make sure the 'right' candidate is elected. There is a court case in PA which is trying to force the 57 counties which currently use electronic voting machines to use paper ballots [constitutioncenter.org]. Obviously this will never happen because having paper ballots would mean having a physical record of a vote if there was a need to do a recount. And we wouldn't want to have a physical trail of votes, now would we?  </body>
    </post>
    <post id="SD_377_15965448" ref="SD_377_15965163">
      <post_score>1</post_score>
      <user id="SD_658684">kirun</user>
      <date>1156345200</date>
      <body>Well, the government screwing up itself is one matter, it's just as I've noted [slashdot.org] before [slashdot.org], it seems that the UK government likes to outsource its IT [guardian.co.uk] failures [ucl.ac.uk], and I'm sure the US is no different. It strikes me as plain bizarre that an entity in as good a bargaining position as a government can't get a good deal, and that they keep on hiring the same few consultancies who are clearly incompetent.</body>
    </post>
    <post id="SD_377_15966395" ref="SD_377_15964689">
      <post_score>2</post_score>
      <user id="SD_779594">binkzz</user>
      <date>1156353960</date>
      <body>"Doing a 180 = taking an opposing position to that previously taken. Doing a 360 = doing donuts in a parking lot. Doing a 720 = you're drunk and the room is spinning many, many times."  Doing a 69 = nothing the judge wants to admit to</body>
    </post>
    <post id="SD_377_15964895" ref="SD_377_15964623">
      <post_score>5</post_score>
      <post_moderation>Funny</post_moderation>
      <user id="SD_15906">lazlo</user>
      <date>1156340400</date>
      <body>But it's better than that. It's $245K that they have to pay back to the people who won. So now, not only can you buy elections, but you can get a manufacturer rebate!</body>
    </post>
    <post id="SD_377_15965126">
      <post_score>3</post_score>
      <post_moderation>Insightful</post_moderation>
      <user id="SD_658684">kirun</user>
      <date>1156342560</date>
      <body>A government department actually got some money back from an IT supplier that screwed up? Why isn't it standard for this to happen, instead of taxpayers always picking up the bill for projects that never work properly and go overbudget?</body>
    </post>
    <post id="SD_377_15965285" ref="SD_377_15964630">
      <post_score>3</post_score>
      <post_moderation>Informative</post_moderation>
      <user id="SD_812749">rts008</user>
      <date>1156344000</date>
      <body>LOL! But if I had mod points, I would also give you some +insightful/informative mods to apply to karma here, 'cause it's not only funny, but true!</body>
    </post>
    <post id="SD_377_15964831" ref="SD_377_15964646">
      <post_score>1</post_score>
      <user id="SD_227475">jo42</user>
      <date>1156339800</date>
      <body>About as accurate as "a quantum leap"...</body>
    </post>
  </posts>
</thread>
