<?xml version="1.0" encoding="iso-8859-1"?>
<!-- this file has been obtained by crawling internet sites by
Fundacio Barcelona Media please, access this site:
caw2.barcelonamedia.org to read the terms and conditions of use
 -->
<thread id="SD_374_2035202">
  <subdomain>games</subdomain>
  <title>ESA Fights Minnesota Game Sales Restrictions</title>
  <admin>Zonk</admin>
  <user>BaldManTom</user>
  <date>1149691200</date>
  <topics>
    <main>Games</main>
    <secondary>Politics</secondary>
  </topics>
  <body>"ZDNet is running a story about the ESA's  suit against the state of Minnesota regarding a bill which would fine anyone under the age of 17 for buying a game rated 'M' or 'AO'." From the article: "Lowenstein said that the average game buyer last year was 40 and the average player was 33. He also questioned how lawmakers reasonably expected retailers to collect the $25 fine from children."</body>
  <posts>
    <post id="SD_374_15490200">
      <post_score>2</post_score>
      <post_moderation>Insightful</post_moderation>
      <user id="SD_973832">dosboot</user>
      <date>1149692520</date>
      <body>Well I'm a Minnesotan gamer and I don't think it is that silly to prevent kids from playing rated M games. It shouldn't be a law though, I'd rather see it be a simple store policy. The movie industry doesn't have this kind of ridiculous legislation.</body>
    </post>
    <post id="SD_374_15490325" ref="SD_374_15490200">
      <post_score>1</post_score>
      <user id="SD_442559">Nos9</user>
      <date>1149693600</date>
      <body>Most Video Game stores do have policies, and most follow them.   I seem to recall all the "investigations" that have been done into this sort of thing it is the big chain stores that sell them most often (against their own policies) to under aged folks.     Also being a Minnesotan gamer, and havign worked in a video game store, I can honestly say this won't help much with the problem of kids getting violent/explicit games.     1) Truely explicit games aren't avaiable at game stores, most retailers do *not* carry AO rated gamers.     2) most parent buy whatever their "perfect little angel" asks them to, and never ask anything abotu the game.     3) most of the parents were annoyed that they had to be bothered to come into my store to pay for the game for their kid becasue it was rated M.     4) most parents are totally clueless about the rating system, or how to read for that matter. I've ruined many, many 12-14 year olds days because they had mom all sold on that new GTA game, even after I mentioned that it was rated M for violence, blood and gore... then I dropped the "P" word on the parents and the game went back on the shelf... It is incredible, killing cops, going on a homocidal rampage, etc. no sweat... pay a woman for sex?! no way!</body>
    </post>
    <post id="SD_374_15491434">
      <post_score>0</post_score>
      <user>Anonymous Coward</user>
      <date>1149705960</date>
      <body>What is amusing is that this basically just raises the price of a game by $25. The child can still buy the game, they just have to pay more for it.</body>
    </post>
    <post id="SD_374_15490059">
      <post_score>4</post_score>
      <post_moderation>Funny</post_moderation>
      <user id="SD_914716">daranz</user>
      <date>1149691380</date>
      <body>He also questioned how lawmakers reasonably expected retailers to collect the $25 fine from children.  That's easy: they'd kill a hooker and steal her money, or murder someone for their wallet. We're talking about gamers here, after all.</body>
    </post>
    <post id="SD_374_15490117">
      <post_score>2</post_score>
      <post_moderation>Funny</post_moderation>
      <user id="SD_615181">Burlap</user>
      <date>1149691920</date>
      <body>FTA The association's most recent legal victory came in April when a federal judge in Michigan issued a permanent injunction halting the implementation of a state bill that would ban the sale of violent video games to minors. The judge rejected the state's claim that the interactive nature of video games makes them less entitled to First Amendment protections, the ESA said.  cause you know... conversations arn't interactive in the least. Guess some politician got too used to hearing themselves talk and everyone else just sit there in silence.</body>
    </post>
    <post id="SD_374_15511350" ref="SD_374_15496423">
      <post_score>2</post_score>
      <user id="SD_201645">Chmcginn</user>
      <date>1149972480</date>
      <body>  If the government doesn't control, oversee, or indeed have anything to do with the rating system, they can't make laws that rely on that system. It's that simple.  Fixed that for you.</body>
    </post>
    <post id="SD_374_15490420" ref="SD_374_15490069">
      <post_score>1</post_score>
      <user id="SD_628358">Admiral Justin</user>
      <date>1149694500</date>
      <body>A wise man, George Carlin, points out...  "Paying for things is legal... Sex is legal... why is paying for sex illegal? There are far worse things you can do than giving someone an orgasm"</body>
    </post>
    <post id="SD_374_15490478" ref="SD_374_15490066">
      <post_score>2</post_score>
      <user id="SD_793804">Dance_Dance_Karnov</user>
      <date>1149695040</date>
      <body>and if retailers lose to many sails they won't be able to make it to the next port.</body>
    </post>
    <post id="SD_374_15490549" ref="SD_374_15490048">
      <post_score>2</post_score>
      <user id="SD_1585">Richard Steiner</user>
      <date>1149695580</date>
      <body>Some of us wish he still was... Then again, I'm in Atlanta, so I'm stuck in a very different political climate these days. :-(</body>
    </post>
    <post id="SD_374_15490062">
      <post_score>-1</post_score>
      <post_moderation>Troll</post_moderation>
      <user id="SD_578383">CmdrTaco (troll)</user>
      <date>1149691440</date>
      <body>Long night of beating off to anime? No, wait that's Taco. Anyway, I look forward to the torrent of games stories now that zonk is on shift. Zonk, you are such a fag. Please leave.</body>
    </post>
    <post id="SD_374_15490269" ref="SD_374_15490200">
      <post_score>3</post_score>
      <post_moderation>Insightful</post_moderation>
      <user id="SD_778171">hunterx11</user>
      <date>1149693120</date>
      <body>  The movie industry doesn't have this kind of ridiculous legislation.  They also have more lobbyists than the video game industry.  </body>
    </post>
    <post id="SD_374_15490069" ref="SD_374_15490048">
      <post_score>4</post_score>
      <post_moderation>Informative</post_moderation>
      <user id="SD_183847">AuMatar</user>
      <date>1149691500</date>
      <body>Ventura is no longer the governor, he didn't run for a second term. If he was, its unlikely he'd have signed this law. he was slightly libertarian bent. He went on record as saying prostitution should be legal in the past.</body>
    </post>
    <post id="SD_374_15490124" ref="SD_374_15490069">
      <post_score>0</post_score>
      <user>Anonymous Coward</user>
      <date>1149691980</date>
      <body>He went on record as saying prostitution should be legal in the past.  But prostitution was legal in the past!</body>
    </post>
    <post id="SD_374_15490349">
      <post_score>0</post_score>
      <user>Anonymous Coward</user>
      <date>1149693780</date>
      <body>... would you find capitalism at its finest.  "Sorry, we can't sell you that game son but we're going to take your money anyway!"  "What do you mean you can't pay? We know you got the money because you were just about to buy that $60 game!"</body>
    </post>
    <post id="SD_374_15492060" ref="SD_374_15490117">
      <post_score>2</post_score>
      <user id="SD_445176">StikyPad</user>
      <date>1149714360</date>
      <body>I find your post insightful, however I would like to propose a fine for getting songs stuck in people's heads.</body>
    </post>
    <post id="SD_374_15490321" ref="SD_374_15490066">
      <post_score>1</post_score>
      <user id="SD_887304">kailoran</user>
      <date>1149693540</date>
      <body>They lose a sail  Arrr, it's got to be those nasty pirates, taking other people's sails out. (couldn't resist)</body>
    </post>
    <post id="SD_374_15490322" ref="SD_374_15490059">
      <post_score>2</post_score>
      <post_moderation>Insightful</post_moderation>
      <user id="SD_926466">ClamIAm</user>
      <date>1149693540</date>
      <body> He is wondering how retailers will collect the money from the kids. Not how the kids get the money. Hello sentence comprehension, nice to see you today.  </body>
    </post>
    <post id="SD_374_15490131" ref="SD_374_15490066">
      <post_score>3</post_score>
      <post_moderation>Insightful</post_moderation>
      <user id="SD_905468">boldtbanan</user>
      <date>1149691980</date>
      <body> When any non-government agency is supposed to collect any money for the government, they usually get a cut of the money. That's how it works for sales tax, which is analogous to a fine here. What concerns me is that, depending on how this bill is written, retailers may be given an incentive to entrap minors. What's to stop a retailer from trying to convince kids to buy these games, then charging them an additional $25 'fine' at the register when they but it (besides bad publicity, although it might garner them good publicity from some sources). Since the description of the bill FTA seems to indicate that it's not a finable offense until after the purchase, the retailer makes a profit off of the sale, and more profit off of the fine. Something just doesn't add up with this scheme.  </body>
    </post>
    <post id="SD_374_15490198" ref="SD_374_15490048">
      <post_score>2</post_score>
      <user id="SD_718219">-kertrats-</user>
      <date>1149692460</date>
      <body>Ventura hasn't been governor for 4 years...</body>
    </post>
    <post id="SD_374_15492581" ref="SD_374_15490066">
      <post_score>3</post_score>
      <post_moderation>Insightful</post_moderation>
      <user id="SD_150551">plover</user>
      <date>1149721440</date>
      <body>I agree that underage children shouldn't be able to buy M or AO rated games. Why do you say that? Did the State of Minnesota mandate the rating process? Does the state oversee the correct application of a rating to a particular game? Did the state place the ratings on the boxes? Can a game producer appeal to the state if they feel a rating is unfair? Does the state regulate any portion of the rating system at all? No. A voluntary system created by the industry, with private reviews and voluntary compliance by game producers, and now it's somehow state-mandated that retailers abuse this completely unofficial system? And not only that, but to try to fine minors at the register? It's like someone wrote this law just to see how fast the Supreme Court can strike it down. Let parents do their job and be parents. The state is horrible and ineffective at just about everything else they do, what on earth makes them think they know better than me what's best for my kid? What I'd really like to see the ESRB do is to grant some game an M rating strictly for "flagrant blasphemy and satanic references". Then we'd see how quickly this idiocy could be overturned!  </body>
    </post>
    <post id="SD_374_15490183">
      <post_score>0</post_score>
      <user id="SD_952386">Strider817</user>
      <date>1149692340</date>
      <body>Hurray for Political Pandering, it seems like this is an epidemic facing our states today... passing silly laws with little chance of succeeding in court, in order to increase your own political clout. Perhaps it's just that these lawmakers can't possibly believe that kids have rights under the constitution too.  If these states really wanted to protect kids, the best thing to do right now is to get into talks with the ESRB and work out a good solution to the problems they have with the rating system. If you don't think it's enforced enough, fine, but it they must realize that the rating system has to be enforced at the retail level, like the movie industry, if it has any chance of success, not at the government level.</body>
    </post>
    <post id="SD_374_15490963">
      <post_score>2</post_score>
      <user id="SD_69912">nuggz</user>
      <date>1149699960</date>
      <body>Simple, you fine the child, but their guardian is responsible to pay the fine.  I say fine the store, they are guaranteed to be there for the transaction. Works for booze, guns, porn, gambling, movies, why not games too?</body>
    </post>
    <post id="SD_374_15490355" ref="SD_374_15490059">
      <post_score>2</post_score>
      <user id="SD_512743">gorbachev</user>
      <date>1149693840</date>
      <body>Don't you mean they'd shoot the little bastard in the face?</body>
    </post>
    <post id="SD_374_15490167" ref="SD_374_15490131">
      <post_score>1</post_score>
      <user id="SD_179609">Nos.</user>
      <date>1149692280</date>
      <body>I wouldn't say its analogous to a sales tax. And it does ay an attempt to purchase the game. But year, if the retailer gets a cut, that's almost worse. I still have to wonder what the action would be if the child does not pay the fine. Is the retailer going to call 911? I can't see the police responding over a $25 fine. Arrest the kid? I can see lawsuits popping up when some retailer "arrests" a minor for not paying a fine.</body>
    </post>
    <post id="SD_374_15490266">
      <post_score>1</post_score>
      <user id="SD_872002">ZildjianKX</user>
      <date>1149693120</date>
      <body>Shouldn't you be fined if you are under 18 for Ao games? Has anyone else noticed that some shops, like EBgames and GameStop won't sell mature games to anyone under 18, even thought M games are 17+ and meant for 17 year olds?</body>
    </post>
    <post id="SD_374_15491317" ref="SD_374_15490420">
      <post_score>1</post_score>
      <user id="SD_904983">Ethan Allison</user>
      <date>1149704340</date>
      <body>This was Ventura's reasoning.</body>
    </post>
    <post id="SD_374_15490313" ref="SD_374_15490252">
      <post_score>0</post_score>
      <user>Anonymous Coward</user>
      <date>1149693480</date>
      <body>fucking awesome! what game?  the best i ever saw was postal 2, where i would taze a NPC until they peed themselves and then light them on fire with gasoline. if i really wanted to make them suffer, i would piss on them to put it out and repeat.</body>
    </post>
    <post id="SD_374_15490777">
      <post_score>1</post_score>
      <user id="SD_889362">RealmRPGer</user>
      <date>1149697860</date>
      <body>So, even IF this bill would actually stand, I foresee certain retailers adopting a "$50 or $75 if you're under 18" rule.</body>
    </post>
    <post id="SD_374_15490474" ref="SD_374_15490200">
      <post_score>2</post_score>
      <user id="SD_611928">SatanicPuppy</user>
      <date>1149694980</date>
      <body>Preventing them from playing involves a whole lot of things you really don't want the government in control of.  On the other hand, I see no problems with preventing people who do not meet the age requirements on the box from purchasing games.</body>
    </post>
    <post id="SD_374_15492710">
      <post_score>2</post_score>
      <user id="SD_807195">Antony-Kyre</user>
      <date>1149723960</date>
      <body>I don't know what the specific law says, but here's my opinion on the matter.  If the law is simply preventing businesses from selling games which are rated for adults to children, and if the fines are imposed on the retailers (not the customers), then I guess it's okay. An adult, any adult, could simply go in and buy it for the minor, but hopefully that adult is the legal guardian. However, game ratings should always be optional, meaning if the video game manufacturers wanted to get around this law, they could leave the video game unrated.</body>
    </post>
    <post id="SD_374_15496423" ref="SD_374_15492581">
      <post_score>1</post_score>
      <user id="SD_950361">jthestump</user>
      <date>1149770280</date>
      <body> A voluntary system created by the industry, with private reviews and voluntary compliance by game producers, and now it's somehow state-mandated that retailers abuse this completely unofficial system? Key word: voluntary If the government doesn't control, oversee, or indeed have anything to do with the rating system, they shouldn't make laws that rely on that system. It's that simple.  </body>
    </post>
    <post id="SD_374_15492096" ref="SD_374_15490131">
      <post_score>2</post_score>
      <user id="SD_445176">StikyPad</user>
      <date>1149714900</date>
      <body>Which, if I'm not mistaken, is why San Diego had to get rid of their traffic cameras which were run by a private company: It's illegal for private entities to perform the role of law enforcement. Sales tax is completely different, in that the seller is not imposing a penalty for an alleged violation of the law.</body>
    </post>
    <post id="SD_374_15490481" ref="SD_374_15490066">
      <post_score>2</post_score>
      <user id="SD_615356">westlake</user>
      <date>1149695040</date>
      <body>They lose a sail, and somehow they have to enfore a law? You do if you want to stay in business. You can't sell alcohol to minors, you can't sell cigarettes to minors.  </body>
    </post>
    <post id="SD_374_15493653" ref="SD_374_15490200">
      <post_score>3</post_score>
      <post_moderation>Interesting</post_moderation>
      <user id="SD_664860">Vexar</user>
      <date>1149748560</date>
      <body>I think the state should require a license to sell M and AO licenses, and that the license would be revoked. make M and AO games a controlled substance, sort-of. That way, you'd lose your license if you got caught selling to minors.</body>
    </post>
    <post id="SD_374_15490048">
      <post_score>1</post_score>
      <user id="SD_169101">Corbets</user>
      <date>1149691260</date>
      <body>Come on, with Ventura at the helm, what did you expect? :)</body>
    </post>
    <post id="SD_374_15490463" ref="SD_374_15490131">
      <post_score>2</post_score>
      <user id="SD_4913">ChaosDiscord</user>
      <date>1149694920</date>
      <body>  When any non-government agency is supposed to collect any money for the government, they usually get a cut of the money. That's how it works for sales tax, which is analogous to a fine here.  What are you talking about? Sales tax is nothing like this fine. Sales tax is owed by a business to the government. You're not involved at all. However, to make prices seem lower businesses advertise a lower price that doesn't include the percentage they will eventually owe to the government. While common, this is hardly required. Indeed businesses like vendor carts often simply advertise the full price and don't charge extra for the sales tax (it helps keep the math simple). They still need to pay up to the city, county, and state. The business isn't getting a cut of the sales tax. They're just labelling the percentage of the real price of the product that will eventually be handed to the government. If they want a bigger "cut" they simply increase their prices (and the sales tax that goes to the government goes up proportionally). If anyone is getting a "cut", it's the government getting a cut of the business's revenue.  </body>
    </post>
    <post id="SD_374_15490591">
      <post_score>1</post_score>
      <user id="SD_618330">Miaomiao</user>
      <date>1149695880</date>
      <body>I'm a Minnesotan, so it's trippy to see this here :) I was paying closer attention to our "ban gay marriage" thing honestly. Retailers have the right to refuse sale, for any reason, but adding a fine to minors makes things a little more fuggy. First of all minors do not have a right of contract, they can bail out freely. Things like alchohol and cigarrets are prohibited, but it's more giving minors access to them that's banned, not them using it. There's a similar policy with alcohol, but it turns different because of that muggy age between 18 and 21, where people ARE liable for using while underage. This law is essentially unenforceable, and would have a nasty time if ever challeneged in court. Now if we persecuted retailers for selling to minors without clear parental permission, there might be some merit to it. That's another issue though, and something we dont want to see.</body>
    </post>
    <post id="SD_374_15490252" ref="SD_374_15490059">
      <post_score>1</post_score>
      <user id="SD_978329">fuzzyfozzie</user>
      <date>1149692940</date>
      <body>"We're talking about gamers here, after all." Well, in that case they would kill a Catholic school girl by repeatedly pouring hot coffee all over her body until her skin melted off. I saw it in a videogame.</body>
    </post>
    <post id="SD_374_15492994">
      <post_score>1</post_score>
      <user id="SD_744855">ElaborateCalculator</user>
      <date>1149732120</date>
      <body>... so this means that a retailer gets $50 (or $60, or whatever) from a minor when they purchase an M or AO game; then they immediately charge $25 because the minor purchased an M or AO game?  Doesn't that mean they are abetting the breaking of the law, then enforcing the punishment of it? IANAL, of course...</body>
    </post>
    <post id="SD_374_15490143" ref="SD_374_15490048">
      <post_score>0</post_score>
      <user>Anonymous Coward</user>
      <date>1149692100</date>
      <body>Ventura left office in 2003.</body>
    </post>
    <post id="SD_374_15490066">
      <post_score>1</post_score>
      <user id="SD_179609">Nos.</user>
      <date>1149691440</date>
      <body> I agree that underage children shouldn't be able to buy M or AO rated games. But giving a fine to the child that the retailer is supposed to collect? That's ridiculous. What incentive is there for the retailer to do so? They lose a sail, and somehow they have to enfore a law? What if the child can't/won't pay? Are they supposed to detain (kidnap?) the kid? Either ZDnet isn't giving a very good overview of the law, or this belongs on one of those dumbest law lists.  </body>
    </post>
  </posts>
</thread>
