<?xml version="1.0" encoding="iso-8859-1"?>
<!-- this file has been obtained by crawling internet sites by
Fundacio Barcelona Media please, access this site:
caw2.barcelonamedia.org to read the terms and conditions of use
 -->
<thread id="SD_380_1727232">
  <subdomain>politics</subdomain>
  <title>Nintendo Awarded Patent for Instant Messaging</title>
  <admin>Zonk</admin>
  <user>Zwzo</user>
  <date>1149856560</date>
  <topics>
    <main>Nintendo</main>
    <secondary>Patents</secondary>
    <secondary>Games</secondary>
  </topics>
  <body>"Nintendo has been awarded a patent for a video game messaging service that utilizes a buddy list and can display information about game activities and user status." From the article: "Initially filed in 2000, a year before the release of Microsoft's Xbox and two years before the official launch of Microsoft's Xbox Live Internet service, Nintendo's patent is relatively broad and could potentially lead to litigation against other major players in the game console market. Although the text of the patent itself refers to the Nintendo64 and Game Boy Color by name, some have speculated that this patent could portend an instant messaging system for the Wii."</body>
  <posts>
    <post id="SD_380_15506599" ref="SD_380_15504419">
      <post_score>1</post_score>
      <user id="SD_971926">biff_larken</user>
      <date>1149874440</date>
      <body>Kudos. I think that comment just made my day.</body>
    </post>
    <post id="SD_380_15504291">
      <post_score>0</post_score>
      <post_moderation>Insightful</post_moderation>
      <user id="SD_973576">xXenXx</user>
      <date>1149856980</date>
      <body>It just goes to show how ridiculous some patents can be. Companies like Valve have used instant messenger in their games (Steam --> Friends) for some time now. Now I can see protecting innovation, that is perfectly respectable, but patenting something that has been around for ages now just shouldn't be allowed! Next they'll patent "fun".  If Nintendo does try to use it against Microsoft though, it'll just be a case of Microsoft getting a dose of their own medicine. They've been trying stuff like this for years.</body>
    </post>
    <post id="SD_380_15508038">
      <post_score>0</post_score>
      <user id="SD_973917">Holmesey</user>
      <date>1149903420</date>
      <body>I think this is a GREAT idea and it will go ahead very fast!</body>
    </post>
    <post id="SD_380_15504737">
      <post_score>4</post_score>
      <post_moderation>Informative</post_moderation>
      <user id="SD_768618">thebdj</user>
      <date>1149860040</date>
      <body>An article about a patent that actually links to the patent. I nearly died when I saw that. Now, on to the patent at hand.  For some of the nitty gritty first, they filed a provisional application on May 31, 2000, which means they have priority to this date. It is also important to remember with the current patent laws in the US the system is based on a first to invent, which means any prior art could have to pre-date the May 31, 2000 date as well.  I have one grand problem with the arstechnica article. It is in the very end, where the author says:  Even though Nintendo applied for this patent in 2000, independently developed technologies that have emerged in the interim resemble it in many ways.  Unfortunately, this does not fly in any countries patent system. This argument is good for trade secrets, where independently inventing a similar or the same item is okay. In patents, whether or not someone invented something similar while you were waiting for you patent is immaterial. Also, the application would've been published no later then May or so of 2002, meaning any technology after that date could easily see the claims and know what Nintendo was seeking a patent for.  I seriously doubt Nintendo will go sue happy with this, but they may hold onto it just in case their console market goes south like Sega's did. Remember, they wouldn't really be trolling if they actually did make a real attempt to implement a system using the patent they received.</body>
    </post>
    <post id="SD_380_15513579" ref="SD_380_15505220">
      <post_score>1</post_score>
      <user id="SD_572367">iocat</user>
      <date>1150034460</date>
      <body>Logically, OR does not equal XOR, but linguistically, most people use it as though it does. Hence, and/or.</body>
    </post>
    <post id="SD_380_15505840" ref="SD_380_15504530">
      <post_score>1</post_score>
      <user id="SD_239789">grammar fascist</user>
      <date>1149867660</date>
      <body>Ah, okay. Thanks!</body>
    </post>
    <post id="SD_380_15504827" ref="SD_380_15504264">
      <post_score>0</post_score>
      <user id="SD_623282">charlesbakerharris</user>
      <date>1149860700</date>
      <body>As long as they don't weild it as a patent troll I will just mind my own business. Hopefully they have better things to do than use it against competitors. What, exactly, do you think patents are for?  </body>
    </post>
    <post id="SD_380_15504423">
      <post_score>1</post_score>
      <user id="SD_591500">buswolley</user>
      <date>1149857940</date>
      <body>My question is: What is the use of an instant messengee on the Wii without a keyboard, besides the usual 'Who's playing online, right now.' ?? I wonder if they plan to let the Wiimote function as a voip phone, and the instant messenger as a phonebook of sorts? Just speculation...</body>
    </post>
    <post id="SD_380_15511605" ref="SD_380_15510684">
      <post_score>1</post_score>
      <user id="SD_591500">buswolley</user>
      <date>1149978840</date>
      <body>Thank you.</body>
    </post>
    <post id="SD_380_15504611">
      <post_score>1</post_score>
      <user id="SD_974626">Maniacal Laughter</user>
      <date>1149859080</date>
      <body>Phsycho_gamer says: 'Sup man?  WiiMan says: Gimme a sec. Lemme toss bowser at the last mine.  ...  WiiMan says: Bummer dude. He got me. Looks like no goodnight kiss tonight.  Phsyco_gamer says: Yeah man. That Peach is hot. Wanna play Super Smash Bros. Brawl now?</body>
    </post>
    <post id="SD_380_15504499" ref="SD_380_15504423">
      <post_score>2</post_score>
      <user id="SD_677039">chrismcdirty</user>
      <date>1149858420</date>
      <body>On screen keyboard, maybe? The point-and-click interface would support that. USB keyboard? It does have at least one USB port in the back. Maybe they'll license the Graffiti algorithms and recognize certain gestures with the wand as letters. They have been talking to Palm in the past, if I'm not mistaken.</body>
    </post>
    <post id="SD_380_15504986" ref="SD_380_15504401">
      <post_score>2</post_score>
      <user id="SD_879122">Amouth</user>
      <date>1149861720</date>
      <body>they should sell the patent to SCO for 1$ .. just so they can go after MS.. i mean.. last time i checked some MS people where paying the bills for SCO.. it would be funny to see them eat their own tails.. hell i might even pay to watch that</body>
    </post>
    <post id="SD_380_15504374" ref="SD_380_15504290">
      <post_score>0</post_score>
      <user>Anonymous Coward</user>
      <date>1149857640</date>
      <body>Other than the fact that it wa filed in 2000 and has yet to surface?  Granted, innovation takes time, but shouldnt a patent be used within a reasonable period of time to be valid?</body>
    </post>
    <post id="SD_380_15504650" ref="SD_380_15504291">
      <post_score>5</post_score>
      <post_moderation>Informative</post_moderation>
      <user id="SD_924234">c_forq</user>
      <date>1149859380</date>
      <body>Companies like Valve have used instant messenger in their games (Steam --> Friends)  According to the summary the Nintendo patient was filed in 2000. The first public release of Steam was in 2002. I'm not sure exactly when messaging was added to steam, but it wasn't in the first release, so that is over two years between Nintendo's patient and Valve having such a feature (at least claiming to have such a feature, I sure as hell have never gotten it to work).</body>
    </post>
    <post id="SD_380_15504490">
      <post_score>1</post_score>
      <post_moderation>Interesting</post_moderation>
      <user>Anonymous Coward</user>
      <date>1149858300</date>
      <body>Man I used to fly in Warbirds online in the 90's and im all the other pilots all the time.  geopilot  http://www.globalboiling.com/ [globalboiling.com]</body>
    </post>
    <post id="SD_380_15504645">
      <post_score>2</post_score>
      <user id="SD_720008">kansas1051</user>
      <date>1149859380</date>
      <body>The patent is way more limited that discussed in the summary or the linked article. The scope of a patent is determined by its claims and the broadest claim of the issued patent is directed at an IM system that allows users to check on the game status of their buddies through an IM client: 1. A messaging system comprising: a web server computer; and a video game system for executing a video game program for a video game, the video game program being embodied on a storage device replaceably connectable by a user to the video game system and comprising program instructions for both the video game and for a messaging service client, whereby the messaging service client is activated by connecting the storage device to the video game system and executing the video game program embodied thereon, the activated messaging service client establishing a connection between the video game system and said web server computer via the Internet and sending status data from the video game system to said web server computer that is indicative of the video game program being executed by the video game system, wherein said web server computer generates a session file when the video game system connects thereto, the session file comprising the status data sent from the video game system and status data indicative of video game programs being executed by video game systems of each of one or more buddies identified on a buddy list previously defined by the user, wherein the status data of the one or more buddies on the buddy list is accessible to the user even if the video game system of the user and the video game systems of the one or more buddies are executing video game programs for playing different games.</body>
    </post>
    <post id="SD_380_15506051">
      <post_score>1</post_score>
      <user id="SD_791652">davidwr</user>
      <date>1149869520</date>
      <body>OK not quite but they did have a modem and I think peer-to-peer playing on a very limited basis. I think it was a marketing flop.  Any "instant messaging" patent that post-dates the 1960s deserves a good prior art search.</body>
    </post>
    <post id="SD_380_15504516" ref="SD_380_15504371">
      <post_score>3</post_score>
      <post_moderation>Insightful</post_moderation>
      <user id="SD_695860">flooey</user>
      <date>1149858480</date>
      <body>"OR" is not "XOR".  In common English usage, it is.</body>
    </post>
    <post id="SD_380_15504680" ref="SD_380_15504527">
      <post_score>2</post_score>
      <post_moderation>Insightful</post_moderation>
      <user id="SD_778916">KDR_11k</user>
      <date>1149859680</date>
      <body>What would be the point of patenting _anything_ if it didn't put you ahead of your competitors in some way?  Defensive patents, preventing competitors from patenting it. They also allow a MAD policy for patents, "sue me and I'll sue you".</body>
    </post>
    <post id="SD_380_15505119" ref="SD_380_15505041">
      <post_score>2</post_score>
      <user id="SD_471991">Omestes</user>
      <date>1149862680</date>
      <body>Err... and how are patents analgous to bombs? I think your only slightly over reacting.  Yes there are BAD patents, but then there are tons and tons of valid patents, and this seems to be just another valid one, and one that hasn't seen a lick of activity in 6 years.  Perhaps in this case a better analogy would be guns. Good in the hands of hunters and normal folk, but bad in the hands of others.</body>
    </post>
    <post id="SD_380_15504273">
      <post_score>0</post_score>
      <post_moderation>Flamebait</post_moderation>
      <user id="SD_678251">aleksiel</user>
      <date>1149856860</date>
      <body>it would knock nintendo down a notch in my book if they threw this patent around [unprovoked].</body>
    </post>
    <post id="SD_380_15504969" ref="SD_380_15504291">
      <post_score>1</post_score>
      <user id="SD_778916">KDR_11k</user>
      <date>1149861600</date>
      <body>Remember, this patent was filed in 2000, any prior art has to predate THAT (and of course use the exact same implementation since it's the implementation that you can patent, not the purpose of the implementation, which is why Nintendo's and Immersion's Rumble patents can coexist, different implementations).</body>
    </post>
    <post id="SD_380_15504849" ref="SD_380_15504423">
      <post_score>0</post_score>
      <user>Anonymous Coward</user>
      <date>1149860880</date>
      <body>The instant messaging patent was for the N64.  It tells us nothing about what they plan to do with the Wii.</body>
    </post>
    <post id="SD_380_15506594" ref="SD_380_15505041">
      <post_score>4</post_score>
      <post_moderation>Insightful</post_moderation>
      <user>Anonymous Coward</user>
      <date>1149874440</date>
      <body>Your analogy is completely off.  A better analogy might be this: You find out that the hungarian army has weapons.  Holy crud! The Hungarian army has weapons? They could use those weapons to kill us!  Except wait, a couple of questions immediately come to mind.  Wait, what kind of weapons? Are they guns? Pitchforks? Atom bombs? Stun tasers? Are these even the kind of weapons that you could kill somebody with? Wait, why is this a surprise? Wouldn't one assume the Hungarian army has weapons? I mean, having weapons is kind of something that armies tend to do. Why exactly do we think the Hungarian army is going to do anything with these weapons? Has Hungary even done anything in the last 50 years? Don't they just kind of sit around and like... I don't know, drink beer or whatever it is Hungarians do?  Now, there are circumstances where finding out about somebody having weapons might be worrisome, depending on who they were and what kind of weapons they were. Like, if it was your neighbor, and he had a bomb, that would be awfully worrisome-- because bombs are uncommon in residential areas, there's no valid reason why your neighbor might have a bomb, and you have no particular reason to expect your neighbor would randomly stockpile bombs but never use them. And if was Iran, and they had a nuclear weapon, then that would be a good reason to be downright alarmed.  But the Hungarian army having stun tazers? Wait, why is this supposed to be interesting again? Similarly, why should it make a difference that Nintendo (a company with no history of patent abuse or even patent enforcement really) obtained a specific patent on a specific instant messaging system that they designed for a product six years ago and then never sold?  The Hungarian army stockpiles weapons but never does anything with them. Nintendo stockpiles patents but never does anything with them. The world is a dangerous place but we survive anyway. Deal.</body>
    </post>
    <post id="SD_380_15504692">
      <post_score>1</post_score>
      <user id="SD_899897">SheeEttin</user>
      <date>1149859740</date>
      <body>If it was filed in 2000, why haven't they done anything with it?  They mentioned the GBC and N64 by name, yet I can't see any way this would be helpful for those systems...  If they were going to use this for the Wii, how would they use it? There's probably no text interface, so could it mean voice? Voice coordination is much better than text, too--to use Halo as a example, try flying a Banshee or driving a Warthog into your opponent's base and simultaneously communicate. It doesn't work.</body>
    </post>
    <post id="SD_380_15504436" ref="SD_380_15504270">
      <post_score>1</post_score>
      <post_moderation>Interesting</post_moderation>
      <user>Anonymous Coward</user>
      <date>1149857940</date>
      <body>Nintendo was initially planning to have an online service with the Gamecube that rivaled XBox Live but it got scrapped because of how unpopular the online services that the Dreamcast had were; if you look at how successful Microsoft was with XBox Live you can see how Nintendo was (probably) correct (in a buisness sence) in not including a similar product on the Gamecube. Ultimately Gamespy predates any patents I have heard of that deal with centralized online services so this really just demonstrates how broken our patent system is; I wonder if I can get a patent on selling the sexual services of women on the street?  </body>
    </post>
    <post id="SD_380_15504473" ref="SD_380_15504297">
      <post_score>2</post_score>
      <user id="SD_695860">flooey</user>
      <date>1149858180</date>
      <body>Who wants to start listing prior art? I don't know offhand, what sort of messaging capabilities existed in XBand, The Sierra Network, AOL, countless BBSes and BBS doors, MUDs, the old UNIX mainframe games, etc.?  I've always wondered about exactly what constitutes "prior art" (in the legal sense).  For instance, their patent claims state that their invention is a system comprising of a web server and a video game console. Does something like AOL's instant messaging system constitute prior art for that, legally? I don't know of any way of using AIM on a video game console, but on the other hand, video game consoles are just special-purpose computers.  What about systems that appear to be somewhat novel, but are logical extensions, like "8. The system according to claim 1, wherein said web server computer is responsive to a user-supplied request for communicating to the user an identification of all buddy lists on which the user appears." and "9. The system according to claim 8, wherein said web server computer is further responsive to a user-supplied request for deleting the user's name from one or more other user's buddy lists."? I don't know of any instant messenger that allows you to delete yourself from other people's buddy lists, but it doesn't seem particular amazing.  Does anyone have any experience with the subject?</body>
    </post>
    <post id="SD_380_15504542" ref="SD_380_15504273">
      <post_score>1</post_score>
      <user id="SD_696643">Sage of Lightning</user>
      <date>1149858660</date>
      <body>good thing Nintendo isn't the kind of company that does that then isn't it.</body>
    </post>
    <post id="SD_380_15504379">
      <post_score>5</post_score>
      <post_moderation>Insightful</post_moderation>
      <user>Anonymous Coward</user>
      <date>1149857640</date>
      <body>  Nintendo does not have a patent on instant messaging. Nintendo has a patent on an instant messaging product. Some or all other instant messaging and/or game instant messaging products will not infringe on Nintendo's patent. Nintendo patents pretty much everything they do, every platform product they develop-- even if, as with the N64. This doesn't mean they intend to use the patent. It just means they wanted a patent. Nintendo owns patents on gobs and gobs of different things, but to my knowledge they've never used one against a competing video game system, ever. Nintendo patents stuff because they just don't want someone in thailand to make an N64 clone using Nintendo's circuit boards or whatever. The patent is from 2000. If this patent were anything but paperwork to Nintendo, they could have done something with it by now. The people at Nintendo probably barely even remember filing it. This patent tells us what some people inside Nintendo were thinking around 2000. It's interesting because it tells us that a few years ago, when Nintendo looked at XBox Live and said consumers didn't want it, Nintendo wasn't just posturing because they were annoyed Microsoft had thought of it first-- they'd actually thought out an online service and then decided the market wasn't ready for it yet. But besides Nintendo's circa-2000 mindset, the granting of this patent doesn't tell us anything else.  This article is stupid, and you're stupid if you took it seriously.</body>
    </post>
    <post id="SD_380_15506096" ref="SD_380_15504692">
      <post_score>0</post_score>
      <user>Anonymous Coward</user>
      <date>1149869880</date>
      <body>They mentioned the GBC and N64 by name, yet I can't see any way this would be helpful for those systems...  Nintendo in fact developed a complete online system for the N64, which was to be made available as part of the 64DD add-on. That's what this patent is about. It's just that Nintendo never released this system to the public. Had Nintendo released the system, it would of course have been helpful.</body>
    </post>
    <post id="SD_380_15504783" ref="SD_380_15504401">
      <post_score>4</post_score>
      <post_moderation>Informative</post_moderation>
      <user id="SD_938209">mikeisme77</user>
      <date>1149860400</date>
      <body>If I were them, I would use it to trade rights with MS, as MS recently obtained a patent on filtering voice chat to bleep out unwanted terms. Nintendo being family oriented (and the Wii almost certainly deploying some type of voice chat--as well as the DS at some point in the future) the rights to implement similar technology is invaluable to Nintendo. They should just make an agreement with MS to not sue each other over their respective patents in this area (and then they can both sue Sony when Sony implements the same thing). As a side note, X-fire wouldn't be threatened by the patent as X-fire is not for video game consoles, just PCs.</body>
    </post>
    <post id="SD_380_15504297">
      <post_score>1</post_score>
      <post_moderation>Troll</post_moderation>
      <user id="SD_844560">Rob T Firefly</user>
      <date>1149856980</date>
      <body>Who wants to start listing prior art? I don't know offhand, what sort of messaging capabilities existed in XBand, The Sierra Network, AOL, countless BBSes and BBS doors, MUDs, the old UNIX mainframe games, etc.?</body>
    </post>
    <post id="SD_380_15504527" ref="SD_380_15504264">
      <post_score>0</post_score>
      <post_moderation>Troll</post_moderation>
      <user>Anonymous Coward</user>
      <date>1149858600</date>
      <body>What are you, an idiot? What else are they going to use it for other than affecting their competitors? What would be the point of patenting _anything_ if it didn't put you ahead of your competitors in some way? That's what they're for.  Really, try and use your head before you post. It might help.</body>
    </post>
    <post id="SD_380_15505041" ref="SD_380_15504379">
      <post_score>3</post_score>
      <post_moderation>Funny</post_moderation>
      <user id="SD_64220">EricFenderson</user>
      <date>1149862140</date>
      <body> This article is stupid, and you're stupid if you took it seriously. "Holy shit! My neighbor has a bomb!" So what? Everyone knows your neighbor has a bomb. They just like having bombs. Doesn't mean they're not friendly when they invivte you over for the cocktail party! They've got so many bombs, they probably don't remember building this one, and you're worried they are going to use it? Besides, this bomb was built in 2000. If it was going to go off, it would've blow us all sky high by now. People who are worried about their neighbors having giant weapons are stupid.  </body>
    </post>
    <post id="SD_380_15504535" ref="SD_380_15504423">
      <post_score>3</post_score>
      <post_moderation>Informative</post_moderation>
      <user id="SD_319467">PhoenixFlare</user>
      <date>1149858600</date>
      <body>Since the Wii will have two USB [wikipedia.org] ports [nintendo.com], what makes you think you won't be able to plug in a USB keyboard, or that there won't be a custom keyboard released at some point?  Personally, I wouldn't be suprised if things involved the DS connectivity at some point as well, maybe letting you use the DS touchscreen along with handwriting recognition to enter text.</body>
    </post>
    <post id="SD_380_15508386" ref="SD_380_15505220">
      <post_score>0</post_score>
      <user>Anonymous Coward</user>
      <date>1149916500</date>
      <body>Then what's the purpose of "and/or"?  It is used by stupid people who don't know any better.</body>
    </post>
    <post id="SD_380_15505107" ref="SD_380_15504542">
      <post_score>-1</post_score>
      <user>Anonymous Coward</user>
      <date>1149862620</date>
      <body>Are you retarded? Nintendo definitely has a bottom line just like any other company. Just because you like their games "Sage Of Time" doesn't mean they won't sue the pants off people for the benefit of their own intellectual property. Aside which, they ARE tenacious about their intellectual property. Look at the amount of copy protection on the gamecube; The GCN came out prior to release of the xbox and yet it was 2-3 years after xbox release before anyone had ever *modded* a gamecube. I remember using good old PSOLoad back in the day, hitting roms over a 10mbs ethernet connection. Those were the days...</body>
    </post>
    <post id="SD_380_15505220" ref="SD_380_15504371">
      <post_score>2</post_score>
      <user id="SD_931443">Schraegstrichpunkt</user>
      <date>1149863400</date>
      <body>Then what's the purpose of "and/or"?</body>
    </post>
    <post id="SD_380_15504372" ref="SD_380_15504297">
      <post_score>5</post_score>
      <post_moderation>Informative</post_moderation>
      <user id="SD_943326">Kesch</user>
      <date>1149857580</date>
      <body>If you read the TFA it would point out that this is geared toward an integrated messaging/email/game_status system with a serious gaming bent.  It's also specifically geared for consoles, so even stuff like X-fire wouldn't fall under it.  X-box live is really the only similar thing, and the patent was actually filed for 2 years before Live's official release.  Finally, when has the US Patent Office really cared about prior art?</body>
    </post>
    <post id="SD_380_15504401">
      <post_score>0</post_score>
      <post_moderation>Redundant</post_moderation>
      <user id="SD_977851">Valthan</user>
      <date>1149857760</date>
      <body>This is interesting becasue that means that they could potentially throw it around at M$ and XFire and the like, although if they did I think it would just be bad PR and a lot of people would lose faith in them.  But how cool would it be for them to totally screw M$ over... anyone, anyone?</body>
    </post>
    <post id="SD_380_15504310">
      <post_score>1</post_score>
      <user id="SD_971365">Nutmegan</user>
      <date>1149857160</date>
      <body>Nintendo probably only did that to protect themselves from more predatory companies. I doubt Nintendo would try to go after Sony or Microsoft legally.</body>
    </post>
    <post id="SD_380_15504296" ref="SD_380_15504264">
      <post_score>5</post_score>
      <post_moderation>Funny</post_moderation>
      <user id="SD_54550">Tackhead</user>
      <date>1149856980</date>
      <body>> As long as they don't weild it as a patent troll I will just mind my own business. Yup. Althought in this case, isn't the animal in question is more like a patent wiisel than a troll?  </body>
    </post>
    <post id="SD_380_15505538" ref="SD_380_15504270">
      <post_score>0</post_score>
      <user>Anonymous Coward</user>
      <date>1149865380</date>
      <body>Neither. They filed for it a full two years before Xbox Live. The only system I can think of that would possibly supercede their filing is Gamespy Arcade, which launched in November 2000.</body>
    </post>
    <post id="SD_380_15504707" ref="SD_380_15504372">
      <post_score>2</post_score>
      <user id="SD_39923">porkchop_d_clown</user>
      <date>1149859860</date>
      <body>Actually, online gaming for the PSP follows the same model, although that obviously doesn't qualify as "prior art".</body>
    </post>
    <post id="SD_380_15504530" ref="SD_380_15504500">
      <post_score>3</post_score>
      <post_moderation>Informative</post_moderation>
      <user id="SD_695860">flooey</user>
      <date>1149858600</date>
      <body>So it applies specifically to the N64 and Game Boy Color... but it could lead to litigation?  Can someone explain to me how this isn't just Ars Technica stirring the pot?  The actual patent claims don't mention the systems by name, but the background info uses the systems as examples of systems the technology might be used in. The patent is for anything, not just those two systems.</body>
    </post>
    <post id="SD_380_15504264">
      <post_score>3</post_score>
      <user id="SD_17205">Midnight Thunder</user>
      <date>1149856800</date>
      <body>As long as they don't weild it as a patent troll I will just mind my own business. Hopefully they have better things to do than use it against competitors.</body>
    </post>
    <post id="SD_380_15504371" ref="SD_380_15504290">
      <post_score>1</post_score>
      <user id="SD_591500">buswolley</user>
      <date>1149857580</date>
      <body>"OR" is not "XOR". I don't think there were any dichotomies in the parent since the OR was not exclusive.</body>
    </post>
    <post id="SD_380_15505049" ref="SD_380_15504792">
      <post_score>2</post_score>
      <post_moderation>Informative</post_moderation>
      <user id="SD_862627">aesiamun</user>
      <date>1149862200</date>
      <body>Yes the latest update was supposed to add support for USB keyboards to make typing a little less a pain in the ass.</body>
    </post>
    <post id="SD_380_15504742">
      <post_score>2</post_score>
      <user id="SD_868057">oahazmatt</user>
      <date>1149860100</date>
      <body>This patent simply means that Nintendo will absolutely purchase AOL. After Nintendo is purchased by Apple.</body>
    </post>
    <post id="SD_380_15504792" ref="SD_380_15504535">
      <post_score>2</post_score>
      <post_moderation>Interesting</post_moderation>
      <user id="SD_959219">KingBraden</user>
      <date>1149860460</date>
      <body>The Xbox360 has 2 USB ports, can you just hook a keyboard up to it? I am being serious, I just want to know.</body>
    </post>
    <post id="SD_380_15504419" ref="SD_380_15504291">
      <post_score>5</post_score>
      <post_moderation>Funny</post_moderation>
      <user id="SD_956391">suv4x4</user>
      <date>1149857880</date>
      <body>Next they'll patent "fun".  That would be ok, no other console producing company seems interested in this invention.</body>
    </post>
    <post id="SD_380_15504500">
      <post_score>2</post_score>
      <user id="SD_239789">grammar fascist</user>
      <date>1149858420</date>
      <body>From the summary: ... Nintendo's patent is relatively broad and could potentially lead to litigation... Although the text of the patent itself refers to the Nintendo64 and Game Boy Color by name...  So it applies specifically to the N64 and Game Boy Color... but it could lead to litigation?  Can someone explain to me how this isn't just Ars Technica stirring the pot?</body>
    </post>
    <post id="SD_380_15505656" ref="SD_380_15504372">
      <post_score>2</post_score>
      <user id="SD_644256">arose</user>
      <date>1149866160</date>
      <body>For the purposes of this patent I see no difference between a desktop computer and an in-front-of-tv computer.</body>
    </post>
    <post id="SD_380_15507241" ref="SD_380_15504701">
      <post_score>3</post_score>
      <post_moderation>Funny</post_moderation>
      <user id="SD_325138">cgenman</user>
      <date>1149884220</date>
      <body>How long 'till Microsoft gets the one-click patent for buying addons to Oblivion *ON A CONSOLE*?  I'm guessing that it isn't long before Microsoft patents one-click buying of stuff *ON THE WII*.  That would show Nintendo.  </body>
    </post>
    <post id="SD_380_15510684" ref="SD_380_15504371">
      <post_score>1</post_score>
      <user id="SD_172628">AvitarX</user>
      <date>1149957600</date>
      <body>You'r right. The GP was looking for a yes or no as a response.</body>
    </post>
    <post id="SD_380_15504781" ref="SD_380_15504692">
      <post_score>1</post_score>
      <user id="SD_758316">0bject</user>
      <date>1149860400</date>
      <body>Why doesn't it work? I've been using voice communication in games for 10 years, and its worked just fine.</body>
    </post>
    <post id="SD_380_15504378" ref="SD_380_15504270">
      <post_score>2</post_score>
      <user id="SD_956391">suv4x4</user>
      <date>1149857640</date>
      <body>But the question is: Did they file this patent so they could sue the pants off Microsoft et al. Or, did they file the patent just for protection against a suit?  As a rule, bigger companies with actual products DO file it for defence means. But top management changes, times change, it's not out of the question that should they become really desperate and profits quickly dropping into losses... they could start suing everybody.  Don't forget it's a company, not a man. A single man has certain principles or other. A big company is in a state where major phylosophical shift can happen within days.  This is why patents actually suck so much.</body>
    </post>
    <post id="SD_380_15504787" ref="SD_380_15504401">
      <post_score>2</post_score>
      <user id="SD_809643">Cheapy</user>
      <date>1149860400</date>
      <body>I've never heard of a M$. Whatever it is, I'm sure that it is wondering why you hate the English language so much.</body>
    </post>
    <post id="SD_380_15504556">
      <post_score>1</post_score>
      <user id="SD_971052">SoapDish</user>
      <date>1149858780</date>
      <body>"Some have speculated that this patent could portend an instant messaging system for the Wii."  Remember the whole Connect24 thing? Part of the announcement said that you could start up your console after it was sleeping, and you'd see the messages and gifts (ie. files) from friends which were sent to you while you were away.  </body>
    </post>
    <post id="SD_380_15506383">
      <post_score>0</post_score>
      <user>Anonymous Coward</user>
      <date>1149872340</date>
      <body>Games are displayed on the 'buddy list', MSN Messenger already do this.</body>
    </post>
    <post id="SD_380_15505683" ref="SD_380_15504372">
      <post_score>1</post_score>
      <user id="SD_913085">Hitto</user>
      <date>1149866340</date>
      <body>  the TFA    PIN Number ATM Machine  Sorry, it's kind of a muscle reflex.</body>
    </post>
    <post id="SD_380_15504701" ref="SD_380_15504372">
      <post_score>2</post_score>
      <user id="SD_213461">Fallingcow</user>
      <date>1149859740</date>
      <body>It's also specifically geared for consoles, so even stuff like X-fire wouldn't fall under it.  OK, I get it.  So now, instead of saying, "Hey look, I'm doing something that could always be done in the real world, but WITH A COMPUTER! Give me my patent!"...  They'll start saying "Hey look, I'm doing something that's been done many times before on a computer, but WITH A CONSOLE! Give me my patent!"  How long 'till Microsoft gets the one-click patent for buying addons to Oblivion *ON A CONSOLE*?</body>
    </post>
    <post id="SD_380_15509063" ref="SD_380_15504781">
      <post_score>1</post_score>
      <user id="SD_899897">SheeEttin</user>
      <date>1149929820</date>
      <body>I realize that last bit wan't clear now.  I meant that trying to communicate through text doesn't work: in order to type, you have to hit t, then type your message, which means you can't press any keys to affect the game in the meantime.</body>
    </post>
    <post id="SD_380_15507766" ref="SD_380_15504291">
      <post_score>1</post_score>
      <user id="SD_631243">aichpvee</user>
      <date>1149896040</date>
      <body>The patent application predates Steam. Whether or not there was prior art for this patent I don't know (didn't read the patent, too boring), but Steam isn't among it.</body>
    </post>
    <post id="SD_380_15504506">
      <post_score>1</post_score>
      <user id="SD_969458">dorbabil</user>
      <date>1149858420</date>
      <body>Seems like this was meant for the failed 64DD network. While it's tough to say whether or not they will apply it to the Wii (the 64DD was going to offer NES games for download). Current rumblings from Nintendo seem to indicate the Wii online service will be more like the DS's, per game friend codes and no unified system. On the other hand, they have registered a bunch of Wii domains that could be the basis for some sort of online community.</body>
    </post>
    <post id="SD_380_15504270">
      <post_score>2</post_score>
      <post_moderation>Interesting</post_moderation>
      <user id="SD_737466">amazon10x</user>
      <date>1149856800</date>
      <body>But the question is: Did they file this patent so they could sue the pants off Microsoft et al. Or, did they file the patent just for protection against a suit?</body>
    </post>
    <post id="SD_380_15504290" ref="SD_380_15504270">
      <post_score>2</post_score>
      <user id="SD_970822">DragonWriter</user>
      <date>1149856980</date>
      <body>What's with the false dichotomies? Maybe they filed the patent because they developed an application they intended to use, and for which an application would both protect them from suit and enable them to sue anyone else stepping into the same space.</body>
    </post>
  </posts>
</thread>
