<?xml version="1.0" encoding="iso-8859-1"?>
<!-- this file has been obtained by crawling internet sites by
Fundacio Barcelona Media please, access this site:
caw2.barcelonamedia.org to read the terms and conditions of use
 -->
<thread id="SD_345_2216222">
  <subdomain>games</subdomain>
  <title>Gamers Gain Political Voice</title>
  <admin>Zonk</admin>
  <user>GameDailyBiz has a rundown on the just-announced Videogame Voters Network. The network has been established by the ESA with the intent of organizing gamers into a political force. Will Wright: "Computer and video games represent one of the most important new media developments of this generation. Unlike many other forms of entertainment they offer players the opportunity to explore, be creative, learn through interaction and express themselves to others. It is vitally important that we protect and nurture this new art form so that it can reach its full potential. Like most new forms of artistic expression that have come before (music, novels, movies), the primary critics of video games are the people that do not play them</user>
  <date>1142272380</date>
  <topics>
    <main>Games</main>
    <secondary>Politics</secondary>
  </topics>
  <body>ilyBiz has a rundown on the just-announced Videogame Voters Network. The network has been established by the ESA with the intent of organizing gamers into a political force. Will Wright: "Computer and video games represent one of the most important new media developments of this generation. Unlike many other forms of entertainment they offer players the opportunity to explore, be creative, learn through interaction and express themselves to others. It is vitally important that we protect and nurture this new art form so that it can reach its full potential. Like most new forms of artistic expression that have come before (music, novels, movies), the primary critics of video games are the people that do not play them."</body>
  <posts>
    <post id="SD_345_14911819" ref="SD_345_14911667">
      <post_score>5</post_score>
      <post_moderation>Insightful</post_moderation>
      <user id="SD_739121">ThatNuttyPeej</user>
      <date>1142274000</date>
      <body>The problem is that no one gains anything when it comes to Congress, except for the preferred few.  Uhhhh... voting rights act of 64'? Americans with disabilities act? Freedom of information act?  Or, like, ALL of the amendments to the Constitution that guarantee personal liberty? I cite numbers 13, 14, 15 and 19 as personal favorites, but it applies to all of them. They ALL start in Congress, dude.  The one thing that I do agree with is that you should not vote. It's nothing personal, I'd rather everyone was a part of the process, but if you don't see the capacity of Congress to do good (despite its obvious and frequent shortcomings) it's probably best that you sit this out and leave it to those of us who want to keep expanding the sphere of personal liberty, through, well, proven methods.  (shrug)</body>
    </post>
    <post id="SD_345_14912338" ref="SD_345_14911927">
      <post_score>0</post_score>
      <user>Anonymous Coward</user>
      <date>1142278980</date>
      <body>I don't know what wagon you fell off of, but that page looks to be anything but empty, and if it is any less full that it used to be, it seems that a certian admin by the nick "Brookie" is responsible, not that fucking neuter of a human, Jack Thomson.</body>
    </post>
    <post id="SD_345_14912860">
      <post_score>1</post_score>
      <user id="SD_800028">PipeIsArt</user>
      <date>1142285100</date>
      <body>I would love to know where the money trail leads in the founding of this "movement".</body>
    </post>
    <post id="SD_345_14955525" ref="SD_345_14913998">
      <post_score>0</post_score>
      <user>Anonymous Coward</user>
      <date>1142827200</date>
      <body>Whoa.. someone get on your bad side? I think that many psyq's don't understand a heavy duty geek, the geek culture is so opposite everything in the classic world that things just don't work the same. Heavy duty introversion is something that psyq's have trouble working with because it seems counter-productive in a classic working environment, the realisation however, must be that in geek-land there is more tolerance amongst geeks for the effects of intuitive and introvert people than there would be in a classic working environment where a geek would get torn to shreds by the extraverted go-getters...  As for the Lesbian-Psyq Plot for World Domination, yeah brother they are out to get you, just look at the cylons!!! LOL!  </body>
    </post>
    <post id="SD_345_14914206" ref="SD_345_14911911">
      <post_score>1</post_score>
      <user id="SD_681447">BungoMan85</user>
      <date>1142307180</date>
      <body>"Education has nothing to do with income" Every single statistical study I've ever seen disagrees. Yeah personal drive is what ultimately will determine how well to do you are financialy. But you cannot deny the STRONG correlation and casual relationship between education and income and the opportunity for greater income. Simply put, jobs that require no education will rarely pay as much as jobs that require a high school diploma, and those jobs that will rarely pay as much as jobs that require a college degree, and those jobs will rarely pay as much as jobs that require a PHD. You can still suceed with little education if you try hard at what you do and do good at it. But a good education almost guarantees financial success.</body>
    </post>
    <post id="SD_345_14911674" ref="SD_345_14911635">
      <post_score>5</post_score>
      <post_moderation>Insightful</post_moderation>
      <user id="SD_905468">boldtbanan</user>
      <date>1142272860</date>
      <body>Not quite. More like an industry that wants to avoid being crippled by government regulation. Don't think that this group will be anything other than a mouthpiece for a few large game companies. Sometimes that will mesh with what gamers want, sometimes it wont.</body>
    </post>
    <post id="SD_345_14912706">
      <post_score>-1</post_score>
      <user id="SD_606679">Marthisdil</user>
      <date>1142283180</date>
      <body>...and I see no place for games like GTA....violent video games where you're killing non-"real" (or real-like) stuff is one thing...when you're goin around stealing cars, offin' people, and other crap, it's just stupid.</body>
    </post>
    <post id="SD_345_14914230" ref="SD_345_14912679">
      <post_score>0</post_score>
      <user>Anonymous Coward</user>
      <date>1142307780</date>
      <body>I, for one, welcome our buxom, beautiful, killing-machine president. I'd like to remind her that as a desperate Slashdot nerd, I will gladly toil wherever is required so long as you occasionally take your top off or blow up an alien.</body>
    </post>
    <post id="SD_345_14912140" ref="SD_345_14911855">
      <post_score>1</post_score>
      <user id="SD_890890">Sunburnt</user>
      <date>1142276880</date>
      <body>"What about the overly broad interpretation of what constitutes commerce among the states and regulation thereof?"  What about the possibility that "overly broad" is a subjective measure?</body>
    </post>
    <post id="SD_345_14911876" ref="SD_345_14911715">
      <post_score>5</post_score>
      <post_moderation>Informative</post_moderation>
      <user id="SD_872397">LunaticTippy</user>
      <date>1142274420</date>
      <body>The difference being rape, murder, and theft all affect another person. Playing a game doesn't.  </body>
    </post>
    <post id="SD_345_14911635">
      <post_score>2</post_score>
      <post_moderation>Insightful</post_moderation>
      <user id="SD_887362">HoosierPeschke</user>
      <date>1142272560</date>
      <body>An industry that listens to and supports its customers?!?!? What'll they think of next?</body>
    </post>
    <post id="SD_345_14911627">
      <post_score>-1</post_score>
      <post_moderation>Troll</post_moderation>
      <user>Anonymous Coward</user>
      <date>1142272500</date>
      <body>Apple Bets Farm on Heterosexual Computing - GNAA Members Offended Apple Bets Farm on Heterosexual Computing - GNAA Members Offended San Francisco, Ca - Mikhail Borovskiy (GNAP) - Moments after the announcement made by Steve Jobs that Apple would be changing the Macintosh computing platform from a PowerPC based CPU architecture to an Intel Pentium based architecture, GNAA executives jesuitx and timecop were visibly shaken. The announcement confirmed rumors started four days prior when C-Net News reported that this change would be taking place. As C-Net News was the first technical news source to report this story, most people assumed the truth would be somewhere near the polar opposite of their findings. "Guys what is going on? It seems Apple is trying to market towards 'Straighties'! That's never going to work! Fuck Apple, Apple is dead to me, Apple hit WTC!" said jesuitx upon hearing the news. He was later seen backstage speaking with Apple's Vice-President of Marketing, Phil Schiller, quoted as saying "Phil, baby, this is massively fucked up. As a typical Macintosh user [rr.com], and as a fellow Vice-President of Marketing [Gay Nigger Association of America], I can tell you there's no amount of spin you could put on this that will save you from losing support from the homosexual installed base [all Macintosh users] that has kept Apple Computer alive for so many years!" timecop, founder and President of GNAA, is expected to renounce Apple and order the immediate purchase of Chinese made IBM computers by its members, 87% of which are Macintosh users, at the July 8th Copperfield Conference to be held in Kyoto, Japan. At the last Copperfield conference, held in Nome, Alaska, timecop had praised Apple for their continuous support of the homosexual community. About Apple Until today, Apple Computer was the creator of the Macintosh, popularly known as the "gay computer". 87% of GNAA members were Mac users. Founded in 1974 by Steve Jobs and Steve Wozniak, Apple was nearly out of business in the mid 90's, when Jobs was rehired. He then started the now infamous iGay marketing scheme which involved both the Step 2 ???? Profit model, and a 100% effort towards marketing to homosexuals. Apple is nowadays run by fuckfaced retards.  About GNAA: GNAA (GAY NIGGER ASSOCIATION OF AMERICA) is the first organization which gathers GAY NIGGERS from all over America and abroad for one common goal - being GAY NIGGERS.  Are you GAY [klerck.org]? Are you a NIGGER [mugshots.org]? Are you a GAY NIGGER [gay-sex-access.com]?  If you answered "Yes" to all of the above questions, then GNAA (GAY NIGGER ASSOCIATION OF AMERICA) might be exactly what you've been looking for! Join GNAA (GAY NIGGER ASSOCIATION OF AMERICA) today, and enjoy all the benefits of being a full-time GNAA member. GNAA (GAY NIGGER ASSOCIATION OF AMERICA) is the fastest-growing GAY NIGGER community with THOUSANDS of members all over United States of America and the World! You, too, can be a part of GNAA if you join today!  Why not? It's quick and easy - only 3 simple steps!  First, you have to obtain a copy of GAYNIGGERS FROM OUTER SPACE THE MOVIE [imdb.com] and watch it. You can download the movie [idge.net] (~130mb) using BitTorrent. Second, you need to succeed in posting a GNAA First Post [wikipedia.org] on slashdot.org [slashdot.org], a popul    Read the rest of this comment...</body>
    </post>
    <post id="SD_345_14929298" ref="SD_345_14923142">
      <post_score>1</post_score>
      <user id="SD_960973">psyconius</user>
      <date>1142451720</date>
      <body>It wasn't really directed at you, but that's not the point. I am not confused. I realize that it is not federally regulated with theaters, it is with the ratings board. Who have commercial interests as well. My only point was that it is seemingly trivial. Why do gamers have to have a "voice" about this. They are not the ones being fined for anything....</body>
    </post>
    <post id="SD_345_14916514" ref="SD_345_14916178">
      <post_score>1</post_score>
      <user id="SD_778916">KDR_11k</user>
      <date>1142335680</date>
      <body>If someone can't produce work worth minimum wage he'd probably cost you more in overhead than wage, anyway.  Of course, those workers who do manage to maintain their employment will be able to demand a higher wage as a result of the restricted supply of employable workers  While the supply of workers may be limited by the minimum wage it is by no means so limited that you can't find someone deperate enough to remain at minimum wage, no matter what.  And how often do you see pay cuts because someone isn't producing enough for his wage?</body>
    </post>
    <post id="SD_345_14911855" ref="SD_345_14911819">
      <post_score>1</post_score>
      <user id="SD_727027">tepples</user>
      <date>1142274300</date>
      <body> Or, like, ALL of the amendments to the Constitution that guarantee personal liberty? What about the overly broad interpretation of what constitutes commerce among the states and regulation thereof?  </body>
    </post>
    <post id="SD_345_14914019" ref="SD_345_14912343">
      <post_score>0</post_score>
      <user>Anonymous Coward</user>
      <date>1142302980</date>
      <body>So... bad habits of thought? Stick to crimes in the real world, not thoughtcrimes, please. Otherwise we get McCarthyism and worse. Maybe some statistical proof will show that videogames cause additional crime (seems unlikely given their explosion in popularity and a declining crime rate*), but trying to control the state of people's minds is frankly offensive. Of course, if videogames cause verifable psychological damage that's a matter for psychiatrists to bring to the attention of the legislature. Even then it's probably not something which should be legislated against - alcohol, sweets, s and m, tv marathons, dangerous/violent sports... fucking yourself up for fun is part of our freedom. *actually, I suspect they do cause extra crime - I've warezed quite a few in my time and I suspect most young and poor gamers have done the same... but you can't really ban videogames to prevent crime against videogames. /. verification word: paranoia  </body>
    </post>
    <post id="SD_345_14922877" ref="SD_345_14921733">
      <post_score>1</post_score>
      <user id="SD_926466">ClamIAm</user>
      <date>1142400540</date>
      <body>I can't seem to get excited over something that won't effect me. Godwin tempts me.  </body>
    </post>
    <post id="SD_345_14913880" ref="SD_345_14911674">
      <post_score>3</post_score>
      <post_moderation>Insightful</post_moderation>
      <user id="SD_410832">Guppy06</user>
      <date>1142300460</date>
      <body>"Don't think that this group will be anything other than a mouthpiece for a few large game companies. Sometimes that will mesh with what gamers want, sometimes it wont."  So... American politics as usual?</body>
    </post>
    <post id="SD_345_14912053" ref="SD_345_14911774">
      <post_score>2</post_score>
      <post_moderation>Insightful</post_moderation>
      <user id="SD_952618">Wizardry Dragon</user>
      <date>1142275980</date>
      <body>Explain to me how checking a box on a piece of paper is A: coercion or B: being coerced.  ~ Wizardry Dragon</body>
    </post>
    <post id="SD_345_14912464" ref="SD_345_14912386">
      <post_score>1</post_score>
      <user id="SD_951552">mgabrys_sf</user>
      <date>1142280480</date>
      <body>re:" Just as the other examples, music, novels, movies. Its just that they dont affect people in an adverse way."  Right - people who read books would never start wars, decimate Europe's Jewish polulation, destroy the lives of millions.  Like the Bible did.  Nope videogames are far worse than books.  Then of course there's Movies &amp; TV - where a massive chunk of Los Angeles went up in flames just over 12 years ago because of some video tape of a man being "provided due rights" by the LAPD.  But videogames are far worse than TV.  And of course the plight of the dust bowl in the great depression was never given decent coverage because of all those puffery folk-songs that are otherwise wholly forgetable - like the national anthem.  But videogames are far more reaching than music.  But don't worry - China makes wonderful internet filters for you to get rid of all that pesky media that you don't like, and provides untold hurt on the general public. I'm sure the Christian soldiers are perfecting their servers this very minute.</body>
    </post>
    <post id="SD_345_14912909" ref="SD_345_14912444">
      <post_score>2</post_score>
      <user id="SD_96956">Infonaut</user>
      <date>1142285760</date>
      <body> I play videogames. I vote. That scares the hell out of me, too. I mean, what kind of bubble do you live in that makes video games the focal point of your political activity?  </body>
    </post>
    <post id="SD_345_14911667">
      <post_score>4</post_score>
      <post_moderation>Insightful</post_moderation>
      <user id="SD_163177">dada21</user>
      <date>1142272800</date>
      <body> This sounds like a good idea from the perspective of trying to protect the gamer's "rights" but in the end it will do nothing for the average gamer and everything for those who seek to control gamers. Lobbying groups and voting groups only have power as a minority unless they have the money to get real attention from Congress. This group won't raise anywhere near what is required to move Congress to act.  When Congress does act, it will always act in ways to make itself powerful. Laws that seem to help the masses really only help a select few, with the masses losing more of their rights. I'm a firm believer that the interstate commerce clause was written to give power to Congress to just keep the states in line in not usurping the rights of the people. Nowadays, most people think the clause gives Congress the power to do anything it wants to do.  If you really believe we're supposed to live freely, you have to leave the gaming market to the competitive market -- developers aren't going to make games that people don't want to play. If even 5% of the entire nation decides to buy a game, that's stil 15 million people. Yet 15 million people is a minority in voting -- if 95% of the nation is against a particular game, why should 15 million people be shut out?  I'm also anti-voting [blogspot.com] as I feel voting is what causes the minority decision to be criminalized. The best voting is voting done with your dollars -- each and every action you make to buy something or to refuse to buy something creates the rules of the market. These are rules that change every day as the buying decisions change to reflect what consumers want.  The end result will be more rights lost as the voting group gives up a little bit in order to gain a little bit. The problem is that no one gains anything when it comes to Congress, except for the preferred few. What you really think you're gaining is something you had a right to all along, until you decided to give up some of those rights in exchange for protecting some other rights that never really needed protecting. In the long run, the slippery slope rule says you'll lose all the rights as those in power taste more and more of that power.</body>
    </post>
    <post id="SD_345_14913010">
      <post_score>1</post_score>
      <user id="SD_960973">psyconius</user>
      <date>1142287140</date>
      <body>It finally dawned on me that everyone involved on either side is just being juvenile. I am a gamer. I play video games until my eyes bleed. I don't want anyone to have control over violence or sex in video games. I would just assume there not be any laws about any of this, however; I do see that if the laws that criminalize the sales of violent video games to minors are passed, and then some 12 year old goes and shoots up his school, then no one will be able to blame it on playing the video games this time.  What harm is it really to restrict the sales of the games to minors? If you are under 18, you won't be seeing an R rated movie, and that is just one viewing.  I don't think that playing violent video games negatively affects kids. I just think that gamers should take the high road and let them pass the laws and prove that parents are responsible for monitoring what their kids do. If they think their child is more likely to go insane if they play video games, they will not let them play video games.. And there is little chance that the child could go buy the game at a store behind their parents' backs. But when the child turns 18, it is his call :)  The second anyone tries to censor or restrict the content of the games themselves, I will be rioting with everyone. Right now we are just talking about the sale to minors.. Who probably just find torrents of the games anyways :)</body>
    </post>
    <post id="SD_345_14914034" ref="SD_345_14913988">
      <post_score>1</post_score>
      <user id="SD_909179">ELProphet</user>
      <date>1142303340</date>
      <body>*I was unable to find a link to the legislation itself, the best I could find was the Senate Press Release. If anyone has this, it would be great! Also, I have another complaint about the VGVN: I am not allowed to personalize my message when I click "Contact Senator". This is a gross problem with Grassroots organizations in this day and age. For those interested, here is my updated version of their letter: Dear [Elected Official], This was originally a from letter I have copied from Video Game Voters Network. It would not allow me to edit and personalize the letter; as I have several objections to the original letter, I am posting it here, with changes in CAPITALS. Thank you for your time (or at least the time your aid spends deleting this ;) I am writing to express my SUPPORT to the so-called "Family Entertainment Protection Act" (FEPA). WHILE this bill will do little to keep violent video games out of the hands of minors, it thrusts government into parenting, and moreover similar BUT NOT THE SAME proposals have been ruled unconstitutional by several Federal courts in the last few years. I am an avid video game player who has been playing for many years. I believe this bill WILL DO NOTHING to my choice of video games as game publishers would DIRECT ATTENTION TOWARDS making games for mature users like me, and retailers would shy away from selling them TO MINORS as they would fear prosecution under this legislation. As an adult who cares about protecting kids, I share in the spirit of the law, which is aimed at keeping inappropriate content out of the hands of minors, but I strongly AGREE with the approach of this bill. The average video game player is 30 years old, and according to the Federal Trade Commission's own statistics, parents are involved in the purchase and rental of games over 80 percent of the time. Therefore, the best way to keep adult-oriented video games away from minors is through the existing standardized industry game ratings, parental education, and continued voluntary retail enforcement of industry ratings. In addition to these efforts, all new video game consoles will come equipped with parental controls, so in due course parents will have total power, if they choose to use it, to control the games their kids play. (Funny, that is exactly what this bill does.) UNFORTUNATELY, FEPA unfairly targets video games for regulation while other media with violent and sexual content, such as movies, magazines, and books can and are legally sold to consumers of all ages, including minors. There is no law banning kids from buying or getting into R or NC-17 rated movies, or watching TV shows with adult content, and there is no reason to treat video games any differently. IF LEGISLATION SIMILAR TO OR AMMENDED TO THE "Family Entertainment Protection Act" WAS CREATED TARGETING MOVIES, MUSIC, ETC, I WOULD SUPPORT IT AS WELL. Please DO support the Family Entertainment Protection Act. It does MUCH to protect children from inappropriate content and MAY only stifle AN ALREADY UNcreative INDUSTRY and consumer choices in video game entertainment. I look forward to hearing your thoughts on this issue. Sincerely, David Souther 41 Valley Dr. Billings, MT 59101</body>
    </post>
    <post id="SD_345_14911868" ref="SD_345_14911672">
      <post_score>2</post_score>
      <user id="SD_805235">Spy der Mann</user>
      <date>1142274360</date>
      <body>most gamers are younger, young people don't vote  Speak for yourself. I'm a gamer since 1981, and I'm 30 now.</body>
    </post>
    <post id="SD_345_14912928" ref="SD_345_14912395">
      <post_score>2</post_score>
      <user id="SD_517245">Penguinoflight</user>
      <date>1142286000</date>
      <body>The sentence means that people who are against video games (as a form of artistic expression) are people who have not experienced video games (the term in general, like before). Some people claim they dont like flying on airplanes, many not because they have tried it, but simply because they have some predujice to trying it. These people are predujice because they find something which is not related to the actual experience to be offensive, or frightening.  The same deal goes with video games, and it's actually more obvious. Lets take Hilary Clinton as an example (she is outspokenly against video games). She has voiced her concerns for womens health (a term which I can't grasp fully, but which has a calm, harmless, potpuri like vibe). She does not excercise regularly. She does not seem the type who would enjoy a good old fashioned action movie like "The Patriot". Does this make her a bad person (I don't think so). What it does mean, is that she is someone who is more apt to write a speech, and collect political funds to get excited than she would be to stimulate her senses (audiovisually, or mechanically).  I think the essence of the sentence you criticized is that people who criticize video games are totally disconnected from the realm of interest that draws video game players. Some may not care to take a realistic impression, and others are completely incapable of gaining a realistic impression.</body>
    </post>
    <post id="SD_345_14911927" ref="SD_345_14911661">
      <post_score>0</post_score>
      <user>Anonymous Coward</user>
      <date>1142274840</date>
      <body>And apparently JT is the reason [wikipedia.org] why.</body>
    </post>
    <post id="SD_345_14929341" ref="SD_345_14914360">
      <post_score>1</post_score>
      <user id="SD_960973">psyconius</user>
      <date>1142452200</date>
      <body>Yes.. This is exactly the mentality that makes it get messy. It has nothing to do with free speech or the constitution. It has to do with minors getting to do things their parents don't want them to. I would love to see it all come crumbling down, but I know that will never fly. I just don't know why we all can't say "whatever" and go back to playing our violent, sex-filled games and watching our violent, sex-filled movies.</body>
    </post>
    <post id="SD_345_14912394" ref="SD_345_14912328">
      <post_score>0</post_score>
      <post_moderation>Offtopic</post_moderation>
      <user id="SD_890890">Sunburnt</user>
      <date>1142279580</date>
      <body>You're not kidding; in The Fountainhead, the first sexual encounter between the hero and the primary female character (who go on to have an affair) is a rape.</body>
    </post>
    <post id="SD_345_14914564" ref="SD_345_14911826">
      <post_score>2</post_score>
      <user id="SD_674572">rtb61</user>
      <date>1142315520</date>
      <body>Of course the most humorous thing to point out would be, that with out government there is no such thing as money. In a capitalist democracy, money is the tool by which control, suppression and coercion, are maintained and paid for.  </body>
    </post>
    <post id="SD_345_14915690" ref="SD_345_14912530">
      <post_score>2</post_score>
      <user id="SD_65886">MikeBabcock</user>
      <date>1142330700</date>
      <body>If the video game market were as young as you believe, the Gamecube would've sold better.  Much has been made recently of the fact that the average age of gamers is increasing as the 80's era gamers are hitting hitting their 30's.  These people can vote.</body>
    </post>
    <post id="SD_345_14911687">
      <post_score>4</post_score>
      <post_moderation>Interesting</post_moderation>
      <user id="SD_890890">Sunburnt</user>
      <date>1142272980</date>
      <body>I must say, I wonder how effective a lobbying movement of computer gamers will be against the coordinated efforts of family groups who want to ban "improper" video games. The family groups are more prone to vote, contribute, and be active in the political arena in general. I know there are exceptions, but I think Will Wright's just angling for some publicity for the cause...not a bad goal, but I hope nobody's hopes are raised too highly by this.</body>
    </post>
    <post id="SD_345_14921733" ref="SD_345_14912444">
      <post_score>1</post_score>
      <user id="SD_670014">Valarauk</user>
      <date>1142377260</date>
      <body>"I play videogames. I vote. I will tell my family, friends and co-workers about your attitudes" You do realize that the bill would make it illegal for retailers to sell Mature or Adults Only games to minors, and would impose fines and penalties on retailers who violate this policy? The rest of the bill has to do with lowering the standards for a game to be given a harsher ESRB rating. This effects kids (who usually can't or don't vote anyways) and corporations (who don't want to lose any of their target market due to worried parents, it's the same way with movie ratings. Directors are asked to edit stuff down to PG13 all the time). I understand why EA is trying to stop this but somehow I can't seem to get excited over something that won't effect me.  </body>
    </post>
    <post id="SD_345_14911753" ref="SD_345_14911667">
      <post_score>0</post_score>
      <user id="SD_952618">Wizardry Dragon</user>
      <date>1142273520</date>
      <body>Voting with your dollars, is still voting.  ~ Wizardry Dragon</body>
    </post>
    <post id="SD_345_14912322" ref="SD_345_14911667">
      <post_score>2</post_score>
      <user id="SD_50789">Profound</user>
      <date>1142278860</date>
      <body>>> I'm also anti-voting as I feel voting is what causes the minority decision to be criminalized. The best voting is voting done with your dollars --  So Bill Gates gets 100,000 times more votes than me?</body>
    </post>
    <post id="SD_345_14912346" ref="SD_345_14912053">
      <post_score>2</post_score>
      <user id="SD_773371">ObsessiveMathsFreak</user>
      <date>1142279100</date>
      <body>Explain to me how checking a box on a piece of paper is A: coercion or B: being coerced.  Because it leads to laws and regulations, and, horror of horrors, taxes ....</body>
    </post>
    <post id="SD_345_14914045" ref="SD_345_14914034">
      <post_score>1</post_score>
      <user id="SD_909179">ELProphet</user>
      <date>1142303520</date>
      <body>Sorry about that. (Puts on karma jacket):(  *I was unable to find a link to the legislation itself, the best I could find was the Senate Press Release. If anyone has this, it would be great!  Also, I have another complaint about the VGVN: I am not allowed to personalize my message when I click "Contact Senator". This is a gross problem with Grassroots organizations in this day and age. For those interested, here is my updated version of their letter:  Dear [Elected Official]:  This was originally a from letter I have copied from Video Game Voters Network. It would not allow me to edit and personalize the letter; as I have several objections to the original letter, I am posting it here, with changes in CAPITALS. Thank you for your time (or at least the time your aid spends deleting this ;)  I am writing to express my SUPPORT to the so-called "Family Entertainment Protection Act" (FEPA). WHILE this bill will do little to keep violent video games out of the hands of minors, it thrusts government into parenting, and moreover similar BUT NOT THE SAME proposals have been ruled unconstitutional by several Federal courts in the last few years.  I am an avid video game player who has been playing for many years. I believe this bill WILL DO NOTHING to my choice of video games as game publishers would DIRECT ATTENTION TOWARDS making games for mature users like me, and retailers would shy away from selling them TO MINORS as they would fear prosecution under this legislation. As an adult who cares about protecting kids, I share in the spirit of the law, which is aimed at keeping inappropriate content out of the hands of minors, but I strongly AGREE with the approach of this bill.  The average video game player is 30 years old, and according to the Federal Trade Commission's own statistics, parents are involved in the purchase and rental of games over 80 percent of the time. Therefore, the best way to keep adult-oriented video games away from minors is through the existing standardized industry game ratings, parental education, and continued voluntary retail enforcement of industry ratings. In addition to these efforts, all new video game consoles will come equipped with parental controls, so in due course parents will have total power, if they choose to use it, to control the games their kids play. (Funny, that is exactly what this bill does.)  UNFORTUNATELY, FEPA unfairly targets video games for regulation while other media with violent and sexual content, such as movies, magazines, and books can and are legally sold to consumers of all ages, including minors. There is no law banning kids from buying or getting into R or NC-17 rated movies, or watching TV shows with adult content, and there is no reason to treat video games any differently. IF LEGISLATION SIMILAR TO OR AMMENDED TO THE "Family Entertainment Protection Act" WAS CREATED TARGETING MOVIES, MUSIC, ETC, I WOULD SUPPORT IT AS WELL.  Please DO support the Family Entertainment Protection Act. It does MUCH to protect children from inappropriate content and MAY only stifle AN ALREADY UNcreative INDUSTRY and consumer choices in video game entertainment. I look forward to hearing your thoughts on this issue.  Sincerely,  David Souther 41 Valley Dr. Billings, MT 59101</body>
    </post>
    <post id="SD_345_14912982" ref="SD_345_14912140">
      <post_score>2</post_score>
      <user id="SD_727027">tepples</user>
      <date>1142286840</date>
      <body> What about the possibility that "overly broad" is a subjective measure? True, but what percentage of Slashdot users do you expect would agree with the opinion of the Court in Gonzales v. Raich [wikipedia.org]?  </body>
    </post>
    <post id="SD_345_14911889" ref="SD_345_14911667">
      <post_score>2</post_score>
      <user id="SD_762000">TheAxeMaster</user>
      <date>1142274540</date>
      <body>That we need to get away from. Anti-voting just means giving the ignorant the power to vote in people who act in their own best interests while you sit on your hands and say it wasn't your fault.   The second you decide that your vote doesn't count or your voice doesn't get heard is the second it doesn't count or get heard. You can either sit there and take it, or get up and do something about it. Apparently some people want to get up and do something about it. We need more of those people.</body>
    </post>
    <post id="SD_345_14915191" ref="SD_345_14914360">
      <post_score>2</post_score>
      <user id="SD_464142">Dunbal</user>
      <date>1142326680</date>
      <body>I think I'm going to build a web site that just says "FILM RATINGS ARE NOT LAW" in huge, blinking letters        Good luck. See the little sign at the movie theatre that says "Management reserves the right to refuse admission."?</body>
    </post>
    <post id="SD_345_14916378" ref="SD_345_14911665">
      <post_score>2</post_score>
      <user id="SD_568297">meringuoid</user>
      <date>1142335020</date>
      <body>Wokka Wokka Wokka Wokka That, I think, was Fozzie Bear. Pac-Man said 'Wacca Wacca Wacca Wacca'. Surely it's not THAT hard to get the icons of the early eighties straight?  </body>
    </post>
    <post id="SD_345_14914582" ref="SD_345_14914019">
      <post_score>1</post_score>
      <user id="SD_763576">Jedi_Knyghte</user>
      <date>1142316120</date>
      <body>So... bad habits of thought? Stick to crimes in the real world, not thoughtcrimes, please. I'm not dealing with "thoughtcrimes". Thoughts lead to actions.  </body>
    </post>
    <post id="SD_345_14912116" ref="SD_345_14911911">
      <post_score>5</post_score>
      <post_moderation>Insightful</post_moderation>
      <user id="SD_890890">Sunburnt</user>
      <date>1142276640</date>
      <body>"Education has nothing to do with income -- I barely graduated high school and I do fairly well considering most people in my fields have MBAs or Master's Degrees and I never attended college."  Congratulations on having a personal experience outside the norm, but not everyone is so fortunate...in fact, most are not. Claiming that education has nothing to do with income is like claiming that starvation has nothing to do with poverty...it sounds and feels good, but has nothing to do with actual data examining life earnings correlated with educational attainment.  "Employment "rights" have been slowly destroyed by the law, not made better. Minimum wage laws have made it very hard for the young, the uneducated and the minorities to find entry level work that teaches them responsible work ethics as well as a trade. "  Are you honestly trying to say that workers had more access to a safe work environment and non-discriminatory hiring practices in the era before the government enacted regulation enforcing such things? Where exactly was this happening?  "The Americans with Disability Act has made it much harder for the disabled to get jobs, and it has made it much harder on employers to even interview someone with a disability."  Ah yes, I recall that prior to its passage, employers were falling over themselves to hire former mental health patients, the wheelchair-bound, and deaf folks until the nasty government made them stop. Oh wait; actually, the complete opposite happened.  "Business licensing and regulations have made it difficult for the common man to start a business -- just trying opening a restaurant or a small retail store today. In the past you could open either with very little income compared to what you need to pay today just to get an occupancy permit."  I'm sure that the prevailing economic conditions in the modern market, which require massive amounts of initial capital investment to set up a business that can keep costs low enough to price out smaller competitors, has nothing to do with this.  "Housing prices have been put out of reach of millions by government currency inflation (which is the sole cause of housing and consumer price increases in the past 20-30 years). "  This is either a hilarious interpretation of the data, or an unfounded assumption, seeing as homeownership has continued to rise steadily through the latter half of the 20th century. Perhaps the rise in housing costs is the result of a middle class demanding larger and better-equipped homes, thus insuring that there is less profit incentive to create low-income housing. In fact, this would jibe with the fact that the rising cost of new homes is largely a factor of building styles and rising material costs.  "On top of this, the housing and rental market is made more expensive by ridiculous property tax increases which make it near impossible for the poor, elderly and uneducated to live near opportunities to make good money."  Because if there's one thing keeping the poor, uneducated, and elderly from making money it's property taxes. Lack of access to education has nothing to do with it, so we should slash property taxes in order to defund education, because that'll really help all those poor and uneducated. Oh, and BTW, since when are the elderly supposed to be "making money?" I always thought that went against the concept of "retirement."  "Medicine was available to almost every poor person until the HMO Act of 1974, which created a trap for those without insurance. "  OK, now you're just talking out of your ass.  "Up until the early 70s doctors made housecalls and charged very little"  And provided nowhere near the level of healing ability as a modern doctor, and certainly did not provide this service to everyone.  "once insurance was nearly mandated by government (either as a required benefit or used to circumvent tax laws for employers), the price of medicine skyrocketed.  Read the rest of this comment...</body>
    </post>
    <post id="SD_345_14914738" ref="SD_345_14911687">
      <post_score>1</post_score>
      <user id="SD_884641">MeanderingMind</user>
      <date>1142319720</date>
      <body>I think the whole point of this is to change the fact that gamers are less prone to vote, contribute, and be active in the political arena in general.</body>
    </post>
    <post id="SD_345_14913959" ref="SD_345_14911819">
      <post_score>3</post_score>
      <post_moderation>Informative</post_moderation>
      <user id="SD_410832">Guppy06</user>
      <date>1142301840</date>
      <body>"I cite numbers 13, 14, 15 and 19 as personal favorites, but it applies to all of them. They ALL start in Congress, dude."  No, the first three started in Fort Sumter (and would not have been ratified without armed occupation), and the last one started in the states (by the time Congress did it's "me too!" amendment proposal, you could count the number of states that did not grant women sufferage on one hand, if that).  Of course, voting is one thing, ballot access is something completely different: all suffrage in the United States means is getting to participate in the Hobson's choice of rich white male Republican vs. rich white male Democrat.  If anything, the examples you cite do little more than show the almost complete ineptitude of the federal legislature to do the right thing. They require somebody else to lead by example, and then, maybe a decade or three later, they'll follow suit. And in the meantime (and often afterwards, such as with the 13th, 14th and 15th Amendments you cited) they're more often than not an obstacle rather than a facilitator.</body>
    </post>
    <post id="SD_345_14911754" ref="SD_345_14911672">
      <post_score>0</post_score>
      <user>Anonymous Coward</user>
      <date>1142273520</date>
      <body>Sounds like some sort of desperate liberal attempt at increasing their voter base. It will fail. Odd. I think it sounds like some sort of desperate conservative attempt at increasing their voter base. It will fail.  </body>
    </post>
    <post id="SD_345_14913364" ref="SD_345_14912116">
      <post_score>0</post_score>
      <user>Anonymous Coward</user>
      <date>1142291640</date>
      <body>Your red herrings, and the original poster's overgeneralisations notwithstanding, the original poster touched very clearly on some important points, most notable of which is the poisonous effect of overregulation on business. Well, I hear you cry, if that is so, please demonstrate a test case.  Here goes.  The Republic of South Africa suffers from many problems; HIV infection and rampant crime are only two. However, much harsher problems face would-be entrepreneurs there, of whom I've known a couple, and by contrast with which I'm familiar with the United States of America's position as well.  The RSA needs money, and more specifically wealth generation. Why? Because there aren't enough businesses and bourgeoisie paying tax for them to support all those wonderful social moves which apparently make your world go round. A-hah, you might think to yourself, they can barely keep their roads paved, their bureaucracy must be a cinch to deal with. And in principle, given what the government there coyly refers to as the informal economy (such as fruit vendors by roadsides, buskers and the like) would help keep a number of people wealthy and productive. This mostly keeps them at or near the subsistence level.  But the formal economy? There must be hundreds, nay, thousands of willing hands ready to drive the country into the new millenium! Why yes. Yes, there are. As I said above, I know some of them. Intelligent, well-educated, creative, hard-working driven people. To paraphrase (and translate), they have described the bureaucratic load as simply draconian. To actually employ other human beings, and pay them genuine money for their services, leads to a nightmarish accumulation of paperwork. Insurance regulations, discrimination regulations, tax regulations, you name it.  Good for the workers! That's right! Keep the capitalist pigs where they should be, feeding the common man!  Except that it doesn't work that way. Businesses have a terrible time growing in the RSA simply because doing business is so terribly onerous. Employable people remain unemployed because it's actually easier to outsource or work longer hours than to employ them, especially at low but sustainable wages because the wages amount to less than half of the actual financial burden of employing them.  Yes, you read that right. The decision to employ someone results in costs as if, absenting those costs, one paid one's employees vastly, magnificently more than their initial wages.  Good for the population? No. It's a sickening disease which chokes the economy. One person I knew of threw up his hands and left to do other things elsewhere. Another tried, failed, and left to do other things elsewhere. A third is struggling against the tide and really going nowhere fast. Not, I hasten to add, for a lack of effort.  So you want proof of why all those lovely high-minded regulations aren't a good idea? There you are. If you feel up to it, research online under the government's webpages on employment. You may be pleasantly surprised to see how passionately they care about the worker.  Just, while you do so, spare a thought for the would-be workers. Too bad they're not doing so well.</body>
    </post>
    <post id="SD_345_14912328" ref="SD_345_14911974">
      <post_score>1</post_score>
      <post_moderation>Offtopic</post_moderation>
      <user id="SD_153816">drinkypoo</user>
      <date>1142278920</date>
      <body>She could have used a good lay, too. Her primary female character (in that book) was like, just bursting to give it up to some rugged capitalist.</body>
    </post>
    <post id="SD_345_14911732" ref="SD_345_14911715">
      <post_score>2</post_score>
      <user id="SD_809189">RsG</user>
      <date>1142273400</date>
      <body>Jack Thompson, I presume?</body>
    </post>
    <post id="SD_345_14913461" ref="SD_345_14913010">
      <post_score>0</post_score>
      <user>Anonymous Coward</user>
      <date>1142293080</date>
      <body>"just as soon". One can not estimate how moronic it sounds when you get that kind of shit wrong.</body>
    </post>
    <post id="SD_345_14912133" ref="SD_345_14911974">
      <post_score>1</post_score>
      <user id="SD_890890">Sunburnt</user>
      <date>1142276760</date>
      <body>"I like the story but her narrative style is tiresome and overlong. " I like the story but her narrative style is tiresome and overlong. Are you saying there's something clumsy in having a character deliver a 75-page long radio address that specifically outlines key points of Objectivism? You don't think that people everywhere would be dying to tune in?</body>
    </post>
    <post id="SD_345_14912415" ref="SD_345_14912346">
      <post_score>1</post_score>
      <user id="SD_952618">Wizardry Dragon</user>
      <date>1142279940</date>
      <body>The act of voting in and of itself leads to neither.  ~ Wizardry Dragon</body>
    </post>
    <post id="SD_345_14914402" ref="SD_345_14912395">
      <post_score>1</post_score>
      <user id="SD_253362">bm_luethke</user>
      <date>1142311740</date>
      <body>The statement is that most of the people who want to regulate/ban video games are not educated enough to make that decision. Not that those who don't play them don't like them.  There are many areas where this happens. The anti-technology crowd, the anti-gun crowd, and many others. Some are well read, but raed bad information. For example from the recent Cheney thing it was amusing hearing them talk of bird hunting with buckshot from a rifle and that should be illegal and this was a wakeup call (granted there wasn't much talk outside of the normal anti-gun people). Sure, lets make that illegal, but there isn't a rifle on the planet that shoots buckshot and you bird hunt with birdshot (if it had been buckshot they guy would have had never known what hit him). Many of those same people actually did *extensive* research but only from places that were also wrong (lots of garbage in doesn't suddenly make it not garbage out). It's not hard to find luddits who hate technology for reasons that do not exist and are extensivly researched in the same way.  Typically most of the anti-gameing crowd are so ignorant on gaming that if they have a opinion that could be supported by fact it's purely luck, even some that have raed reams of papers on the issue. That was the point of the original poster.</body>
    </post>
    <post id="SD_345_14917029" ref="SD_345_14914072">
      <post_score>2</post_score>
      <user id="SD_640033">C10H14N2</user>
      <date>1142338500</date>
      <body>You either like something or you're terrified of it? Man, restaurants must be traumatic.</body>
    </post>
    <post id="SD_345_14912981" ref="SD_345_14911621">
      <post_score>0</post_score>
      <user>Anonymous Coward</user>
      <date>1142286780</date>
      <body>Is this really giving gamers a voice anyway? The ESA is basically the RIAA or MPAA of the video game business. They are not your friends.</body>
    </post>
    <post id="SD_345_14912444" ref="SD_345_14911667">
      <post_score>1</post_score>
      <user id="SD_926466">ClamIAm</user>
      <date>1142280240</date>
      <body>When several hundred gamers of a particular constituency send a letter to their anti-gaming representative, the tone will change. Something along the lines of "I play videogames. I vote. I will tell my family, friends and co-workers about your attitudes" scares the hell out of the elected.</body>
    </post>
    <post id="SD_345_14916178" ref="SD_345_14914600">
      <post_score>2</post_score>
      <user id="SD_536341">JesseMcDonald</user>
      <date>1142333820</date>
      <body>The natural result of minimum-wage laws is inevitably unemployment. A worker cannot receive more in wages than that same worker produces for the employer. If the minimum wage exceeds the worker's DMVP (discounted marginal value product, or "productivity"), then that worker will remain unemployed as a direct result of the minimum wage. Furthermore, the real minimum wage -- the total cost to the employer -- is much higher than the "official" minimum (50% higher at least) due to payroll taxes, mandantory employment benefits, and overhead. Of course, those workers who do manage to maintain their employment will be able to demand a higher wage as a result of the restricted supply of employable workers, but their gains will not exceed the detrimental effects of the artificial unemployment.  For a more thorough discussion of the economic effects of price controls (including minimum wage laws), see this analysis [mises.org] by Murray N. Rothbard.</body>
    </post>
    <post id="SD_345_14915539" ref="SD_345_14911665">
      <post_score>1</post_score>
      <user id="SD_945601">kkiller</user>
      <date>1142329500</date>
      <body>But seriously, Super Mario has already spoken out about the inhumane act of placing randomly swinging blades [theonion.com] in videogames.</body>
    </post>
    <post id="SD_345_14913998" ref="SD_345_14912909">
      <post_score>2</post_score>
      <user id="SD_6963">hansreiser</user>
      <date>1142302560</date>
      <body>Just once lose custody of your kids because your wife claimed traumatic stress disorder due to violent computer games, and lesbian feminists performed the custody evaluations (no, not an exaggeration or a joke, we are talking about Alameda County), and it will become the focal point of your political activity.  This stuff really happens. Do not underestimate how much lesbian feminists who lack the brains for scientific thought hate geeks and enjoy power tripping over them. The top psychologists went into their field because it was harder than CS, and they wanted the challenge. The remaining 90+% went into it because it is filled with paying customers who cannot tell that they have no ability to think, who can only tell that they use big words and sound authoritative. The 90% are the ones who form the social networks that control our courts.  You are a geek. They see their reflection in your eyes, and they hate you for what their reflection looks like.  Do not forget how much geeks are hated. Organize, and fight back, or be prey for these social predators.</body>
    </post>
    <post id="SD_345_14913119">
      <post_score>1</post_score>
      <user id="SD_310028">fnurb</user>
      <date>1142288760</date>
      <body>It is a front created by the video game industry equivalent of the RIAA.  The Video Game Voters Network is a project sponsored by the Entertainment Software Association, a trade group representing America's video game publishers.  They don't have gameplayers' interests at heart, they have their DRM-locked wallets at heart.</body>
    </post>
    <post id="SD_345_14911714" ref="SD_345_14911667">
      <post_score>1</post_score>
      <post_moderation>Troll</post_moderation>
      <user id="SD_890890">Sunburnt</user>
      <date>1142273160</date>
      <body>Lol...I thought this was a serious attempt to defend libertarian fluff thinking until I read the last line:  "In the long run, the slippery slope rule says you'll lose all the rights as those in power taste more and more of that power."  The slippery slope "rule?" The term "slippery slope" refers to a class of logical fallacy, not a "rule."</body>
    </post>
    <post id="SD_345_14912018" ref="SD_345_14911667">
      <post_score>2</post_score>
      <user id="SD_778472">aussie_a</user>
      <date>1142275620</date>
      <body>Lobbying groups and voting groups only have power as a minority unless they have the money to get real attention from Congress. This group won't raise anywhere near what is required to move Congress to act.  But haven't you heard? Minorities are ruling America. I saw it on Fox news so it must be true!</body>
    </post>
    <post id="SD_345_14913988" ref="SD_345_14911621">
      <post_score>2</post_score>
      <user id="SD_909179">ELProphet</user>
      <date>1142302380</date>
      <body> I am aged 18, and this post will contain exactly 1 (one) instance of the word "lol"-there. First, I cannot give support to a group who makes a claim against legislation without quoting the legislation; in this day and age, they should link directly to the bill, or at least the press release. I have this same issue with the NRA, MoveOn, Michael Moore, and just about every other "grassroots" organization. That aside, the main point of the Video Game Voters Network as it stands appears to be the defeat of The Family Entertainment Protection Act [senate.gov]* (Wiki) [wikipedia.org], whose main purpose is Government enforcment of ESRB ratings. I, for one, support (mostly) the ESRB ratings, and do not believe that 12-year-olds should have access to Grand Theft Auto: San Andreas. And yes, I have seen 12-year-olds purchase GTA at my local Gamestop (pre-Hot Coffee). I informed the manager that I would never again purchase a game at their store, left, and have never again set foot in any Gamestop. The problem with the Gaming industry isn't the fear of Government regulation or "oppresive" laws, which don't even punish the developers or gamers, but retailers, and Clinton et al aren't out for the total abolishment of The World As We Know It(tm), but rather out to protect the children of their constituencies. Thus, the Video Game Voters Network shouldn't be out to oppose this legislation, but instead, should be organizing boycotts of EA for re-releasing every Sports games with questionably "better" graphics and AI, much less their employer-practices.  </body>
    </post>
    <post id="SD_345_14911684" ref="SD_345_14911621">
      <post_score>4</post_score>
      <post_moderation>Funny</post_moderation>
      <user id="SD_218170">ackthpt</user>
      <date>1142272980</date>
      <body>Is giving gamers such a voice really a wise idea? They'll only use it to say "lol" and "i pwned you bitch haha". And people laughed and cried about ebonics. Wait for this stuff to appear in the Congressional Record. yo, aide, i need do some research, whip on down to the LoC and pick up a copy of "i pwn3d u b33y0tch"  </body>
    </post>
    <post id="SD_345_14912222" ref="SD_345_14911714">
      <post_score>0</post_score>
      <user>Anonymous Coward</user>
      <date>1142277540</date>
      <body>Here's a rule : Anyone who says "Lol" in a post, is a moron.</body>
    </post>
    <post id="SD_345_14913960">
      <post_score>1</post_score>
      <user id="SD_907329">omeg</user>
      <date>1142301840</date>
      <body>I cannot join. I need to enter a valid US zip code and state. I don't live in the United States. Are they expecting me to fill in arbitrary numbers if this is the case? What a worthless system.</body>
    </post>
    <post id="SD_345_14914346" ref="SD_345_14912394">
      <post_score>1</post_score>
      <user id="SD_19535">Tiro</user>
      <date>1142310540</date>
      <body>nice user number, and I liked one of your other posts today, so I'm adding you as a friend.</body>
    </post>
    <post id="SD_345_14913062">
      <post_score>1</post_score>
      <user id="SD_934101">Creepyguywithastick</user>
      <date>1142287920</date>
      <body>Wouldn't it make more sense to attach "gamer's rights" to a larger pre-existing civil rights lobby? Even though lots of people are gamers, I can't imagine any of them care passionately enough to even take notice of this or give it any political power.</body>
    </post>
    <post id="SD_345_14913541" ref="SD_345_14913461">
      <post_score>1</post_score>
      <user id="SD_960973">psyconius</user>
      <date>1142294280</date>
      <body>I stared blankly at my post after reading this reply trying to see if I had made any errors. I also read the post a few times before hitting submit so I could make sure that my brain was flowing to text properly. I think everything is in order... so all I have to ask is... "huh?"</body>
    </post>
    <post id="SD_345_14915566" ref="SD_345_14915315">
      <post_score>1</post_score>
      <user id="SD_763576">Jedi_Knyghte</user>
      <date>1142329680</date>
      <body>I am not proposing a one-to-one correlation. I'm a gamer too, and I don't believe I'm a threat to society. Nor am I saying that all (or even most) video games can have destructive consequences. The argument I'm proposing is simple: Either nothing we experience affects us (surely nonsense) or the potential for good or bad effect is present in everything we do, and that it is therefore possible that ultra-violent gaming has a negative effect on people.  </body>
    </post>
    <post id="SD_345_14912292" ref="SD_345_14911911">
      <post_score>1</post_score>
      <user id="SD_906792">xtieburn</user>
      <date>1142278380</date>
      <body>I know people, hard workers, that have fallen on bad times.  They are on benefits. You think a company would pay that if it was ruling? Why bother? It would just lose them profits. Oh but I guess they can vote against them. Wait nooo because theyve no money to do that with. Are you seeing the gaping flaws here yet? There are plenty more.  This is of course ignoring the fact that your already in one of the most capitalist heavy countries in the world. If you dont think its working now why on Earth would you want more of the same? Oh and nice example with Europe by the way. I mean us Europeans are sure ruled by money. Its why those small companies you saw were probably government aided, and why we have some of the most stringent government controlled anti-competition and monopoly laws in the world, as well as government paid for health services... no wait...  You sir, are insane.</body>
    </post>
    <post id="SD_345_14912494" ref="SD_345_14912222">
      <post_score>2</post_score>
      <user id="SD_95676">PsiPsiStar</user>
      <date>1142280960</date>
      <body>... was a lovely example of 'ad hominem.'</body>
    </post>
    <post id="SD_345_14914935" ref="SD_345_14912494">
      <post_score>1</post_score>
      <user id="SD_890890">Sunburnt</user>
      <date>1142323680</date>
      <body>I am such an ill-tempered jackass; I didn't see the original troll post that you were actually responding to. My apologies.</body>
    </post>
    <post id="SD_345_14914577" ref="SD_345_14911684">
      <post_score>0</post_score>
      <user>Anonymous Coward</user>
      <date>1142316000</date>
      <body>Yeah, I can't wait for the Pwned Americans Take Reaming In Official Tyranny Act. :)</body>
    </post>
    <post id="SD_345_14912057" ref="SD_345_14911621">
      <post_score>3</post_score>
      <post_moderation>Insightful</post_moderation>
      <user id="SD_960843">chaoszen</user>
      <date>1142276040</date>
      <body>Gamers are already feeling the heat, look at the recent censorship attempts. It is an art form, and will become a form of expression and indulgence far beyond the current imagination of its users or creators. The oracle has spoken.</body>
    </post>
    <post id="SD_345_14915021" ref="SD_345_14913189">
      <post_score>1</post_score>
      <user id="SD_890890">Sunburnt</user>
      <date>1142324760</date>
      <body>Thank you very much, I appreciate that.</body>
    </post>
    <post id="SD_345_14912699" ref="SD_345_14912011">
      <post_score>3</post_score>
      <post_moderation>Interesting</post_moderation>
      <user id="SD_163177">dada21</user>
      <date>1142283060</date>
      <body>You run retail stores, which you apparently shut down to spite the IRS, despite claimed "record sales",  No, actually my retail stores were shut down by the local taxing agent over fouled paperwork filings. We had record sales for the industry at the retail level, and everyone at the taxing body was shocked that we were forced to close for 2 weeks as we were one of the top earners in our field, for the state. After that closure I lost faith in the ability to continue earning, and voluntarily left the retail market forever so I'd never have to charge sales tax again. All retail I'll do now will be e-commerce oriented, outside of my state.  a record studio  Which isn't opened yet and is is not really a business as it will run at a loss for me. The studio is a need of mine personally to advance my political goals through capitalism, not force, and I have received financing from private donators who also want to see it succeed. Of course, without it being open, I can't prove anything, and I'm having problems opening it due to licensing problems at the local level, so we're looking for other locations. Funny how government keeps me from proving that I don't need government.  IT  My IT business has been around since 1987 provably, coming directly from my BBS which hundreds if not thousands of users have memory of (as well as proof on the various BBS archives). The Melting Point was a favorite of Chicago BBS users for years, and it was directly the reason I entered the IT field and continue to do so today. Plus the fact that I'm quoted in various contracting magazines as an IT consultant (just Google my name for at least 2-3 quotes in various contracting magazines).  while all the time writing multiple books which no one else seems to have read or heard of,  One which was published under a nom de plume and which will be republished this year under my real name after being edited, and one which was a self-published book outside normal distribution which I am currently converting to a free e-book to be published in April. See my blog where I am re-developing it as a Q&amp;A book. Sadly, selling a few thousand copies over 10 years doesn't make one famous. Happily, those who own a copy or have read it have the knowledge the needed to add value to their lives.  multiple blogs and newsletters  Which are updated almost daily, not including the two print newsletters which are updated monthly.  and posting and engaging in numerous long running slashdot debates  Which I do 100% on-the-road in between projects. I am currently at a church right now working on a contract to do their signage and bulletins and checked my e-mail (and slashdot) before I close up the laptop and head home.  yet only making enough to have a rundown, I believe camary(sp?).  I previously drove a Land Rover and was a huge Subaru geek (had 3 Subarus at one time), yet I learned that I can't preach living a downsized life unless I did it myself. I actually love my Corolla (96 Toyota Corolla with 50,000 miles or so) as I save almost $2000 a month in gas and maintenance over my Land Rover Disco2. Do I miss my truck? Often. Am I happy that I was able to work $30,000 ($24,000+taxes) a year less and still have the same amount of income? Absolutely. I highly recommend to anyone who is trying to keep-up-with-the-Joneses.  As those who know me in person, I sold all my property and all my cars, moved into a nice trailer home and found myself with more time and a better standard of living before. In fact, it was specifically because I downsized my life that I am able to write, travel (at least once a month if not more) locally and internationally, and help others to find stability and peace in their lives without the need for forcing others to do things against their will.  You don't have to believe me, admire me, or even agree with my opinions. All I ask is that you contemplate your premises and look at what you consider a  Read the rest of this comment...</body>
    </post>
    <post id="SD_345_14920509" ref="SD_345_14916243">
      <post_score>1</post_score>
      <user id="SD_960973">psyconius</user>
      <date>1142362260</date>
      <body>Wow.... It is great to laugh at people who type like they are texting on cell phones, but give me a break. I like to think that forums and general internet chat can be classified as "business casual." I use proper grammar and punctuation almost exclusively, other than trailing periods and sentences that run on... I wouldn't pass a term paper, but you can read what I am typing without straining. I think a commonly overlooked phrase can be left alone. But then again, it is a great reflection on our nation to begin with. No one cares what is going on, as long as you keep a good clean image.</body>
    </post>
    <post id="SD_345_14914923" ref="SD_345_14912494">
      <post_score>1</post_score>
      <user id="SD_890890">Sunburnt</user>
      <date>1142323560</date>
      <body>Really? Let's review what I said:  "Lol...I thought this was a serious attempt to defend libertarian fluff thinking until I read the last line: "  "The slippery slope "rule?" The term "slippery slope" refers to a class of logical fallacy, not a "rule."  Let's see...nope, not once do I reference the poster to whom I was responding. I am derisive regarding libertarian ideas and the seriousness of the post, then I point out the error that inspired me to post. Not once do I criticize the poster for anything, nor do I care to; the poor quality of the post is enough to write about.  So, where exactly is the "ad hominem" attack?  </body>
    </post>
    <post id="SD_345_14913095" ref="SD_345_14913062">
      <post_score>1</post_score>
      <user id="SD_934101">Creepyguywithastick</user>
      <date>1142288400</date>
      <body>Should be "many" not "any" ... Big difference.</body>
    </post>
    <post id="SD_345_14912395">
      <post_score>3</post_score>
      <post_moderation>Insightful</post_moderation>
      <user id="SD_239139">dusik</user>
      <date>1142279640</date>
      <body>"Like most new forms of artistic expression that have come before (music, novels, movies), the primary critics of video games are the people that do not play them."  Aside from the we-all-know-what-they-mean, this is actually a bit ambiguous. If they mean critics of certain games, then gamers definitely count, so that can't be right. If they mean critics of games as a whole, then... wouldn't it go without saying that those who don't like it won't do it?</body>
    </post>
    <post id="SD_345_14915013" ref="SD_345_14912982">
      <post_score>1</post_score>
      <user id="SD_890890">Sunburnt</user>
      <date>1142324640</date>
      <body>Read your post wrong; I thought you asked how many /.ers would have a problem with Gonzales v. Raich. It's a terrible ruling, made more so by the blatant hypocrisy of the Court's conservative justices.</body>
    </post>
    <post id="SD_345_14911758" ref="SD_345_14911635">
      <post_score>2</post_score>
      <user id="SD_746043">Adriax</user>
      <date>1142273580</date>
      <body>What'll they think of next? Probably some way to run said industry into the ground, so as not to give the rest of the sheep any dangerous ideas.</body>
    </post>
    <post id="SD_345_14915631" ref="SD_345_14914045">
      <post_score>1</post_score>
      <user id="SD_914844">irablum</user>
      <date>1142330160</date>
      <body>so either you are being sarcastic or foolish. I'm thinking sarcastic. the problem is that sarcasm rarely works when you don't know the person involved. also, in situations where the recipient may only have time to skim the letter, the meaning is basically what he wants. So, your letter is seen as a letter of support.  Ira</body>
    </post>
    <post id="SD_345_14911621">
      <post_score>5</post_score>
      <post_moderation>Funny</post_moderation>
      <user id="SD_960365">Kittie Rose</user>
      <date>1142272500</date>
      <body>Is giving gamers such a voice really a wise idea? They'll only use it to say "lol" and "i pwned you bitch haha".</body>
    </post>
    <post id="SD_345_14923142" ref="SD_345_14920509">
      <post_score>2</post_score>
      <user id="SD_743369">Big_Al_B</user>
      <date>1142407980</date>
      <body>Wow, pardon me for being helpful. You expressed confusion over what the AC said, and I thought you may actually want to know what they were sniping at you about. Sorry. I thought my tone was nice and lighthearted.  By the way, you're the first person I ever recall screwing up that "commonly overlooked" idiom. First and only. In over three decades. You tell me, how common is that?  Now, if you want my opinion on the content of your original post and what's going on: I  think you're confused. I think you misunderstand the way movie ratings and theater age-limit policies work. Theaters are not bound by local, state, or federal statutes to forbid access to minors, they're under contract with movie distributors to follow the motion picture ratings board guidelines. So only contract law--which is quite different than criminal statutes--applies in that case.  As far as the whole debate raging about these laws, I think industry self-regulation should be the primary focus, and I think this is just the latest, "see--I"m doing something about something," election year issue for politicians...Enough said.  </body>
    </post>
    <post id="SD_345_14912079" ref="SD_345_14911911">
      <post_score>1</post_score>
      <user id="SD_952618">Wizardry Dragon</user>
      <date>1142276220</date>
      <body>So you do not use 'government' water, roads, bussing services, police forces, firefighting forces ... etc? I admire you then. Must be a real problem to avoid walking or driving on roads, drinking water, or breathing in EPA-regulated air.  A question: would you like a tinfoil hat? I hear it keeps the government from controlling you mind from that chip they put in it.  ~ Wizardry Dragon</body>
    </post>
    <post id="SD_345_14911847" ref="SD_345_14911667">
      <post_score>1</post_score>
      <user id="SD_885545">aqfire</user>
      <date>1142274240</date>
      <body>It would be much more effective if all gamers moved to one state. ;)</body>
    </post>
    <post id="SD_345_14911903" ref="SD_345_14911667">
      <post_score>2</post_score>
      <user id="SD_640033">C10H14N2</user>
      <date>1142274660</date>
      <body>As the government won't be going away anytime soon, not voting gives a competetive advantage to those who do. While you may disagree with everything about the government, it is strategically foolish not to use the tools you have available to affect how it behaves as a government that is serving you 1% to your liking is far better than one that is serving you 100% to your horror.</body>
    </post>
    <post id="SD_345_14912455">
      <post_score>0</post_score>
      <user>Anonymous Coward</user>
      <date>1142280300</date>
      <body>And I thought self proclaimed "hard core gamers" already took themselves too seriously... What's next? Is the 2040 presidential election going to feature the swiftboating of a Battlefield Vietnam vet?</body>
    </post>
    <post id="SD_345_14911976" ref="SD_345_14911644">
      <post_score>3</post_score>
      <post_moderation>Insightful</post_moderation>
      <user id="SD_778472">aussie_a</user>
      <date>1142275200</date>
      <body>Gamers need a voice the same way that homosexuals need one. After all, much like homosexuality, being a gamer is soon to become a disease [gamespot.com] for no reason other then political ones. Wouldn't YOU want a voice now, before you get labelled a sick person who better be locked up for his own good?</body>
    </post>
    <post id="SD_345_14913136" ref="SD_345_14912116">
      <post_score>1</post_score>
      <user id="SD_896737">Lithgon</user>
      <date>1142289060</date>
      <body>A perfect society is a society that isn't perfect.</body>
    </post>
    <post id="SD_345_14914244" ref="SD_345_14912909">
      <post_score>1</post_score>
      <user id="SD_681447">BungoMan85</user>
      <date>1142308200</date>
      <body>Video games are not the focal point of my views on politics. But a policians attitude towards video games gives deep insight into whether or not they believe we as citizens are capable of taking care of our own lives. And that is a very important issue with me.  I too play video games. And I too vote.</body>
    </post>
    <post id="SD_345_14912198" ref="SD_345_14912101">
      <post_score>2</post_score>
      <user id="SD_778472">aussie_a</user>
      <date>1142277360</date>
      <body>Yeah, sorry. I meant to write "much like homosexuality once was." I obviously left out that little bit ;) THanks for picking it up.</body>
    </post>
    <post id="SD_345_14914998" ref="SD_345_14912982">
      <post_score>1</post_score>
      <user id="SD_890890">Sunburnt</user>
      <date>1142324520</date>
      <body>I know I do. Yet I also wonder, how many would disagree with the Fair Housing Act and a plethora of civil rights laws, upheld as constitutional under a broad interpretation of the commerce clause? Some, I'm sure, but hardly a majority.</body>
    </post>
    <post id="SD_345_14911826" ref="SD_345_14911774">
      <post_score>2</post_score>
      <post_moderation>Insightful</post_moderation>
      <user id="SD_890890">Sunburnt</user>
      <date>1142274060</date>
      <body>Right, because the free market is never the cause of violence, censorship, or suppression of others' rights. And if it ever is, why, all the folks with money will voluntarily fix it by "voting with their dollars." After all, it's not like we've ever seen people with money act against the interests of those without.  Of course, I suppose those without money have no right to express their interest in society. If they want to, they can just go get some money, using the free and equal access that all Americans have to education, employment, housing, and medicine. In, you know, the fantasy world where the colluding interests of the moneyed powerful can be countered by the spending habits of the earning class.</body>
    </post>
    <post id="SD_345_14911911" ref="SD_345_14911826">
      <post_score>3</post_score>
      <post_moderation>Interesting</post_moderation>
      <user id="SD_163177">dada21</user>
      <date>1142274720</date>
      <body>Education has nothing to do with income -- I barely graduated high school and I do fairly well considering most people in my fields have MBAs or Master's Degrees and I never attended college.  Employment "rights" have been slowly destroyed by the law, not made better. Minimum wage laws have made it very hard for the young, the uneducated and the minorities to find entry level work that teaches them responsible work ethics as well as a trade. The Americans with Disability Act has made it much harder for the disabled to get jobs, and it has made it much harder on employers to even interview someone with a disability. Business licensing and regulations have made it difficult for the common man to start a business -- just trying opening a restaurant or a small retail store today. In the past you could open either with very little income compared to what you need to pay today just to get an occupancy permit.  Housing prices have been put out of reach of millions by government currency inflation (which is the sole cause of housing and consumer price increases in the past 20-30 years). On top of this, the housing and rental market is made more expensive by ridiculous property tax increases which make it near impossible for the poor, elderly and uneducated to live near opportunities to make good money.  Medicine was available to almost every poor person until the HMO Act of 1974, which created a trap for those without insurance. Up until the early 70s doctors made housecalls and charged very little -- once insurance was nearly mandated by government (either as a required benefit or used to circumvent tax laws for employers), the price of medicine skyrocketed. It is directly the fault of government that health care is outrageously expensive.  Government is to blame for each and every situation you laid out above. I just returned from a tour of Europe and Asia -- I visited some of the most impoverished areas. What did I see? People trying to make a living by entering the business market themselves. Sure, I saw a lot of low quality businesses, but they were backed up by a real drive and a desire to do well for themselves. In the U.S., the average person has to get a 9-5 job because doing anything else requires too much money to overcome the costs government has enacted and enforced and continues to increase.</body>
    </post>
    <post id="SD_345_14912425" ref="SD_345_14911667">
      <post_score>0</post_score>
      <user>Anonymous Coward</user>
      <date>1142280000</date>
      <body>So on the one hand, Congress works to help the select few, which is bad. On the other hand, minorities' rights are ignored, which is bad.  "In the long run, the slippery slope rule says you'll lose all the rights as those in power taste more and more of that power." So vote them out of office. Oh wait, you're against voting.</body>
    </post>
    <post id="SD_345_14911970" ref="SD_345_14911889">
      <post_score>3</post_score>
      <post_moderation>Interesting</post_moderation>
      <user id="SD_163177">dada21</user>
      <date>1142275140</date>
      <body>Voting can't and will never work again in the country. Unconstitutional violations of our freedom of speech (such as the McCain-Feingold incumbent reelection reform law) keep authoritarians in power and prevent the ability of anyone outside of the authoritarian parties from having a chance. Even if a "libertarian" got elected, the taste of power would quickly destroy any freedom desires they'd have.  That's the reality -- Congress and the Federal government have gone out of control. The framers intended the federal government to be very tiny -- so tiny they could do their job in weeks instead of all year long. The intent of the Constitution is to keep big laws like this one in the hands of the individual states and even just in the hands of the people. By keeping the biggest laws at the state level, people like me could vote with our feet -- the ultimate vote of freedom.  Sure, you can say "just move if you don't like it" but the idea is we're supposed to be free in this country, and 95% of slashdot readers don't want that -- they want an all powerful federal government instead of an all powerful state government that competes with an all-freedom-loving state government. The socialists can live in one state, the fascists in another, the Christians in a third, the green-lovers in a fourth -- the idea of the Republic was to give people the ability to congregate with others like themselves instead of trying to force the entire nation to be exactly the same.  Voting is worthless as the power of the Fed is too big, too strong, and too tempting.</body>
    </post>
    <post id="SD_345_14912448">
      <post_score>2</post_score>
      <user id="SD_199974">PinchDuck</user>
      <date>1142280240</date>
      <body>Reminds me of all the college kids that were going to vote for Kerry and kick Bush out of office. How many voted? Less then 20%? That's pathetic, even by US standards. I suspect that most gamers are politically apathetic, so I doubt that many candidates will be intimidated by, or court, the Gamer vote.  Though It will be cool to see the first candidate to make an appearance in WOW. Any guess as to who it might be?</body>
    </post>
    <post id="SD_345_14913189" ref="SD_345_14912116">
      <post_score>3</post_score>
      <post_moderation>Interesting</post_moderation>
      <user id="SD_192208">max99ted</user>
      <date>1142289540</date>
      <body>I burned my mod points here just to reply that your response was excellent.</body>
    </post>
    <post id="SD_345_14912513">
      <post_score>2</post_score>
      <user id="SD_95088">Tablizer</user>
      <date>1142281260</date>
      <body>The H-1B (tech visa worker) issue has tought me that if you don't protect yourself politically, then you will be bowled over by those with deep pockets or lots of lobbyists.  Religious fanatics will stop porn and allegedly violent games, and big biz has the power to flood the US market with cheap labor by greasing congress. This is just the way it works: special interest A will clobber special interest B if B does nothing because general voters don't care enough either way about the issues that matter to A and B. In other words, the influence of general voters on issues important to only a few is much less than the potential political power (lobbying, campaign donations, etc.) of those who care about specific issues. Voters vote for politicians, not each of the 10,000 or so issues that go with him/her.         </body>
    </post>
    <post id="SD_345_14912343" ref="SD_345_14911876">
      <post_score>1</post_score>
      <user id="SD_763576">Jedi_Knyghte</user>
      <date>1142279100</date>
      <body>The difference being rape, murder, and theft all affect another person. Playing a game doesn't. Not directly, no. But what you do affects the person you become. It's funny how people endorse that idea when it squares with what they want to believe ("Using Linux will make you a better person" [to pick an outlandish example) but not when it goes against a conclusion they'd like to hold. But unless we want to believe that all things have only positive effects (and scanning headlines should take care of that belief in a hurry), then it is possible that video gaming could create bad habits of thought. Please note that I'm not saying they do, and I'm aware of the dueling studies on the point. I'm saying that there's a possibility and even reason to suspect some such influence, even if its extent is way over-hyped.  </body>
    </post>
    <post id="SD_345_14916243" ref="SD_345_14913541">
      <post_score>2</post_score>
      <user id="SD_743369">Big_Al_B</user>
      <date>1142334180</date>
      <body>I normally don't get all picky about these kinds of things, and when I do I'm a lot less rude than the AC was in his/her comment. However, I would just as soon avoid reading goofed up idioms.   I would just assume [thefreedictionary.com] there not be any laws about any of this    </body>
    </post>
    <post id="SD_345_14911744" ref="SD_345_14911672">
      <post_score>2</post_score>
      <post_moderation>Funny</post_moderation>
      <user id="SD_819720">voteforkerry78</user>
      <date>1142273460</date>
      <body>Yes, we liberals enjoy blowing each other's brains out in a nice game of Unreal Tournament.</body>
    </post>
    <post id="SD_345_14913863">
      <post_score>3</post_score>
      <post_moderation>Insightful</post_moderation>
      <user id="SD_649770">lordholm</user>
      <date>1142300160</date>
      <body>ESA = European Space Agency. Me confused...</body>
    </post>
    <post id="SD_345_14911947" ref="SD_345_14911876">
      <post_score>1</post_score>
      <user id="SD_841551">JoshRosenbaum</user>
      <date>1142274960</date>
      <body>Damnit, I lost my mod points last night. You would've gotten a mod point otherwise.</body>
    </post>
    <post id="SD_345_14912530">
      <post_score>3</post_score>
      <post_moderation>Interesting</post_moderation>
      <user id="SD_556444">Rydia</user>
      <date>1142281440</date>
      <body>What they describe is a lobby, not a voting bloc. What are the core values of gamers? "We like games?" "We don't like Senator Clinton?" Plus the added difference that a huge portion of the group CAN'T EVEN VOTE. And among those that can, many aren't involved in the political process or care, anyway.  But you know, whatever! Big mean government says violent games are bad! Gamer mad! Gamer smash!</body>
    </post>
    <post id="SD_345_14912011" ref="SD_345_14911911">
      <post_score>2</post_score>
      <user id="SD_453603">RedHatLinux</user>
      <date>1142275620</date>
      <body>regarding "I barely graduated high school and I do fairly well considering most people in my fields have MBAs or Master's Degrees and I never attended college."  Seriously, I admire you though. You run retail stores, which you apparently shut down to spite the IRS, despite claimed "record sales", a record studio, IT, and numerous other business, while all the time writing multiple books which no one else seems to have read or heard of, multiple blogs and newsletters, and posting and engaging in numerous long running slashdot debates, yet only making enough to have a rundown, I believe camary(sp?).  All despite never getting any government help, I mean building the roads and schools to support your endeavors much be a bitch  </body>
    </post>
    <post id="SD_345_14913899" ref="SD_345_14912679">
      <post_score>2</post_score>
      <user id="SD_410832">Guppy06</user>
      <date>1142300700</date>
      <body>Meh, at least she wouldn't be in a red tie.</body>
    </post>
    <post id="SD_345_14915315" ref="SD_345_14912343">
      <post_score>2</post_score>
      <user id="SD_464142">Dunbal</user>
      <date>1142327880</date>
      <body>Not directly, no. But what you do affects the person you become.        How does it affect the person you become? See I have played games all my life - since I was 14 my dad purchased an Apple IIe. This was back in the 70's. I've played many, many hours per week. Some have called me an "addict", including my wife - who loathes video games.        Nonetheless I managed to graduate from medical school, father two wonderful teenagers, have been happily married for 16 years and do rather well with a chain of primary care clinics. And I _still_ play several hours per day. Please tell me how videogames have "affected" me?</body>
    </post>
    <post id="SD_345_14911974" ref="SD_345_14911826">
      <post_score>2</post_score>
      <user id="SD_519805">secolactico</user>
      <date>1142275200</date>
      <body>waitaminute... you mean Ayn Rand lied to me? That a free market will not regulate itself and monopolistic abuses don't exist? Who is John Galt??????  One of these days I gotta finish that book. I like the story but her narrative style is tiresome and overlong. She could have used a good editor.</body>
    </post>
    <post id="SD_345_14911774" ref="SD_345_14911753">
      <post_score>1</post_score>
      <post_moderation>Insightful</post_moderation>
      <user id="SD_163177">dada21</user>
      <date>1142273700</date>
      <body>Voting with your dollars, is still voting.  Voting with your dollars is using voluntary cooperation to make changes.  Voting at the polls is using coercion via force to make changes.  Only one is peaceful and freedom-loving, the other is called government.</body>
    </post>
    <post id="SD_345_14911672">
      <post_score>-1</post_score>
      <post_moderation>Flamebait</post_moderation>
      <user>Anonymous Coward</user>
      <date>1142272860</date>
      <body>Sounds like some sort of desperate liberal attempt at increasing their voter base. It will fail.  ps Rock The Vote!</body>
    </post>
    <post id="SD_345_14912004" ref="SD_345_14911621">
      <post_score>1</post_score>
      <post_moderation>Interesting</post_moderation>
      <user>Anonymous Coward</user>
      <date>1142275560</date>
      <body>Don't worry, no one's going to take it seriously with a name like VVN.  Videogame Voters Network. Sheesh. How about something that doesn't sound like the next MTV awards.  1st: Videogame is almost instantly associated with children or those that are childish. Change it to Interactive Entertainment or Interactive Electronics  2nd: Network: wow. coulda picked a better one, thats for sure. Lets see. Association, Group, etc..  3rd: "Voters" is redundant, because politicians don't care about those that don't vote.</body>
    </post>
    <post id="SD_345_14911644">
      <post_score>1</post_score>
      <post_moderation>Interesting</post_moderation>
      <user id="SD_919696">Roy van Rijn</user>
      <date>1142272620</date>
      <body>Do we really want to have gamers as a political force..? IMHO the gamers and developers will always have a good connection, what players like they sell. Active gamers will follow the game news and await good new titles (I can't wait for Spore!!) so the thing we need is good media that keeps gamers up-to-date with good reviews, not reviews/previews written like a commercial by the developers.</body>
    </post>
    <post id="SD_345_14914600" ref="SD_345_14913364">
      <post_score>1</post_score>
      <user id="SD_778916">KDR_11k</user>
      <date>1142316720</date>
      <body>Absolutes are never good, neither a completely unregulated nor a totally draconian market are good. Some regulations are good, others are plain idiotic. It does make sense to enforce some minimum standards for work that make sure people don't risk their life in dangerous working conditions and can at least afford to pay the rent with their salary. What the OP is complaining about is laws such as minimum wage. I mean, WTF? There are enough companies in the US that combine bad working conditions with minimum wage, imagine how much lower they'd go if minimum wage was abolished. And seriously, the minimum wage is so low that if you can't even pay that you have a serious problem.</body>
    </post>
    <post id="SD_345_14912101" ref="SD_345_14911976">
      <post_score>1</post_score>
      <user id="SD_120394">scaryjohn</user>
      <date>1142276400</date>
      <body> Actually, the trend over the last few decades has been to de-classify homosexuality as a pathology.  </body>
    </post>
    <post id="SD_345_14911630">
      <post_score>0</post_score>
      <user>Anonymous Coward</user>
      <date>1142272560</date>
      <body>video games are a medium, not a media.</body>
    </post>
    <post id="SD_345_14911715">
      <post_score>-1</post_score>
      <post_moderation>Troll</post_moderation>
      <user id="SD_131635">marko123</user>
      <date>1142273160</date>
      <body>"Like most new forms of artistic expression that have come before (music, novels, movies), the primary critics of video games are the people that do not play them."  "Like most forms of criminal expression that have come before (rape, murder, theft ), the primary critics of these are the people that do not do them."  Sheesh.</body>
    </post>
    <post id="SD_345_14914171" ref="SD_345_14912909">
      <post_score>1</post_score>
      <user id="SD_926466">ClamIAm</user>
      <date>1142306520</date>
      <body>Yes, just because I support/oppose issue x means it is the focal point of my political activity. Not.</body>
    </post>
    <post id="SD_345_14911661">
      <post_score>2</post_score>
      <post_moderation>Interesting</post_moderation>
      <user id="SD_218170">ackthpt</user>
      <date>1142272800</date>
      <body>GameDailyBiz has a rundown on the just-announced Videogame Voters Network. The network has been established by the ESA with the intent of organizing gamers into a political force. This should be interesting. Granted there was the hue and cry (and plenty fun made) over remarks made by Jack Thompson [wikipedia.org], but other than rattling a pretty brittle man's cage, will this prove more of an effort of herding cats? What about the dark and sinister people who come up with some of the really good (and controversial) games? Isn't there the opportunity for, just like we whine and bitch and moan about lobbyists in Washington DC making whores out of our representatives, for these people to manipulate us, the game playing public? Honestly, I would feel pretty let down if I was in there pitching for Rockstar and then found thy put some thing in the game, as a joke, which undermined my other positions. introducing the honorable Senators Gabe and Tycho of the great state of Washington  </body>
    </post>
    <post id="SD_345_14912679">
      <post_score>3</post_score>
      <post_moderation>Funny</post_moderation>
      <user id="SD_204918">labratuk</user>
      <date>1142282820</date>
      <body>Gamers will just end up voting in some 'badass' woman with huge breasts, tattoos, ridiculous 'mega cool' body armour and holding three massive guns.  'Rad'.</body>
    </post>
    <post id="SD_345_14912620">
      <post_score>1</post_score>
      <user id="SD_627418">MickDownUnder</user>
      <date>1142282280</date>
      <body>I was one of the pioneers in this arena, I was a member of a Quake team, our team played in and won the first Australia wide online team competition, with 13 teams, 4-8 players a side. I also played in Australia's first international Quake team against Japan. So I think I can say with a little authority, what a pile of #$#&amp;%. Online gaming hasn't really changed all that much since Quakeworld, it's now a little prettier. There's a few more people playing, however you might not know it with all, the different mods, and flavours of what essentially really is just quake. To me what meaning it might of once had has been lost a little. I think what the gaming industry has totally misunderstood, it's not the graphics that make a game realistic, it's the spirit and solidarity of the community behind it. If a game manufacturer out there just concentrated on making a competitive league, and not worried about unit sales I think they might actually acheive something worth writing about.</body>
    </post>
    <post id="SD_345_14914441">
      <post_score>0</post_score>
      <user>Anonymous Coward</user>
      <date>1142312700</date>
      <body>Wouldn't it be something if this "video game party" had a Florida-style "screwup" where large numbers of voters accidently entered the wrong vote on the electronic voting machines?  (And yes, I am fully aware that Pat Buchanan's Palm Beach vote totals were unlikely a result of any screwup) [google.ca]</body>
    </post>
    <post id="SD_345_14912531" ref="SD_345_14912464">
      <post_score>1</post_score>
      <user id="SD_906792">xtieburn</user>
      <date>1142281440</date>
      <body>Okay youve missinterpreted me. I was saying Games were just as _good_ as music, novels and movies. Not excluding them. Jeez people are really out for a fight on this one.  </body>
    </post>
    <post id="SD_345_14912324" ref="SD_345_14911667">
      <post_score>2</post_score>
      <user id="SD_773371">ObsessiveMathsFreak</user>
      <date>1142278860</date>
      <body>I'm also anti-voting as I feel voting is what causes the minority decision to be criminalized. The best voting is voting done with your dollars -- each and every action you make to buy something or to refuse to buy something creates the rules of the market.  We tried that before. It was called tyranny. Didn't work out too well as it happened.</body>
    </post>
    <post id="SD_345_14914360" ref="SD_345_14913010">
      <post_score>0</post_score>
      <user>Anonymous Coward</user>
      <date>1142310780</date>
      <body>There are no laws preventing you from seeing an R rated movie as a minor. The theater owners made that rule. Sort of like the ESRB and retailers with their rating system.  It is likely that such laws will never be enacted, because they would be unconstitutional censorship. That's the harm.  I think I'm going to build a web site that just says "FILM RATINGS ARE NOT LAW" in huge, blinking letters. Too many people seem willing to give up their free speech rights on this illusory basis.</body>
    </post>
    <post id="SD_345_14912386" ref="SD_345_14911876">
      <post_score>1</post_score>
      <user id="SD_906792">xtieburn</user>
      <date>1142279520</date>
      <body>Um two points.  1. Although I agree with your post in principle, games do actually affect other people thats kind of there whole point. Just as the other examples, music, novels, movies. Its just that they dont affect people in an adverse way.  2. I think the original post was just a joke based on the obvious nature of the sentence. Kind of like saying. 'The main people who hate fridge magnets are the people who really hate fridge magnets.' Rather than a Jack Thompson politial broadcast.</body>
    </post>
    <post id="SD_345_14913201">
      <post_score>0</post_score>
      <user>Anonymous Coward</user>
      <date>1142289780</date>
      <body>And then face real people!</body>
    </post>
    <post id="SD_345_14914072" ref="SD_345_14911903">
      <post_score>1</post_score>
      <user id="SD_807503">hazah</user>
      <date>1142304060</date>
      <body>99% horror is really that much better than 100%? You really think so?</body>
    </post>
    <post id="SD_345_14911665">
      <post_score>1</post_score>
      <post_moderation>Funny</post_moderation>
      <user id="SD_42941">Winlin</user>
      <date>1142272800</date>
      <body>Wokka Wokka Wokka Wokka.</body>
    </post>
  </posts>
</thread>
