<?xml version="1.0" encoding="iso-8859-1"?>
<!-- this file has been obtained by crawling internet sites by
Fundacio Barcelona Media please, access this site:
caw2.barcelonamedia.org to read the terms and conditions of use
 -->
<thread id="SD_14_2021233">
  <subdomain>games</subdomain>
  <title>Judges Challenge IP Wiretap Rules Related Stories</title>
  <admin>Zonk</admin>
  <user>WebHostingGuy</user>
  <date>1146843060</date>
  <topics>
    <main>Privacy</main>
    <secondary>Communications</secondary>
    <secondary>United States</secondary>
    <secondary>Politics</secondary>
  </topics>
  <body>to mention an MSNBC article on an appeals panel harshly challenging the Bush administration's wiretap policies. New rules from the FCC would make it easier for police and FBI agents to wiretap IP-based phone conversations. From the article: "At [one] point in the hearing, Edwards told the FCC's lawyer that his arguments were 'gobbledygook' and 'nonsense.' The court's decision was expected within several months. In an unrelated case last year affecting digital television, two of the same three judges determined the FCC had significantly exceeded its authority and threw out new government rules requiring anti-piracy devices in new video devices. Lewis was also the losing lawyer in that case, and Edwards also was impassioned then in his criticisms of the FCC."</body>
  <posts>
    <post id="SD_14_15276990" ref="SD_14_15273768">
      <post_score>2</post_score>
      <user id="SD_812158">stinerman</user>
      <date>1146906960</date>
      <body>I bow before you, good sir!</body>
    </post>
    <post id="SD_14_15274783" ref="SD_14_15274410">
      <post_score>2</post_score>
      <user id="SD_841677">poopdeville</user>
      <date>1146858780</date>
      <body>I was going to comment that "sex offender" doesn't end in '-ism', until I realized it ends in jism.</body>
    </post>
    <post id="SD_14_15273639">
      <post_score>0</post_score>
      <user>Anonymous Coward</user>
      <date>1146843660</date>
      <body>The lawyer was just working off of poor intelligence</body>
    </post>
    <post id="SD_14_15274048" ref="SD_14_15273618">
      <post_score>0</post_score>
      <user>Anonymous Coward</user>
      <date>1146847560</date>
      <body>Naw. "Accidental" deaths were the hallmark of the Clinton administration. This administration will just happily ignore the undesirable decision.</body>
    </post>
    <post id="SD_14_15274121" ref="SD_14_15273765">
      <post_score>1</post_score>
      <user id="SD_955755">Watson Ladd</user>
      <date>1146848520</date>
      <body>It's more a social stability issue then anything else. Drugs change people by making them more connected. This results in, well, I don't have to explain Stranger in a Strange Land to Slashdotters.</body>
    </post>
    <post id="SD_14_15273833">
      <post_score>3</post_score>
      <post_moderation>Insightful</post_moderation>
      <user id="SD_166417">Opportunist</user>
      <date>1146845340</date>
      <body>The FCC's business is making sure transmission equipment meets its technical specifications, doesn't interfere with other transmission equipment and that communication is not interrupted or tampered with.  So where does that snooping come in? I can't see it in their profile.</body>
    </post>
    <post id="SD_14_15274758" ref="SD_14_15273668">
      <post_score>1</post_score>
      <user id="SD_970174">Garrett Fox</user>
      <date>1146858360</date>
      <body>The software is already out there. Check out Naurus [narus.com]' scary stuff, indended for universal monitoring and automatic analysis of large networks.</body>
    </post>
    <post id="SD_14_15281483" ref="SD_14_15273654">
      <post_score>1</post_score>
      <user id="SD_698970">mikem170</user>
      <date>1146997380</date>
      <body>Sometimes I wonder at the effect some few four letter words have on some people. They are just words...</body>
    </post>
    <post id="SD_14_15274180">
      <post_score>1</post_score>
      <post_moderation>Interesting</post_moderation>
      <user>Anonymous Coward</user>
      <date>1146849000</date>
      <body>Strong Open Source encryption on VOIP connections will end the tendencies of governments to snoop on their citizens phone conversations.It would be much easier to listen in on the unencrypted audio with parabolic microphones and a REAL warrant. Can you hear me now , Skype?</body>
    </post>
    <post id="SD_14_15274220" ref="SD_14_15273995">
      <post_score>2</post_score>
      <user id="SD_410832">Guppy06</user>
      <date>1146849480</date>
      <body>"Not "jibberjabber""  The Honorable Judge T presiding?</body>
    </post>
    <post id="SD_14_15274174" ref="SD_14_15273855">
      <post_score>1</post_score>
      <user id="SD_742352">Anomalyst</user>
      <date>1146849000</date>
      <body>Never miss an opportunity to use "double plus ungood".</body>
    </post>
    <post id="SD_14_15274326" ref="SD_14_15273612">
      <post_score>2</post_score>
      <post_moderation>Insightful</post_moderation>
      <user>Anonymous Coward</user>
      <date>1146850740</date>
      <body>As nice and reasonable as the judges could be, they can do nothing about addressing the root problem of this case: The Republican dominance of our Democracy. Here is what is wrong: You are absolutely correct. Remember that: 1) The House is controlled by the Republicans 2) The Senate is controlled by the Republicans 3) The White House is controlled by the Republicans 4) The Supreme Court is now controlled by the Republicans  As a result Democrats have no legislative power, no subpoena power, no power to hold hearings, no swearing in the witnesses, no impeachment stick to protect the Constitution.  Hence you have the NSA spying, wiretaps, "sneak and peak" PATRIOT ACTism  I hope you will remember that come November elections by both voting, AND donating $$$. A little money can go a long way here</body>
    </post>
    <post id="SD_14_15288948" ref="SD_14_15274084">
      <post_score>2</post_score>
      <user id="SD_797337">DM9290</user>
      <date>1147106340</date>
      <body>So the DA honestly believes his evidence that you're guilty of murder. The jury disagrees. Should we now throw the DA in jail?  No. We should never PUNISH people for honest mistakes. However that does not mean that we don't hold people responsible for their honest mistakes.  A DA need not actually in fact HONESTLY believe you are guilty any more than the defense lawyer needs to believe you are innocent. However, if he doesn't actually have an opinion, he is being RECKLESS. Clearly if *he* isn't convinced beyond a reasonable doubt, then why should he expect a conviction? Answer: he might get lucky and score a plea bargain.  The accused doesn't necessarily know that the case against him is weak and may not be sturdy enough to endure the ordeal of a trial. He may seek a plea bargain as the easy way out. This happens notwithstandingt whether or not the accused is guilty or innocent.  This is a perfectly effective method of obtaining convictions. It doesn't obtain JUSTICE, but it obtains convictions.  For some mysterious reason we accept honest mistakes from the Prosecution and the Police but if I or you or a corporation destroys someones life via an honest mistake there are grounds for a lawsuit.  When we only allow a lawsuit in the case of a malicious prosecution we are being unfair to the victims of NEGLIGENT PROSECUTION.  Our current system encourages NEGLIGENT PROSECUTION. And in fact... most (if not almost all) prosecution is handled negligently.  The People have lost faith in the judicial system. But it usually isn't the Judges fault. It is almost always the fault of the Prosecution, who have grown lazy and complacent due to the lax rules which explicitly permit them to be negligent. Evidence is lost (both incriminatory and exculpatory), police witnesses show up who cant remember anything (because they are afraid of accidentally exonerating the accused). And the process is run in a shody, wasteful manner because it is virtually assured that the Prosecution will not be held accountable for its fuckups.. and any fuckups are only likely to increase the odds of a offer of plea bargain (regardless of the truth of the matter).  After an enourmously expensive trial which only the very rich can actually afford, the accused is probably AQUITTED. If the accused is NOT rich, then they are probably convicted. Actual guilt or innocence plays little role when negligence is permitted.  The system is wonderful (for the rich and unscrupulous) because it makes it more likely the wealthy will get off, while the middle class and poor will be more likely convicted.  If you are innocent, then a proficient and proper prosecution is most likely to uncover that fact without the NEED for a trial. If you are poor and innocent, you can't afford a full and proper trial (don't kid yourself about public defenders) and you are much more likely to simply plead guilty no matter what. IF you are guilty, then an incompetent prosecution maximizes the chance you will in fact either get off because of a technicallity or you will get off because the prosecution doesn't understand his own case.  Moreover negligent prosecutions against innocent people tend to appear on the surface as STRONGER cases, maximizing the harm done to the innocent. This has the effect of scaring innocent people into pleading guilty. If *that* is what you want.. then please continue to advocate the practice of allowing negligent prosecution.  If you look at the conviction rates you will see that about 1/4 of all prosecutions are in fact against INNOCENT people (that is to say they are not convicted). These people are victims just as much as victims of crime. Except they are victims of the beligerent attitude of a STATE which considers that it has the right to negligently try people for crimes they didn't commit without compensation.  Trying innocent people doesn't reduce crime. It encourages crime. In 25% of the cases a person can commit a crime, and the WRONG person will be charged. T  Read the rest of this comment...</body>
    </post>
    <post id="SD_14_15273980">
      <post_score>1</post_score>
      <user id="SD_880009">creeves1982</user>
      <date>1146846900</date>
      <body>http://www.optonline.net/Cservice/Article?CID=type %3Dreg%26channel%3D68%26article%3D1993853 [optonline.net] optimum online has a clause in its terms of service that the internet and the phone service are for entertianment purposes only. So it makes me wonder if this law does happen to pass, does that require all the phone services including the ones for entertianment. regular Land line phones are considered critial utilities. wire taps for that make sense but not the VOIP for entertianment</body>
    </post>
    <post id="SD_14_15274084" ref="SD_14_15274000">
      <post_score>2</post_score>
      <user id="SD_183847">AuMatar</user>
      <date>1146848160</date>
      <body>So the DA honestly believes his evidence that you're guilty of murder. The jury disagrees. Should we now throw the DA in jail?  Thats what the malice requirement is supposed to prevent. Now you can argue that the government should compensate you in some way, but not the DA personally. Even that is a dangerous route to go down- OJ Simpson lost his career over the trial thing. If we had to compensate him, DAs would be leery of going after rich suspects because of the costs of losing.</body>
    </post>
    <post id="SD_14_15274090" ref="SD_14_15273812">
      <post_score>0</post_score>
      <user>Anonymous Coward</user>
      <date>1146848220</date>
      <body>That is absolutely astonishing and appalling. I had never heard of this until now, and I can't believe what I just read. Apparently the current executive branch believes that it has power superceding any law (except the constitution) that could in any way hinder, slow, or maybe just make not as fun the "War on Terrorism".  I say the white house needs some US Government 101. They are overstepping their bounds by quite a bit. Such blatant disregard for the law is usually only seen in rapists and murderers. Even in fictional books about oppressive governments, the government at least adjusts the law to support its actions. This administration just accepts any law proposed, and then later says that the constitution gives it the right to ignore it in any circumstance it deems "special".</body>
    </post>
    <post id="SD_14_15273850" ref="SD_14_15273612">
      <post_score>0</post_score>
      <user>Anonymous Coward</user>
      <date>1146845520</date>
      <body>FTA: "The FCC asserted that providers of high-speed Internet services should be covered under the 1994 law because their voice-transmission services can be considered separately from information services. "Congress intended to cover services (in the 1994 law) that were functionally equivalent" to traditional telephones, Lewis said during the hearing in U.S. Circuit Court for the District of Columbia."  Is it me or haven't the administration and the DoJ gone to great lengths previously to classify internet communications as an information service to lower the bar for invading privacy? Now they are reversing this trend and attempting to classify digitized communication (which would seemingly be an information service previously) as falling under the voice provisions of CALEA to invade privacy?  This seems rather like they are trying to split legal hairs slot in activity whereever they can in existing law... Strange not to pass a new law, considering the same people control all branches of government...</body>
    </post>
    <post id="SD_14_15273618">
      <post_score>2</post_score>
      <post_moderation>Funny</post_moderation>
      <user>Anonymous Coward</user>
      <date>1146843480</date>
      <body>They had so much to live for, but now they're all about to die soon in mysterious accidents. Let's hope the widows receive hams or something.</body>
    </post>
    <post id="SD_14_15274041" ref="SD_14_15273810">
      <post_score>3</post_score>
      <post_moderation>Funny</post_moderation>
      <user id="SD_768619">19thNervousBreakdown</user>
      <date>1146847500</date>
      <body> And to get "&amp;amp;lt;" use "&amp;amp;amp;lt;"  </body>
    </post>
    <post id="SD_14_15289052" ref="SD_14_15274358">
      <post_score>2</post_score>
      <user id="SD_797337">DM9290</user>
      <date>1147107600</date>
      <body>What about all the time and money lost getting the decision up to the supreme court and getting them to actually declare it unconstutional ? What about people prosecuted with this new law and declared guilty. Will they automatically have their decsions reversed and given complete pardons for the crime ?  I'm not sure what you are asking.  If you are convicted of an offence which turns out to be of no force or effect, then your conviction must be overturned.  You dont need a pardon, because you were never guilty of anything in the first place.  The fact that you didn't challenge the law yourself doesn't change the fact of whether or not the law had any force or effect. You merely chose not to dispute that point.  You aren't guilty of anything unless you violate a law which is in effect at the time of the commission of the alleged offence.  However, I would in fact argue that yes. The State should compensate you. The state should not pass unconstitutional laws, and the state is to blaim for doing so. Not everyone has the means to challenge unconstitutional laws. But we would all sleep more easily knowing that if someday our rights are trampled we will be compensated (even if it is only after someone else finally proves it).  We would all look to our lawmakers and demand more diligence in their law making if we knew that our own taxes would be wasted to compensate the victims of state oppression.  So.. if some current state administration doesn't like abortion (right now) for example.... it should look EXTREMELY carefully at the constitution, and the jurisprudence before outlawing it again, and trying to put women in jail for having abortions.. the state could very well open itself up to huge liability if it turned out that all those women had the legal right and the state destroyed their lives without the right of law.  This is particularily important now, since some states are already going ahead and banning abortions all over again even though the issue has been decided and the law is known.  The state should not simply go ahead and outlaw something and throw people in jail on the basis that "at the end of the day it was all done in good faith so we wont need to compensate our victims anyway". This happened in the earlier 1/2 of the last century and millions died and, even in north america forfeited their property, all in the name of unconstitutional laws.  I spend too much time dreaming of a Just society..  </body>
    </post>
    <post id="SD_14_15273854">
      <post_score>-1</post_score>
      <post_moderation>Flamebait</post_moderation>
      <user>Anonymous Coward</user>
      <date>1146845580</date>
      <body>by the Politickers to the transmissbion</body>
    </post>
    <post id="SD_14_15274772" ref="SD_14_15273962">
      <post_score>1</post_score>
      <user id="SD_841677">poopdeville</user>
      <date>1146858540</date>
      <body>You get mod points and mod it up.</body>
    </post>
    <post id="SD_14_15273715" ref="SD_14_15273697">
      <post_score>2</post_score>
      <user id="SD_970822">DragonWriter</user>
      <date>1146844380</date>
      <body> I &lt;3 Judge Edwards works for me. But you need to use the HTML Entity Reference [w3.org] for the less-than symbol.  </body>
    </post>
    <post id="SD_14_15273697" ref="SD_14_15273683">
      <post_score>3</post_score>
      <post_moderation>Funny</post_moderation>
      <user id="SD_945911">Atomm</user>
      <date>1146844140</date>
      <body>Oh HELL!  I can't put "less than" and 3 together?  OK, fine....  I HEART Judge Edwards!  </body>
    </post>
    <post id="SD_14_15274566">
      <post_score>0</post_score>
      <user id="SD_903943">jigjigga</user>
      <date>1146854280</date>
      <body>When they do the wrong thing, hundreds of comments! When they do the right thing, they dont say anything. How about some positive reinforcement here? I for one applaud their decision and hope others stand up for freedom.</body>
    </post>
    <post id="SD_14_15273706" ref="SD_14_15273697">
      <post_score>3</post_score>
      <post_moderation>Funny</post_moderation>
      <user id="SD_9622">ch-chuck</user>
      <date>1146844260</date>
      <body>Sure you can: I &lt;3 Judge Edwards!</body>
    </post>
    <post id="SD_14_15273725">
      <post_score>5</post_score>
      <post_moderation>Insightful</post_moderation>
      <user id="SD_566373">Handpaper</user>
      <date>1146844440</date>
      <body>The Justice Department, which has lobbied aggressively on the subject.. What is the DoJ, a government agency, doing lobbying anyone over anything? AFAIK, their remit is to enforce the law by prosecuting criminals. That's it. Enforce the law as it stands. Not attempt to make it or influence its makers.  </body>
    </post>
    <post id="SD_14_15274073" ref="SD_14_15273914">
      <post_score>2</post_score>
      <user id="SD_183847">AuMatar</user>
      <date>1146847920</date>
      <body>Public servants such as cops, soldiers, judges, and elected officials do as well.</body>
    </post>
    <post id="SD_14_15273710" ref="SD_14_15273625">
      <post_score>3</post_score>
      <post_moderation>Funny</post_moderation>
      <user id="SD_267588">lucky130</user>
      <date>1146844320</date>
      <body>...Commie!  Oh wait, I mean...Terrorist! :)</body>
    </post>
    <post id="SD_14_15273942" ref="SD_14_15273623">
      <post_score>0</post_score>
      <user>Anonymous Coward</user>
      <date>1146846480</date>
      <body>Well, maybe this BOFH episode [theregister.co.uk] could provide an example of abilities required for signing documents. And, for the sophisticated/security minded, there's always the inky thumbprint option.</body>
    </post>
    <post id="SD_14_15274595" ref="SD_14_15274174">
      <post_score>0</post_score>
      <user>Anonymous Coward</user>
      <date>1146854760</date>
      <body>C double plus ungood?</body>
    </post>
    <post id="SD_14_15284203" ref="SD_14_15274121">
      <post_score>2</post_score>
      <user id="SD_614729">geminidomino</user>
      <date>1147066680</date>
      <body>This results in, well, I don't have to explain Stranger in a Strange Land to Slashdotters.  You don't? I thought it was just about loose, orgiastic[0] sex and eating corpses...  [0]If that's not a word, it sure as hell should be.  (actually, I do get it)</body>
    </post>
    <post id="SD_14_15273634">
      <post_score>2</post_score>
      <post_moderation>Insightful</post_moderation>
      <user>Anonymous Coward</user>
      <date>1146843600</date>
      <body>an appeals panel harshly challenging the Bush administration's wiretap policies  Well, woopty freakin doo! Get in line with all the rest of the "harsh challengers to the Bush administration". But, when it comes down to the wire the administration will mandate it to "save us from terrorists", invoke executive privilege, or send the detractors to Gitmo for suspicion of "wrong thinking".  AYVABTU - All your VoIP are belong to the U.S. get use to it!</body>
    </post>
    <post id="SD_14_15273768" ref="SD_14_15273722">
      <post_score>4</post_score>
      <post_moderation>Funny</post_moderation>
      <user id="SD_160417">Stradenko</user>
      <date>1146844800</date>
      <body>Minus the space...bah! to get "&lt;" use "&amp;lt;" ... now there's no need to minus a space.</body>
    </post>
    <post id="SD_14_15282429" ref="SD_14_15273850">
      <post_score>1</post_score>
      <user id="SD_652529">MLease</user>
      <date>1147016820</date>
      <body>  This seems rather like they are trying to split legal hairs slot in activity whereever they can in existing law... Strange not to pass a new law, considering the same people control all branches of government...  It's easier to slip something under the radar under the guise of "existing law". If they pass a new law, the Democrats have a better chance of using it as ammunition in the next elections. -Mike  </body>
    </post>
    <post id="SD_14_15274358" ref="SD_14_15274000">
      <post_score>2</post_score>
      <user id="SD_120712">SirGeek</user>
      <date>1146851160</date>
      <body> This accomplishes what? Unconstitutional laws are technically of no force or effect. Therefore no harm was done. So you would be outlawing a harmless activity, and that itself would be an unconstitutional law. Unconstitional laws only cause harm indirectly.. Because overzealous DA's tries to enforce them. If there needs to be any balancing of powers, it is that victims of failed prosecutions (i.e. the presumptively INNOCENT person accused of a crime who isn't convicted (either because the crime itself was unconstitional or for lack of evidence)) should be compensated by the Prosecutor for all damages incurred. What about all the time and money lost getting the decision up to the supreme court and getting them to actually declare it unconstutional ? What about people prosecuted with this new law and declared guilty. Will they automatically have their decsions reversed and given complete pardons for the crime ?</body>
    </post>
    <post id="SD_14_15273795">
      <post_score>3</post_score>
      <post_moderation>Funny</post_moderation>
      <user id="SD_20178">the eric conspiracy</user>
      <date>1146844980</date>
      <body>strike again!  </body>
    </post>
    <post id="SD_14_15273812" ref="SD_14_15273725">
      <post_score>4</post_score>
      <post_moderation>Interesting</post_moderation>
      <user id="SD_183321">Tungbo</user>
      <date>1146845100</date>
      <body>"Laws? We don't need no stinking laws!"  Check out the article below on why GWB has not vetoed a SINGLE bill in his 6 years of presidency.  http://www.boston.com/news/nation/washington/artic les/2006/01/04/bush_could_bypass_new_torture_ban/ [boston.com]  The answer: "why bother when we can just ignore them...."</body>
    </post>
    <post id="SD_14_15274362" ref="SD_14_15273623">
      <post_score>0</post_score>
      <user>Anonymous Coward</user>
      <date>1146851220</date>
      <body>Cannot link to the Globe's article, so here is its mention in NYT: http://www.nytimes.com/2006/05/05/opinion/05fri1.h tml?hp [nytimes.com]  FT(linked)FA:Charlie Savage at The Globe reported recently that Mr. Bush had issued more than 750 "presidential signing statements" declaring he wouldn't do what the laws required. Perhaps the most infamous was the one in which he stated that he did not really feel bound by the Congressional ban on the torture of prisoners.</body>
    </post>
    <post id="SD_14_15273683">
      <post_score>1</post_score>
      <user id="SD_945911">Atomm</user>
      <date>1146844020</date>
      <body>I 3 Judge Edwards!  </body>
    </post>
    <post id="SD_14_15273676" ref="SD_14_15273633">
      <post_score>0</post_score>
      <user>Anonymous Coward</user>
      <date>1146843960</date>
      <body>I'm sure FBI technicians will be able to 'discover' some on the Judge's computer if they confiscate it and examine the hard drive at an undisclosed location. They have always managed to do so in the past.</body>
    </post>
    <post id="SD_14_15273737" ref="SD_14_15273600">
      <post_score>2</post_score>
      <post_moderation>Offtopic</post_moderation>
      <user id="SD_1352">spun</user>
      <date>1146844560</date>
      <body>I for one found this informative. The summary and article use the terms gobbledygook. Sure, it's not entirely on topic, but I find the etymology interesting, and a case can be made that it is on topic, as it was a politician who originally invented the phrase.  If you really must mod someone offtopic, go ahead and mod me down. I've got karma to burn.</body>
    </post>
    <post id="SD_14_15274410" ref="SD_14_15273710">
      <post_score>2</post_score>
      <user id="SD_668092">mobby_6kl</user>
      <date>1146851820</date>
      <body>Five years ago called, and it wants its threat back.  What he is, of course, is a sex offender.</body>
    </post>
    <post id="SD_14_15273612">
      <post_score>1</post_score>
      <post_moderation>Flamebait</post_moderation>
      <user id="SD_176505">convolvatron</user>
      <date>1146843420</date>
      <body>don't worry, this will just be a temporary confusion. i'm sure congress will be happy to pass some very broad legislation, and the president will be very happy to sign it. problem solved.</body>
    </post>
    <post id="SD_14_15276419" ref="SD_14_15273995">
      <post_score>0</post_score>
      <user>Anonymous Coward</user>
      <date>1146898140</date>
      <body>Ha ha. I was wondering if someone was going to make that reference :) And to the most recent ep too!</body>
    </post>
    <post id="SD_14_15274445" ref="SD_14_15273833">
      <post_score>2</post_score>
      <user id="SD_658517">cryptoluddite</user>
      <date>1146852420</date>
      <body>The FCC is the new FEMA.</body>
    </post>
    <post id="SD_14_15275044" ref="SD_14_15274121">
      <post_score>2</post_score>
      <user id="SD_64226">sconeu</user>
      <date>1146862560</date>
      <body>So... Thou Art G-d?</body>
    </post>
    <post id="SD_14_15274338" ref="SD_14_15274084">
      <post_score>0</post_score>
      <user>Anonymous Coward</user>
      <date>1146850920</date>
      <body>This is only supposed to apply in the specific case that the law is unconstitutional.</body>
    </post>
    <post id="SD_14_15273668">
      <post_score>4</post_score>
      <post_moderation>Insightful</post_moderation>
      <user id="SD_528657">Skadet</user>
      <date>1146843960</date>
      <body>So, the problem I see in corporations a lot is that there are very few true problem solvers in positions of influence.  This is a great example. Why make the ISPs ("providers of broadband internet service" in TFA) comply with wiretap laws? Why make universities retrofit their data networks?  Ok, so the FCC wants wiretapping to be possible. Here's a novel idea: Make the companies that write the software for VoIP be wiretap-compliant. Write a special wiretap program. Give it to the government. Or, write an interface and let the government access it with a warrant, whatever (please don't critique the privacy issues here, that's not my point).  The point is -- the FCC wants to do something. They have a problem that needs to be solved. Their "solution" is retarded. There are no true problem solvers here.</body>
    </post>
    <post id="SD_14_15274077" ref="SD_14_15273710">
      <post_score>0</post_score>
      <user>Anonymous Coward</user>
      <date>1146848040</date>
      <body>He may be a terrorist sympathizer, but he's no terrorist. Please wait until he issues his ruling before making such a serious accusation.</body>
    </post>
    <post id="SD_14_15274729" ref="SD_14_15274143">
      <post_score>2</post_score>
      <user id="SD_62228">Ungrounded Lightning</user>
      <date>1146857520</date>
      <body>No, I'm not making a sarcastic comparison with the 2nd Amendment here. I'm deadly earnest. Cryptography and guns are both useful means for citizens to preserve their freedoms.  The government recognized that, too. Which is why the export of cryptographic software from the US was essentially banned for decades - crippling the US crypto software industry - by defining crypto to be "arms" and applying the same laws as were used to suppress the export of guns.</body>
    </post>
    <post id="SD_14_15273793" ref="SD_14_15273725">
      <post_score>2</post_score>
      <user id="SD_13191">Panaflex</user>
      <date>1146844980</date>
      <body>Perhaps it's because the FBI is a department of the DOJ?</body>
    </post>
    <post id="SD_14_15273914" ref="SD_14_15273832">
      <post_score>2</post_score>
      <user id="SD_849178">Locke2005</user>
      <date>1146846180</date>
      <body>Why is it that Congress and the President can break their oath to uphold the Constitution's restrictions on their power and there is no real penalty? Gee, I don't know... if you were going to go after the President for violating the constitution, would you a) do it right now, knowing full well he could cite "national security" and have you whisked away to Gitmo, or b) wait until the bastard is a relatively powerless civilian again and there is a Democratic majority in congress to back you up? Just because there are no immediate or timely penalties does not mean that there will NEVER be any penalties! A judge can sentence me to jail for breaking my oath to follow the law, the same should be true for those creating the laws. If you haven't noticed, our legal system would take YEARS before you actually see any jail time for breaking your oath to follow the law... by the way, are you a naturalized citizen? They are the only ones that actually take an oath to uphold the constition.  </body>
    </post>
    <post id="SD_14_15274057" ref="SD_14_15273710">
      <post_score>1</post_score>
      <user id="SD_928516">Goblez</user>
      <date>1146847680</date>
      <body>Kinda Off-topic, but one of this season's Robot Chicken does a great job satiring what 'terrorism' has become. I'll give you a hint, it's a lot like communism (is the a realtion with isms here)</body>
    </post>
    <post id="SD_14_15273832">
      <post_score>5</post_score>
      <post_moderation>Insightful</post_moderation>
      <user id="SD_163177">dada21</user>
      <date>1146845340</date>
      <body>I appreciate justices who understand their job is to restrain the Federal government from trampling the rights of the individual, and in this case it looks like they're doing their job. Kudos and positive feedback.  I don't know if just restraining is enough anymore. When someone breaks a law, they can go to jail or pay a hefty fine. Why is it that Congress and the President can break their oath to uphold the Constitution's restrictions on their power and there is no real penalty?  Maybe it is time to penalize repeat offenders who vote for and pass (and don't veto) for unconstitutional laws. The voting booth is not enough to prevent future intrusions. A judge can sentence me to jail for breaking my oath to follow the law, the same should be true for those creating the laws.</body>
    </post>
    <post id="SD_14_15273654">
      <post_score>5</post_score>
      <post_moderation>Funny</post_moderation>
      <user id="SD_249536">truthsearch</user>
      <date>1146843780</date>
      <body>Jon Stewart: Tonight, our focus is on Television! Today, the FCC wanted to impose the same decency standards that apply to broadcast television as they do to cable. [audience boos] Jon Stewart: To which many people said, "Uh, f*ck that guy!".  (Yes, the "*" is added for irony.)</body>
    </post>
    <post id="SD_14_15274143" ref="SD_14_15273668">
      <post_score>1</post_score>
      <user id="SD_512767">knowlton</user>
      <date>1146848700</date>
      <body>   Ok, so the FCC wants wiretapping to be possible. Here's a novel idea: Make the companies that write the software for VoIP be wiretap-compliant. Write a special wiretap program. Give it to the government. Or, write an interface and let the government access it with a warrant, whatever (please don't critique the privacy issues here, that's not my point).    Umm. What about the non-corporate programmers? You might have heard of a small website called SourceForge?  And if the government mandates that all VoIP software be wiretap compliant, you've got DeCSS all over again: so-called "illegal" software will not suddenly cease to exist, it'll simply go underground.  When cryptography is outlawed, only outlaws will have cryptography.  &lt;soapbox political="true"> No, I'm not making a sarcastic comparison with the 2nd Amendment here. I'm deadly earnest. Cryptography and guns are both useful means for citizens to preserve their freedoms. &lt;/soapbox></body>
    </post>
    <post id="SD_14_15273962" ref="SD_14_15273600">
      <post_score>1</post_score>
      <user id="SD_962051">lamebrane</user>
      <date>1146846720</date>
      <body>mod+ (how do we do this w/o stupid replies?</body>
    </post>
    <post id="SD_14_15273588">
      <post_score>-1</post_score>
      <post_moderation>Offtopic</post_moderation>
      <user>Anonymous Coward</user>
      <date>1146843180</date>
      <body>Slashdot disappeared from the net for a while.  It was as if thousands of dorks cried out and were suddenly silenced. /shudder</body>
    </post>
    <post id="SD_14_15277825" ref="SD_14_15273683">
      <post_score>0</post_score>
      <user>Anonymous Coward</user>
      <date>1146918240</date>
      <body>You teabag Judge Edwards?</body>
    </post>
    <post id="SD_14_15275993" ref="SD_14_15273832">
      <post_score>2</post_score>
      <user id="SD_193358">Beryllium Sphere(tm)</user>
      <date>1146883680</date>
      <body>It's called impeachment, it's in the hands of the citizens and not the courts, and should be. Just be grateful we still have Marbury vs. Madison.</body>
    </post>
    <post id="SD_14_15273631" ref="SD_14_15273600">
      <post_score>0</post_score>
      <user>Anonymous Coward</user>
      <date>1146843600</date>
      <body>some mod mod this up funny or underrated please? Yes, offtopic is "accurate", but I at least felt it added a worthwhile note to this article, something that gave me a genuine 10 seonds of amusements.</body>
    </post>
    <post id="SD_14_15274000" ref="SD_14_15273832">
      <post_score>2</post_score>
      <user id="SD_797337">DM9290</user>
      <date>1146847080</date>
      <body>Why is it that Congress and the President can break their oath to uphold the Constitution's restrictions on their power and there is no real penalty?  Maybe it is time to penalize repeat offenders who vote for and pass (and don't veto) for unconstitutional laws.  This accomplishes what? Unconstitutional laws are technically of no force or effect. Therefore no harm was done. So you would be outlawing a harmless activity, and that itself would be an unconstitutional law. Unconstitional laws only cause harm indirectly.. Because overzealous DA's tries to enforce them. If there needs to be any balancing of powers, it is that victims of failed prosecutions (i.e. the presumptively INNOCENT person accused of a crime who isn't convicted (either because the crime itself was unconstitional or for lack of evidence)) should be compensated by the Prosecutor for all damages incurred.  Right now the victim of a wrongful prosecution (it is wrongful because the Court aquitted them or ruled the law itself wrong), get nothing unless they can establish malice.  If I accidentally hit you with my car I have to compensate you. You don't need to establish malice.  Why should the DA get off scott free when he negligently prosecutes an innocent person? You can destroy lives even when you have no malice.  </body>
    </post>
    <post id="SD_14_15273985" ref="SD_14_15273832">
      <post_score>2</post_score>
      <user id="SD_970822">DragonWriter</user>
      <date>1146846900</date>
      <body>  Maybe it is time to penalize repeat offenders who vote for and pass (and don't veto) for unconstitutional laws. The voting booth is not enough to prevent future intrusions. A judge can sentence me to jail for breaking my oath to follow the law, the same should be true for those creating the laws.  "Oath" has very little to do with your liability for criminal behavior, and the same is true for those making the laws. They, too, can be sentenced to jails or fines for breaking criminals laws. They can't be sentenced to jails or fines for voting in particular ways because that itself would violate the Constitutional structure of our government, and the system of checks and balances, as it would give the judiciary essentially unchecked power over the other branches.</body>
    </post>
    <post id="SD_14_15273600">
      <post_score>5</post_score>
      <post_moderation>Informative</post_moderation>
      <user>Anonymous Coward</user>
      <date>1146843240</date>
      <body>This is a truly maverick word, not only because it is surprisingly modern and also one whose genesis we can pin down to the day, but also because a maverick coined it --Maury Maverick, a Texan lawyer who was at various times a Democratic Congressman and mayor of San Antonio.  He used the word in the New York Times Magazine on 21 May 1944, while he was chairman of the US Smaller War Plants Committee in Congress, as part of a complaint against the obscure language used by his colleagues. His inspiration, he said, was the turkey, "always gobbledy gobbling and strutting with ludicrous pomposity". The word met a clear need and quickly became part of the language. It is sometimes abbreviated slightly to gobbledygoo.</body>
    </post>
    <post id="SD_14_15274973" ref="SD_14_15273914">
      <post_score>2</post_score>
      <user id="SD_768814">colinrichardday</user>
      <date>1146861600</date>
      <body>Ordinary citizens trying to uphold the Constitution? Michael Newdow tried that, and the Supreme Court ruled that he had no standing.</body>
    </post>
    <post id="SD_14_15273722" ref="SD_14_15273706">
      <post_score>3</post_score>
      <post_moderation>Funny</post_moderation>
      <user id="SD_812158">stinerman</user>
      <date>1146844440</date>
      <body>For those of you wondering how he did that (and I know there's a lot of you out there):  instead of '&lt;', use:  &amp; lt;  (minus the space)</body>
    </post>
    <post id="SD_14_15273855" ref="SD_14_15273634">
      <post_score>4</post_score>
      <post_moderation>Insightful</post_moderation>
      <user id="SD_120817">QuantumRiff</user>
      <date>1146845580</date>
      <body>"Wrong thinking" is not the correct words. The words your looking for is ThoughtCrime [http]  Am I the only one who is noticing the trend of NewSpeak [wikipedia.org] being used lately? Maybe not by definition, but definately by purpose.</body>
    </post>
    <post id="SD_14_15274960" ref="SD_14_15274090">
      <post_score>0</post_score>
      <user>Anonymous Coward</user>
      <date>1146861360</date>
      <body>This administration follows the Constitution? Surely you jest. See also:  Amendment IV: The right of the people to be secure in their persons, houses, papers, and effects, against unreasonable searches and seizures, shall not be violated, and no warrants shall issue, but upon probable cause, supported by oath or affirmation, and particularly describing the place to be searched, and the persons or things to be seized.   </body>
    </post>
    <post id="SD_14_15273625">
      <post_score>5</post_score>
      <post_moderation>Funny</post_moderation>
      <user id="SD_868408">CaymanIslandCarpedie</user>
      <date>1146843540</date>
      <body>why do you hate America?  </body>
    </post>
    <post id="SD_14_15273995">
      <post_score>3</post_score>
      <post_moderation>Funny</post_moderation>
      <user id="SD_675604">HTH NE1</user>
      <date>1146847020</date>
      <body>Edwards told the FCC's lawyer that his arguments were 'gobbledygook' and 'nonsense.'  Not "jibberjabber" and "poopycock"?</body>
    </post>
    <post id="SD_14_15273983" ref="SD_14_15273914">
      <post_score>2</post_score>
      <user id="SD_905108">Elemenope</user>
      <date>1146846900</date>
      <body> by the way, are you a naturalized citizen? They are the only ones that actually take an oath to uphold the constition. I suppose one could, if they chose, take it upon themselves to swear such an oath. Nah, strike that; people taking on responsibilities that aren't required? Not in a million years. ;)  </body>
    </post>
    <post id="SD_14_15274194" ref="SD_14_15274143">
      <post_score>2</post_score>
      <user id="SD_871886">R3d M3rcury</user>
      <date>1146849180</date>
      <body>True. On the other hand, making the ISPs do it makes little sense either. How does the ISP know what's in those packets?</body>
    </post>
    <post id="SD_14_15284869" ref="SD_14_15275993">
      <post_score>1</post_score>
      <user id="SD_961638">Malakusen</user>
      <date>1147075260</date>
      <body>http://www.globalresearch.ca/index.php?context=vie wArticle&amp;code=CAR20060508&amp;articleId=2405 [globalresearch.ca]  State legislators in Illinois and California and other states are getting the ball rolling on it, regardless of the fear and cowardice of national-level Democratic party leaders who don't want to do their FUCKING JOBS.</body>
    </post>
    <post id="SD_14_15273765" ref="SD_14_15273725">
      <post_score>3</post_score>
      <post_moderation>Insightful</post_moderation>
      <user id="SD_681676">pete6677</user>
      <date>1146844740</date>
      <body>Yes, but they need to create more work for themselves to justify a bigger budget, which is why they "lobby" to criminalize more things. Activity like this is the sole reason why the drug war continues; because this group would have too much to lose from decriminalization.</body>
    </post>
    <post id="SD_14_15273633" ref="SD_14_15273612">
      <post_score>4</post_score>
      <post_moderation>Funny</post_moderation>
      <user id="SD_18753">FatSean</user>
      <date>1146843600</date>
      <body>You know, he's a damn activist judge who's putting pesky rights and fruity ideals in the way of keeping the nation safe for obese children and their fear-stricken parents.  </body>
    </post>
    <post id="SD_14_15274379" ref="SD_14_15274338">
      <post_score>2</post_score>
      <user id="SD_970822">DragonWriter</user>
      <date>1146851340</date>
      <body>But the remedy proposed is specifically unconstitutional, as it violates the Consitutional absolute immunity enjoyed by Members of Congress for official acts that has been found by the courts. So you ask government officials (judges) to violate the Constitution to punish other government officials (lawmakers) for breaking the Constitution. Question: Should the judges themselves then also be punished by other judges?</body>
    </post>
    <post id="SD_14_15273810" ref="SD_14_15273768">
      <post_score>0</post_score>
      <user>Anonymous Coward</user>
      <date>1146845100</date>
      <body>And to get "&amp;lt;" use "&amp;amp;lt;"</body>
    </post>
    <post id="SD_14_15284208" ref="SD_14_15275993">
      <post_score>2</post_score>
      <user id="SD_614729">geminidomino</user>
      <date>1147066800</date>
      <body>I was under the impression that it was in the hands of congress. (Foxen guarding the henhouse anyone?)</body>
    </post>
    <post id="SD_14_15276407" ref="SD_14_15273725">
      <post_score>2</post_score>
      <user id="SD_126196">ZorbaTHut</user>
      <date>1146897780</date>
      <body>I'm not *entirely* sure I agree with that - their job is to enforce the law by prosecuting criminals, yes, and so I'd expect them to be making noise about laws that would make their job easier. Nobody's going to do that for them. If there's a simple easy law that can be passed to make the DoJ's job easier, without any bad side effects, I'd want the DoJ to be trying to get it accepted.  Not that this *is* that law, note. Just that I can see a way they could lobby and be justified.</body>
    </post>
    <post id="SD_14_15273623" ref="SD_14_15273612">
      <post_score>0</post_score>
      <user id="SD_972867">lokiman</user>
      <date>1146843540</date>
      <body>I was not aware that Bush could spell let alone sign anything. Perhaps I am not watching Fox news enough.</body>
    </post>
    <post id="SD_14_15273681" ref="SD_14_15273633">
      <post_score>4</post_score>
      <post_moderation>Funny</post_moderation>
      <user id="SD_54550">Tackhead</user>
      <date>1146843960</date>
      <body>From TFA:  "There's nothing to suggest that in the statute," Edwards replied. "Stating that doesn't make it so."  > Actually, wait for ad hominem attacks on Edward > >You know, he's a damn activist judge who's putting pesky rights and fruity ideals in the way of keeping the nation safe for obese children and their fear-stricken parents. Edwards oldthinker! Edwards unbellyfeel Amsoc! E (Slashdotter Tackhead know whichside buttertoast, is plusgood duckspeaker, learn duckspeak doubleplusfastwise in freedomcamp!)  </body>
    </post>
  </posts>
</thread>
