<?xml version="1.0" encoding="iso-8859-1"?>
<!-- this file has been obtained by crawling internet sites by
Fundacio Barcelona Media please, access this site:
caw2.barcelonamedia.org to read the terms and conditions of use
 -->
<thread id="SD_274_1639255">
  <subdomain>games</subdomain>
  <title>Japan's New Games Rating System</title>
  <admin>Zonk</admin>
  <user>The site GamesIndustry.biz has a report on a change to the CERO system. The Computer Entertainment Rating Organization (CERO), now has an adults-only category. From the article: "The A rating is equivalent to the current CERO All rating for all ages, B is for CERO 12 (for ages twelve and over), C equates to CERO 15, and the D rating would be for ages seventeen and up - for which there was no previous equivalent. The A-D ratings will remain advisory, but the Z rating will be regulated by the government</user>
  <date>1140528960</date>
  <topics>
    <main>Games</main>
    <secondary>Politics</secondary>
  </topics>
  <body>te GamesIndustry.biz has a report on a change to the CERO system. The Computer Entertainment Rating Organization (CERO), now has an adults-only category. From the article: "The A rating is equivalent to the current CERO All rating for all ages, B is for CERO 12 (for ages twelve and over), C equates to CERO 15, and the D rating would be for ages seventeen and up - for which there was no previous equivalent. The A-D ratings will remain advisory, but the Z rating will be regulated by the government."</body>
  <posts>
    <post id="SD_274_14770152">
      <post_score>3</post_score>
      <post_moderation>Insightful</post_moderation>
      <user id="SD_12975">JensR</user>
      <date>1140532260</date>
      <body>Someone explain to me why they changed from an age rating to letters? Now they need to educate parents which letter is suitable for which age group, and America has show that this doesn't work. Print a "suitable from age x on" on the sticker and no parent can claim ignorance when they bought "Zombie Blood Massaker III" for their 6 year old...</body>
    </post>
    <post id="SD_274_14769751">
      <post_score>5</post_score>
      <post_moderation>Interesting</post_moderation>
      <user id="SD_788712">Joiseybill</user>
      <date>1140529500</date>
      <body>At least they aren't trying to regulate the entire system. The A-D ratings are advisories, but the over-18 is the only govt regulated level. This whole rating thing is good for parents (aunts, uncles, cousins, gift-buyers) who actually participate in the moral upbringing of the child-consumers. OTOH, it creates interest for those teens/adults who have disposable income of their own, and may drive sales of 'randier' rated games. The censorship of any information - even video games, just creates mystery, interest, and an underground market. In that respect - these rating systems probably backfire against their intention.</body>
    </post>
    <post id="SD_274_14776888" ref="SD_274_14769833">
      <post_score>0</post_score>
      <user>Anonymous Coward</user>
      <date>1140605640</date>
      <body>ha ha ha you obviously have never lived in Japan. You can buy porno mags not just from 7-11 (not in the black plastic bag), but vending machines, etc. They aren't quite as sexually uptight as most western countries.    </body>
    </post>
    <post id="SD_274_14769760" ref="SD_274_14769696">
      <post_score>1</post_score>
      <post_moderation>Funny</post_moderation>
      <user id="SD_526926">BarryJacobsen</user>
      <date>1140529560</date>
      <body>That sort of family entertainment is, of course, rated A for everyone.</body>
    </post>
    <post id="SD_274_14773387" ref="SD_274_14773026">
      <post_score>2</post_score>
      <user id="SD_701108">ShyGuy91284</user>
      <date>1140556920</date>
      <body>Yeah, I agree that people can vary a lot. But all that's happening with the current system is someone who may be 15 and mature is being considered 13 more or less by the game rating system until they are 17. I am just talking about game ratings. Not the current state of growing up in the US as a whole (as you appear to be). I'm just saying if there are going to be restrictions, they shouldn't consider someone who is almost old enough to drive to be 13.</body>
    </post>
    <post id="SD_274_14770678" ref="SD_274_14770114">
      <post_score>1</post_score>
      <user id="SD_943426">Obi-w00t</user>
      <date>1140535920</date>
      <body>Government enforcement never really works in any country. The reasons for this have been thrashed out on Slashdot thousands of times. Can't we all just go home and not worry about this kind of stuff? Governments do stuff we cannot do anything about but whinging won't get you anywhere. Oh and in the UK we have ratings U, PG, 12A, 12B, 15, 18 and the extremely-uncommon R. That covers the age gap you talked about pretty well, or so I think so. The enforcement of these ratings becomes more strict with the higher ratings. I think Japan have the right idea really, I'd probably be in favour of such a system in Britain. Also I don't think game developers will alter game content that much for younger audiences, they could just include a content lock ala Half Life. As long as the rating system used is descriptive enough consumers (and parents) should know what to expect from a game.  </body>
    </post>
    <post id="SD_274_14769930">
      <post_score>3</post_score>
      <post_moderation>Insightful</post_moderation>
      <user id="SD_701108">ShyGuy91284</user>
      <date>1140530580</date>
      <body>There's a huge gap between 13 and 17 that I think deserves a rating, since the maturity level between a 13 year old and a 15 year old seems like it could still be pretty big to me. I'm 21, so I'm not caught in the middle of this situation anymore, but the current ratings system is too screwed up IMHO. I've seen many games that were Teen and Ma rated (13 and 17+) that were very questionable in terms of how different their violence and questionable content levels were. I may be wrong, but I've observed many who were 13 still being in that awkward and easily influenced stage that is a big concern a lot more then someone who is 15.</body>
    </post>
    <post id="SD_274_14773026" ref="SD_274_14769930">
      <post_score>2</post_score>
      <user id="SD_736645">meburke</user>
      <date>1140552660</date>
      <body>Sorry, no cigar!  I know people who were married by 15 and holding down full-time jobs to support a family. Treating everyone as if there was a real line instead of an imaginary line for maturity levels deprives early maturity of the opportunity to conduct themselves at a mature level. We have a system (US) that will prosecute a 13-year-old as an adult for committing a murder, but no mechanism for enabling a 13-year-old to conduct themselves as an adult in other areas, such as holding a job, creating credit, etc., etc...  One of the older books I read by a futurist (named marvin? something?...ticks me off that I can't find the book and can't find a reference by search engine!) said that if you want to see what the US will be like in 20 years, look at Sweden today. One of the predictons was that kids would be experimenting with sex at the age of 10-11, because the dangers were known and sex was safer. Lo, and behold, in the last year I've seen about 4 books purporting to help cope with the appearance of sexually active pre-teens. We have kids of that age in the most violent areas of our society committing brutal crimes. We have thousands of runaways and throwaways living on the streets and coping in less-than-optimal ways because we have no cultural mechanism for them to advance positively. If you have a teenager, ask them if they know of anyone in their age group who has run away or otherwise been forced to cope for themselves independently at an early age. (Don't press for details...it's none of your business, and you will only diminish communications.) And we think we are protecting people by rating GAMES? This is simply another example of creating a solution for a problem that doesn't exist. It is based on a gross generalization, in turn based on false or poorly-researched assumptions, designed to produce imagined results which cannot be proven as consequenses of the action. Think about it: If you restrict games to a 15-year old, what positive consequences do you expect? ..and what research leads you to believe that these consequences are directly related to the action?  I would rather see more gratuitous sex in games than gratuitous violence. (The same goes for movies and music.) I don't think you develop mature adults through keeping them ignorant, but ignorant people are possibly more easily controlled, and certainly more susceptible to advertising. Here's a link on "extended chilhood" http://www.johntaylorgatto.com/multimedia/jtgsound _paradox.htm [johntaylorgatto.com] You might also find the rest of the site interesting.  Mike Burke  MEB</body>
    </post>
    <post id="SD_274_14770557" ref="SD_274_14770152">
      <post_score>2</post_score>
      <user id="SD_941678">engagebot</user>
      <date>1140534900</date>
      <body>Agreed.  The problem with the system was not that the ratings were obscure (ages are self-explanitory), the problem was in enforcement. So changing the ratings to a code that people don't know how to interpret and still not enforcing the rating doesn't help the problem.</body>
    </post>
    <post id="SD_274_14769891" ref="SD_274_14769785">
      <post_score>3</post_score>
      <post_moderation>Funny</post_moderation>
      <user id="SD_824291">creimer</user>
      <date>1140530340</date>
      <body>That's an old game for the Atari 2600. I was reading a review of it in a gaming magazine when I asked my dad what the word "seduce" mean and I got smacked upside the head with the magazine. I was about 12 at the time. Needless to say, I didn't get the game.</body>
    </post>
    <post id="SD_274_14771576" ref="SD_274_14769833">
      <post_score>2</post_score>
      <user id="SD_713439">Chyeld</user>
      <date>1140541140</date>
      <body>If I've learned anything from the Internet, it's that Japan loves porn. How many other nations sell used panties in vending machines?</body>
    </post>
    <post id="SD_274_14770241" ref="SD_274_14769833">
      <post_score>3</post_score>
      <post_moderation>Insightful</post_moderation>
      <user id="SD_203287">Benwick</user>
      <date>1140532920</date>
      <body>Japan is not the United States.  </body>
    </post>
    <post id="SD_274_14770115" ref="SD_274_14769696">
      <post_score>4</post_score>
      <post_moderation>Informative</post_moderation>
      <user id="SD_682627">zalas</user>
      <date>1140531900</date>
      <body>Technically erotic/adult/h-games in Japan aren't rated by CERO, even though their clean counterparts on the Playstation2/Dreamcast are. So the answer would probably be unrated, or if they're really bored, they'll add it to the Z rating.</body>
    </post>
    <post id="SD_274_14775875" ref="SD_274_14770661">
      <post_score>2</post_score>
      <user id="SD_728907">kalirion</user>
      <date>1140597540</date>
      <body>I'm guessing every single hentai dating simulation, most of which seem to deal with jr high/high school kids.</body>
    </post>
    <post id="SD_274_14773159" ref="SD_274_14770401">
      <post_score>1</post_score>
      <user id="SD_727027">tepples</user>
      <date>1140554340</date>
      <body> all you have to do is flip it over and LOOK. A lot of parents find it inconvenient to spend time and fuel to visit stores that specialize in video games. These parents must shop at big box stores such as Wal-Mart that put all their games behind a locked glass door, making it impossible to flip each game over without occupying a cashier's valuable time.  </body>
    </post>
    <post id="SD_274_14772154" ref="SD_274_14769930">
      <post_score>2</post_score>
      <user id="SD_642429">brkello</user>
      <date>1140545040</date>
      <body>I may be wrong, but I've observed many who were 18 still being in that akward and easily infouenced stage. Seriously...college can really suck people in to the college crowd. It depends on the maturity of the individual.</body>
    </post>
    <post id="SD_274_14770401" ref="SD_274_14769857">
      <post_score>1</post_score>
      <user id="SD_307227">dragonsapp</user>
      <date>1140533940</date>
      <body>It's funny that you say that, since the ESRB has had descriptors all along:  http://www.esrb.com/esrbratings_guide.asp#symbols [esrb.com]  These descriptors (when appropriate) are included in the ratings box ON EVERY GAME, all you have to do is flip it over and LOOK. I'm not sure why yet another rating system for games is needed.</body>
    </post>
    <post id="SD_274_14769849">
      <post_score>1</post_score>
      <user id="SD_956209">destruct85</user>
      <date>1140530100</date>
      <body>The problem I see with these ratings systems is that they simply do not work unless properly enforced. Here in Canada, I can recall going into stores on multiple occasions and buying M rated games without being IDed or anything. EBGames around here always seems pretty good about the policy. I was never able to buy an M rated game from EB without first being asked for ID. The first time I did it I honestly had no clue why they were doing it. What I'm trying to say is that you can make up all of the ratings systems that you want, but if stores don't adhere to these regulations it is somewhat of a moot point. What I am curious about is what the punishment is for stores selling the new Z rated games to minors is. If stores can sell these games to minors and then receive only a slap on the wrist, why bothering following the rules if you will just lose the sales to the guy down the street who doesn't follow the rules. I think that for this plan to be effective, the punishments have to be harsh. It is comparable to selling cigarettes to minors in a way. Under the Tobacco Sales Act here in Canada, stores that sell cigarettes to minors are really only looking at fines of %500 or so. Even though they could be hit with fines up to $2500 and jail time for a first offense, this is quite a rare occurrence. The punishment does increase for subsequent times being caught, but until that first time there really is very little to deter them from selling these cigarettes. The profits they'd be making far outweigh the losses they would incur from the fine. Unless the fines or punishments are set quite high, I can't see this making much of a difference. Sure, there will be stores that enforce it since there are still some good people left in the world. The problem is there are also a lot of people who want to make money any way they can, be it breaking the law or not.</body>
    </post>
    <post id="SD_274_14773404" ref="SD_274_14772154">
      <post_score>2</post_score>
      <user id="SD_701108">ShyGuy91284</user>
      <date>1140557100</date>
      <body>Yeah. But by then (I should hope) they have a full realization of what they are doing and what it could lead to. And when not drunk, most college students usually act fairly mature (although I go to an asocial tech school, so it may be completely different in normal schools).</body>
    </post>
    <post id="SD_274_14770114" ref="SD_274_14769930">
      <post_score>2</post_score>
      <user id="SD_17499">ivan256</user>
      <date>1140531900</date>
      <body>I'm 21, so I'm not caught in the middle of this situation anymore  Yes you are. The AO rating essentially amounts to censorship, since stores are unwilling to sell titles with such a rating. Games that might have interested you in that category are altered to be suitable to a 15 year old, or are never published. You may be 21, but because people have decided that it's not their job to raise their children themselves, you are essentially treated like a 15 year old when you go to purchase games.  There shouldn't be a number, or a letter, or any sort of catagorization on games/movies/whatever. The label should say what kind of content is in the game, and people should decide for themselves what is appropriate for them or their children to experience. Parenting isn't a governement entitlement program.</body>
    </post>
    <post id="SD_274_14771455" ref="SD_274_14770152">
      <post_score>-1</post_score>
      <post_moderation>Flamebait</post_moderation>
      <user id="SD_917243">LeonGeeste</user>
      <date>1140540540</date>
      <body>Yeah, good point. And while we're at it, why Roman letters (A, B, C, D, Z)? Aren't Japanese characters good enough? Do they really hate their own native writing system that much? I can imagine a rating system like, "Nihongo" for "everybody" (since they think Japan is the world), "nino" for "appropriate for small children", "yakuza" for "appropriate for teens", and "seppuku" for "adults only". That way they wouldn't be aping the West.</body>
    </post>
    <post id="SD_274_14769977" ref="SD_274_14769833">
      <post_score>2</post_score>
      <user id="SD_154455">Jearil</user>
      <date>1140531000</date>
      <body>I don't know if it's as big of a deal in Japan. Well I guess it depends on the content, violence being worse than sex there.  I was just in Japan last week for vacation and went to a place in Osaka called Den Den Town. It's a street filled with shops that sell either anime action figures, manga, video games, or porn. The porn shops weren't shy about showing bared breasts on their front windows, right next to the video game and anime fan stores. I saw several UMD porn titles in video game shops in the PSP section as well. Something you'd never see in an EB Games or GameStop in the states.  Most of Japan isn't christian, and sex isn't some great evil like it is for some reason here in the states. Violence may be a different matter, though I saw GTA there as well. Overall I don't think it shall be as much of an issue in Japan.</body>
    </post>
    <post id="SD_274_14769953">
      <post_score>2</post_score>
      <post_moderation>Insightful</post_moderation>
      <user id="SD_935350">Zantetsuken</user>
      <date>1140530820</date>
      <body>It'll start out PERFECTLY FINE until ESRB goes and "suggests" things to em...</body>
    </post>
    <post id="SD_274_14769696">
      <post_score>4</post_score>
      <post_moderation>Funny</post_moderation>
      <user id="SD_930596">Oldsmobile</user>
      <date>1140529200</date>
      <body>What category does tentacle rape belong to?</body>
    </post>
    <post id="SD_274_14776385" ref="SD_274_14769917">
      <post_score>0</post_score>
      <user>Anonymous Coward</user>
      <date>1140602040</date>
      <body>  Where exactly would current well known games fit? Oh sure all the H games will probably be Z (although with the japanese you never know) but what about more common titles?   One example: GTA: SA (which release in Japan have been on hold precisely because of the idiotic CERO ratings) will be rated Z. What this means is that to buy your copy of GTA you'll have to go to the porn section of the store...   Is this just a renaming of the rating system or will this mean games that are currently for everyone will suddenly have a 18+ sticker slapped on them?   Some 15 and 18 rated games will become Z rated, i.e. "Adult Only."   Will this then affect sales?   Obviously, yes.   Will japanese retailers do the same and make it economically impossible to make risque games?   Yes. This is already happening all thanks to CERO.   At the moment japan seems to be far less strict about for instance nudity in games then the US (then again who isn't) is this going to chance?   It's actually more stricts towards imported games (check the Japanese version of games rated 15+ or M in NA, speaks for itself).</body>
    </post>
    <post id="SD_274_14770584" ref="SD_274_14770095">
      <post_score>1</post_score>
      <user id="SD_678490">svip</user>
      <date>1140535140</date>
      <body>The actual minigame showed less skin than Pokémon.</body>
    </post>
    <post id="SD_274_14772021" ref="SD_274_14770705">
      <post_score>2</post_score>
      <user id="SD_738779">Fred Or Alive</user>
      <date>1140544020</date>
      <body>Well, it depends on what you count as "goverment controlled", the BBFC ratings are legally enforcable, just like DVDs and videos, although the BBFC itself is independent. The PEGI ratings are advistory though.  But shops definatley don't have this hangup that US ones have about selling 18/AO rated stuff.</body>
    </post>
    <post id="SD_274_14769917">
      <post_score>1</post_score>
      <post_moderation>Troll</post_moderation>
      <user id="SD_593017">SmallFurryCreature</user>
      <date>1140530520</date>
      <body>Geez, if you wanted to do a porn mini game just fucking produce one. But no, some fuckwad makes a very poor stupid game, doesn't check his code and now we get stupid clampdown on games worldwide because you fuckwads. Well and the fuckwads who elect the goverments in question but they are to many so I just insult rockstar. So ehm, okay. Japanese games eh. Well why it is very nice knowing what age limits apply to each category this doesn't actually tell us anything. What is important for a rating system is to know what will be rated as what. Where exactly would current well known games fit? Oh sure all the H games will probably be Z (although with the japanese you never know) but what about more common titles? Is this just a renaming of the rating system or will this mean games that are currently for everyone will suddenly have a 18+ sticker slapped on them? Will this then affect sales? Rockstar losts lots of money (serves them right) on the GTA: SA debacle by not being sold by the big retailers. Will japanese retailers do the same and make it economically impossible to make risque games? At the moment japan seems to be far less strict about for instance nudity in games then the US (then again who isn't) is this going to chance? In short, will I have to look elsewhere for my pedo tentacle date rape sims (with sister character)? I need to know!  </body>
    </post>
    <post id="SD_274_14770589" ref="SD_274_14769849">
      <post_score>0</post_score>
      <user>Anonymous Coward</user>
      <date>1140535140</date>
      <body>...except smoking has been proven to cause cancer where as porn and violence in video games...not so much.</body>
    </post>
    <post id="SD_274_14770120">
      <post_score>0</post_score>
      <user>Anonymous Coward</user>
      <date>1140531960</date>
      <body>... when they must come up with something shortened to CERO instead of ZERO. :-p</body>
    </post>
    <post id="SD_274_14774020" ref="SD_274_14771751">
      <post_score>2</post_score>
      <user id="SD_614729">geminidomino</user>
      <date>1140564300</date>
      <body>Hm. You're right, I did miss that last part. I blame the migraine. My apologies. It must be said, though, that for a lot of the prud^Wpurita^wmore "sensitive" people (namely, the ones bitching about it), said sexual situation could,subjectively, be called "porn."</body>
    </post>
    <post id="SD_274_14771635" ref="SD_274_14771137">
      <post_score>2</post_score>
      <user id="SD_614729">geminidomino</user>
      <date>1140541560</date>
      <body>Right, the minigame was on the disk. I didn't deny that.  Err... yes you did.   There was NO porn minigame in GTA:SA There was NO porn minigame on the DISK There WAS a minigame featuring a sexual situation on par with an R rated movie which was not accessible without hacking save files on a proprietary memory card.</body>
    </post>
    <post id="SD_274_14770458" ref="SD_274_14769833">
      <post_score>2</post_score>
      <user id="SD_716763">ChibiOne</user>
      <date>1140534300</date>
      <body>Now now, I don't mean to flame you, but what makes you think the Japanese authorities are as hypocrital / prude as American authorities?  Japanese porn and sexshops are not tugged away in shady backstreets of Japanese cities: you can find them next to a Family Restaurant, electronics shops, boutiques, etc.  The tolerance of the Japanese society regarding sex and erotism (not to mention violence) is quite different from that seen in the States. Heck, just look at some of the TV anime series you can watch on broadcast Japanese TV: some show breasts, some show erotic situations, some show incredibles amounts of violence. Yet, they don't seem to care much.  I know: I've lived there.  </body>
    </post>
    <post id="SD_274_14769785" ref="SD_274_14769751">
      <post_score>1</post_score>
      <user id="SD_954708">smaerd</user>
      <date>1140529740</date>
      <body>Is that why Custer's Revenge sold so well? :)</body>
    </post>
    <post id="SD_274_14771939" ref="SD_274_14769696">
      <post_score>0</post_score>
      <user>Anonymous Coward</user>
      <date>1140543480</date>
      <body>Not just tentacle rape but what about all those 'hentai child rape' games in Japan, what will they be rated as?</body>
    </post>
    <post id="SD_274_14775775" ref="SD_274_14770661">
      <post_score>0</post_score>
      <user>Anonymous Coward</user>
      <date>1140596220</date>
      <body>Currently I'm living in Japan but never seen things like that on TV, channels such as NHK, Nihon TV, Asahi TV, TBS, Fuji TV and TV Tokyo. What program do you mean?</body>
    </post>
    <post id="SD_274_14770705" ref="SD_274_14769751">
      <post_score>1</post_score>
      <user id="SD_413251">Teiresias_UK</user>
      <date>1140536100</date>
      <body> It all depends on how well implemented the restrictions are. In the UK there have been (admittedly not government controlled) 18+ categories on games for a while, but to the best of my knowledge no one goves a hoot. Cigarettes and alcohol are legally age restricted over here, and companies can be punished for selling to minors ... is this maybe the way to go for games manufacturers to prove they're serious about age restrictions?  </body>
    </post>
    <post id="SD_274_14771137" ref="SD_274_14770498">
      <post_score>1</post_score>
      <user id="SD_896422">SeekerDarksteel</user>
      <date>1140538560</date>
      <body>Right, the minigame was on the disk. I didn't deny that. However the minigame is not available unless you hack a save file to make it available. Under normal playing conditions you can never unlock the mini-game.</body>
    </post>
    <post id="SD_274_14771824" ref="SD_274_14769930">
      <post_score>1</post_score>
      <user id="SD_890645">Fluffy the attack ki</user>
      <date>1140542880</date>
      <body> While I agree that the current 3/6/10/13/17/18 scheme is broken, I do not think that adding more categories is the answer. If you want better distrobution of the categories just redistribute them and be done with it. Is there really a good reason to have only a one year gap between the highest and second highest rating? Maybe I'll be modded troll for this, who knows, but I do not think that the AO rating will be taken seriously (by gamers at least) untill M is dropped far enough to make a real difference. To anybody who would disagree, I have a question: If a person isn't mature enough to safely play an M rated video game then how can they possibly be mature enough to drive a real car on real roads with real people's lives at stake? Certainly more deaths are caused each year by 16 year old drivers than by 16 year old gamers. So why aren't you out crusading against that right now?  </body>
    </post>
    <post id="SD_274_14771819" ref="SD_274_14769833">
      <post_score>2</post_score>
      <user id="SD_615356">westlake</user>
      <date>1140542760</date>
      <body>due to the completely voluntary "Comics Code Authority" label the industry came up with in response to pressure from such groups, the comic culture in the US was absolutely destroyed and the whole genre was relegated to the "childrens stuff" category in the popular mind. It still hasn't recovered from that blow, and as a result we no doubt missed out on some fantastic literature told in a way that traditional media (books) won't allow. Comic books were distributed through newstands, cigar stores and other very small neighborhood outlets. It was not at all helpful to the industry that the cigar store was likely to be a front for bookmaking, pornography, and the numbers game. But everywhere, Archie Andrews shared the same racks as the horror comics and the pulp-fiction sex and violence of Mickey Spillane. It wasn't censorship which killed the industry. It was flooding a family-oriented market with an exploitation product designed to compete with Mike Hammer. The "childrens stuff" in the comics included the work of Carl Barks. In the newspapers, one could find story-tellers like Al Capp, Milton Caniff, and Walt Kelly, and others, like the young Charles Schulz. There was Charles Addams in The New Yorker and Chuck Jones at Warner. The comic culture was diverse and vital.  </body>
    </post>
    <post id="SD_274_14771751" ref="SD_274_14771635">
      <post_score>1</post_score>
      <user id="SD_896422">SeekerDarksteel</user>
      <date>1140542340</date>
      <body>No no no, re-read what I wrote. For clarity I will bold for emphasis:  There was NO porn minigame on the DISK There WAS a minigame featuring a sexual situation on par with an R rated movie  My point was two-fold: (1) The fact that the game was on the disk was irrelevant as it was not accessible without hacking save files and (2) even if the game was accessible through normal gameplay it should not have received an AO rating because there is far worse sexual content in R rated movies.</body>
    </post>
    <post id="SD_274_14774651" ref="SD_274_14770241">
      <post_score>2</post_score>
      <user id="SD_857072">patio11</user>
      <date>1140571680</date>
      <body>Very true. When Illinois banned sales of GTA to minors, the law was swiftly quashed on constitutional grounds. When Kanagawa Prefecture and Saitama Prefecture did so, it wasn't.</body>
    </post>
    <post id="SD_274_14769857">
      <post_score>1</post_score>
      <user id="SD_954708">smaerd</user>
      <date>1140530160</date>
      <body>...that, at least, gives some idea WHY things are rated the way they are...  After kids are older than about 13, restricting their viewing/playing based on Language is pretty useless. Restricting viewing based on Nudity, Sexual Situations, I can dig that. And by restricting I mean PARENTAL ristricting. I'll make the choices on what I show my kids (when I have them) thank you. But a TV-M (L,N,SS, etc) is something I would find usefull.</body>
    </post>
    <post id="SD_274_14770342" ref="SD_274_14770152">
      <post_score>1</post_score>
      <user id="SD_865890">Kuukai</user>
      <date>1140533520</date>
      <body>I agree. "Cero 18" was a lot less cryptic than "Z". How the heck is this more intuitive? Not that many parents know too much about games, so they're more likely to respond to a big "18" (which as far as I know has been working beautifully) on the box than a Z...</body>
    </post>
    <post id="SD_274_14772349" ref="SD_274_14769696">
      <post_score>0</post_score>
      <user>Anonymous Coward</user>
      <date>1140546660</date>
      <body>That would get rated "G" for "Giggity!"</body>
    </post>
    <post id="SD_274_14770498" ref="SD_274_14770095">
      <post_score>2</post_score>
      <user id="SD_593017">SmallFurryCreature</user>
      <date>1140534540</date>
      <body>They said the hack added the game and then had to admit the minigame was there all the time. The hack did not add it, just made it available. That means it was on the disk. So unless they lied, then lied about lying your version is wrong. Wether you agree with outrage is not the point. It is all a bunch of crap but thanks to their screwup games have once again come under a lot of bad press and the censors live by that. Each time this happens they get new powers. So I stick with my point, thank you very fucking much rockstar. Next time just release a japanese porn game.  </body>
    </post>
    <post id="SD_274_14770046" ref="SD_274_14769833">
      <post_score>2</post_score>
      <user id="SD_866056">taskforce</user>
      <date>1140531420</date>
      <body>It probably won't happen in the Japan though. Japanese Culture is far removed from American Culture... there are a lot less people with too much time on their hands, yet not enough time to raise their kids themselves.  </body>
    </post>
    <post id="SD_274_14770204" ref="SD_274_14769849">
      <post_score>0</post_score>
      <user>Anonymous Coward</user>
      <date>1140532620</date>
      <body>That's because the North American ratings as they stand are not regulations, they're advisories, supposedly intended to allow the purchaser to have a general idea of what type of content is in the game. The theory is that by having the ratings, parents would observe and filter what games their children are allowed to purchase/play, and people who dislike any sort of objectionable content would easily be able to avoid it by looking on the box. This, of course, requires actual parenting, making it pretty unlikely to ever succeed.  The second step is self-censorship by retailers, which is where we're at now. It's currently up to each retailer whether or not they actually want to enforce the ratings. Most major store chains do have policies that supposedly limit the purchases of minors, but whether or not they're followed will always end up being decided by how strictly the stores enforce the limits on the clerks. This is unlike the case of alcohol and tobacco, because there's no government-enforced fine on the minimum-wage clerk, they just get told they're bad by the manager and lose a gold star. On the other hand, retailers could create stricter policies if they wanted to - said clerk would pay more attention if selling the game to a minor meant taking a few unpaid weeks off, for example.  To resolve this problem, new-generation consoles, and presumably the next version of Windows, are supposed to have the ESRB ratings encoded into the games themselves, which will allow parents to set the console up to disable games with content they don't want their kids to see (or games without encoded ratings information). This takes more time than expecting the retailers to hide the mature games, but is certainly easier than interacting with the kids, and probably the last step before outright government regulation. Hopefully the kids won't take the game to a friends house instead.</body>
    </post>
    <post id="SD_274_14769894" ref="SD_274_14769785">
      <post_score>2</post_score>
      <user id="SD_54550">Tackhead</user>
      <date>1140530340</date>
      <body>> Is that why Custer's Revenge sold so well? :) On a Japanese Atari 2600, everything looks like pubic hair.  </body>
    </post>
    <post id="SD_274_14769833" ref="SD_274_14769751">
      <post_score>5</post_score>
      <post_moderation>Insightful</post_moderation>
      <user id="SD_485">jandrese</user>
      <date>1140529980</date>
      <body>Except that it becomes de-facto regulation in no time. How long do you think it will take before municipalities (prefects? Dunno at what granularity the local government operates in Japan) start passing laws that prohibit sale of any of the "adult" games? How long until major chains declare that they're not carrying the adult games under the pressure of some focus group?  That's what happens in the States. Ratings systems just become convienent vehicles for no-thought censorship used by the usual suspects. I know it's all "for the children", but the effects can be detrimental to society as a whole. For instance, due to the completely voluntary "Comics Code Authority" label the industry came up with in response to pressure from such groups, the comic culture in the US was absolutely destroyed and the whole genre was relegated to the "childrens stuff" category in the popular mind. It still hasn't recovered from that blow, and as a result we no doubt missed out on some fantastic literature told in a way that traditional media (books) won't allow.</body>
    </post>
    <post id="SD_274_14770661">
      <post_score>1</post_score>
      <user id="SD_954490">rehtonAesoohC</user>
      <date>1140535740</date>
      <body>I lived in Japan for three (3) years, and while I was there, I noticed that many a time on Japanese televised game shows, women would end up topless, or expose some other part of their anatomy. For some reason, nekkid wimmins isn't quite a shock to the Japanese people as it is to Americans. This makes me wonder what kinds of B games from Japan could end up with a D (or Z, for that matter) rating here in the US.</body>
    </post>
    <post id="SD_274_14770095" ref="SD_274_14769917">
      <post_score>2</post_score>
      <post_moderation>Insightful</post_moderation>
      <user id="SD_896422">SeekerDarksteel</user>
      <date>1140531840</date>
      <body>I've said it once and I'll say it again: The only thing R*/TT did wrong in the whole Hot Coffee debacle is not calling out the people making a huge fuss over it on their bullshit. Instead they meekly hung their heads in shame and took their punishment, implicitly admitting guilt.  There was NO porn minigame in GTA:SA There was NO porn minigame on the DISK There WAS a minigame featuring a sexual situation on par with an R rated movie which was not accessible without hacking save files on a proprietary memory card.  The scary thing about the situation isn't that a game had its rating changed from M to AO and the company suffered. The scary thing is that the entire fiasco, the backlash, the outrage, and the re-rating was predicated on a complete and patent falsehood and people who should know better bought into it.</body>
    </post>
    <post id="SD_274_14771978" ref="SD_274_14771819">
      <post_score>2</post_score>
      <user id="SD_485">jandrese</user>
      <date>1140543780</date>
      <body>I'm having trouble parsing your post. Are you saying that the comics industry was killed because the family oriented comics were being sold in stores that were not family friendly? Or are you saying that the comics became less family friendly because they had to compete (Archie started blowing away zombies or something?). You're saying that the congressional probes that spooked the industry into adopting some grossly over-restrictive guidelines that forced the writers to either write cute girly comics or moralistic superheroes and drove most of the talent away from the industry had nothing to do with it?  I can't make out your point at all.</body>
    </post>
    <post id="SD_274_14776147" ref="SD_274_14770204">
      <post_score>1</post_score>
      <user id="SD_955755">Watson Ladd</user>
      <date>1140600120</date>
      <body>And if the game has no ESRB rating? Think small developers and illegal monopoly suits.</body>
    </post>
    <post id="SD_274_14769748" ref="SD_274_14769696">
      <post_score>5</post_score>
      <post_moderation>Funny</post_moderation>
      <user id="SD_2145">Evangelion</user>
      <date>1140529500</date>
      <body>That's the H rating.</body>
    </post>
  </posts>
</thread>
