<?xml version="1.0" encoding="iso-8859-1"?>
<!-- this file has been obtained by crawling internet sites by
Fundacio Barcelona Media please, access this site:
caw2.barcelonamedia.org to read the terms and conditions of use
 -->
<thread id="SD_422_2141213">
  <subdomain>politics</subdomain>
  <title>GSM Cell Phone Reception Quality?</title>
  <admin>Cliff</admin>
  <user>A not-so-anonymous reader asks: "I am about to buy a new cell phone and my primary focus is on good reception quality, as I have bad network coverage at home. I made some tests using some phones I have access to and got a subjective rating of T610 &lt; K500i &lt; 6520 &lt; V600i, where T610 means 'nearly no service' and V600i gives 'service even in the wine cellar'. Googling around did not give any useful hints. Has anyone compared the reception quality of current GSM phones via simple locations testing, or better yet with commercial GSM testing equipment</user>
  <date>1147449000</date>
  <topics>
    <main>Communications</main>
  </topics>
  <body>so-anonymous reader asks: "I am about to buy a new cell phone and my primary focus is on good reception quality, as I have bad network coverage at home. I made some tests using some phones I have access to and got a subjective rating of T610 &lt; K500i &lt; 6520 &lt; V600i, where T610 means 'nearly no service' and V600i gives 'service even in the wine cellar'. Googling around did not give any useful hints. Has anyone compared the reception quality of current GSM phones via simple locations testing, or better yet with commercial GSM testing equipment?"</body>
  <posts>
    <post id="SD_422_15323618">
      <post_score>0</post_score>
      <user>Anonymous Coward</user>
      <date>1147476600</date>
      <body>Consumer Reports reviewed phones, including this very feature, a couple months ago. http://www.consumerreports.org./ [www.consumerreports.org] I think a subscription is required for that article, but it's only ~$25.</body>
    </post>
    <post id="SD_422_15324257">
      <post_score>1</post_score>
      <user id="SD_688945">asit+ler</user>
      <date>1147501440</date>
      <body>noone's mentioned the Motorla V330. Waay more reliable than the V300, a decent camera, if it does take a long time to register the picture saves. I had no dropped calls, awesome reception everywhere but on the local mountain (cingular phones had reception up there, not my T-Mobile) and decent media features. I wouldn't recommend using the AIM client on it, it has some issues with 100+-member buddy lists.  But I lost that phone and upgraded to a T-Mobile (HTC) SDA (Hurricane) smartphone. Aside from the fact that it runs Windows Mobile instead of everyone's favorite operating system, and that the keys are incredibly close together and small, it's the best phone I've ever had occasion to handle. Relatively inexpensive, too.  Unfortunately, thanks to my credit rating, I am on SmartAccess for another 4 months, before I can get the data plan, so I can't really report on its GPRS/EDGE speeds or quality, but it does have decent WiFi support.  It doesn't use a standard mini-USB cable to connect to the computer, although it does charge with the same USB cable as I use to connect my PSP up.</body>
    </post>
    <post id="SD_422_15322811" ref="SD_422_15321745">
      <post_score>2</post_score>
      <user id="SD_698392">drsmack1</user>
      <date>1147460400</date>
      <body>*IF* you end up with one of these non "North American" you can use it effectivly with T-Mobile. They are 1900 MHz only throughout the US. I had to use them to use my XDA 2 in the US.</body>
    </post>
    <post id="SD_422_15327166" ref="SD_422_15323022">
      <post_score>1</post_score>
      <user id="SD_631050">cyman777</user>
      <date>1147544640</date>
      <body>How can a mobile phone be better shielded? Don't understand - I thought the signal from the mobile network is causing interference with loudspeakers, not the shielding of the internal electronics of the phone.</body>
    </post>
    <post id="SD_422_15323832" ref="SD_422_15321686">
      <post_score>0</post_score>
      <user>Anonymous Coward</user>
      <date>1147482900</date>
      <body>You bet - all you have to do is shove a wire up it. A short wire.</body>
    </post>
    <post id="SD_422_15322217">
      <post_score>1</post_score>
      <post_moderation>Offtopic</post_moderation>
      <user id="SD_589961">Frogbert</user>
      <date>1147453860</date>
      <body>If you want good reception just get a sheet of aluminum foil and hold it up next to the phone. It works.</body>
    </post>
    <post id="SD_422_15322842" ref="SD_422_15322811">
      <post_score>2</post_score>
      <user id="SD_2403">TheGreek</user>
      <date>1147460820</date>
      <body>Actually, T-Mobile's picked up a lot of GSM850 roaming nationwide.</body>
    </post>
    <post id="SD_422_15321811">
      <post_score>0</post_score>
      <user>Anonymous Coward</user>
      <date>1147450320</date>
      <body>I've never used anything but GSM (it's the standard here in the UK). But I've always had good reception. My current phone's a Nokia 3220, it was cheap as hell, and I can use it as a GPRS modem on my laptop.</body>
    </post>
    <post id="SD_422_15324291" ref="SD_422_15323748">
      <post_score>0</post_score>
      <user id="SD_170874">poolecl</user>
      <date>1147502580</date>
      <body>T-Mobile also has 850 coverage now through roaming agreements.</body>
    </post>
    <post id="SD_422_15321699">
      <post_score>3</post_score>
      <post_moderation>Informative</post_moderation>
      <user id="SD_962751">DrDitto</user>
      <date>1147449360</date>
      <body>There are a lot of factors that determine reception. I'm more familiar with CDMA, but both the noise floor and the signal strength determined reception quality. The noise floor is more of a factor w/ CDMA than GSM. And different phones use different algorithms for computing "the number of bars", so definitely don't use that to compare phones.  </body>
    </post>
    <post id="SD_422_15322484" ref="SD_422_15321780">
      <post_score>1</post_score>
      <user id="SD_962751">DrDitto</user>
      <date>1147456320</date>
      <body>That's the main reason that this question is somewhat flawed. Newer software on your phone will frequently improve reception, sometimes just because the new software is aware of more towers. So purchasing the same phone from the same provider at a later date can get you better reception.  The PRL (preferred roaming list) can be reprogrammed on all cellphones. The list of towers are not hard-coded into the software.</body>
    </post>
    <post id="SD_422_15324005" ref="SD_422_15323343">
      <post_score>1</post_score>
      <user id="SD_916940">livewire98801</user>
      <date>1147489920</date>
      <body>Actually, on a GSM phone, that data is pulled from the network on a regular interval or when the phone is powered on. With a CDMA network, it has to be downloaded to the phone manually (*228 on VZW).  I've found that I had much better performance with CDMA than GSM. My history of cellular history is Analog (Airtouch), TDMA (CellularOne), PCS-CDMA (Sprint) GSM-CDMA (T-Mobile), CDMA (Verizon), and GSM (Cingular). Of all, the best performance with Verizon wherever I've gone. Of the various phones I've used, I have never found handsets that compare to Nokia.  That being said, T-Mobile was the absolute worst, followed closely by Sprint. Cellular One was shaky at best, and they had a Magical Billing System that required constant attention, like the time I lost my battery (damn cat) and I got a bill with a $100 overage. Verizon had the best signal, but their customer service tanked. 'Worry free' my ass. I want to be able to change to a compatable handset without hearing a bunch of idiots telling me that my phone isn't compatable when it works better on their network than the ones I bought from them.  Cingular is my current provider, and they are second in signal to Verizon, but there's a long stretch between them. I often get static on the line, dropped calls, drop outs, digital interference, and failed connections. Since you don't actually get static on a digital GSM system, I must assume that there must be some problem on the backend that will be resolved as they finish their integration with ATT's network. I hope. Maybe? Their new ads about the fewest dropped calls is irritating. There is serious massaging of the data going on there. They can't be counting failed connections, or dropoffs between towers. Or calls that don't drop, but are otherwise useless, like one-way conversations and such. Still much better than T-Mo or CellOne->RCC->Unicel by a longshot.  Their customer service people actually listen to me and don't give me some bullshit story when I want them to do something. When they tell me no, it's for a valid reason, not "your phone is not compatable and/or E911 complient" when I used the SAME PHONE on their network for 8 months before with better service than any of the phones I bought from them, and the one time I called 911 on it, the operator knew where I was better than I did. If you have seen that rant before, then yes, I'm a little bitter about it, lol.  I would suggest that if you want the best signal, you get Verizon with a Nokia phone, you'll like the 6236, a friend has it and loves it. If you want decent signal with better customer service, go Cingular. If you want to constantly be chasing the edge of your signal, or redialing numbers, go with Sprint or T-Mobile.  And, if you want to communicate with someone, go to their house, eat their food, and laugh at their stupid jokes :-P</body>
    </post>
    <post id="SD_422_15321764">
      <post_score>0</post_score>
      <post_moderation>Troll</post_moderation>
      <user>Anonymous Coward</user>
      <date>1147449900</date>
      <body>...and I found that GSM, by and large sucked. So did most other digital cellular phones. My finding determined that analog phones provided the best sound quality, without exception!  In case you hadn't figured it out yet, digital communications of any kind is better for the provider than the consumer. For the consumer/quality, analog is always the better choice.  You may fire ^h^h^h^h moderate when ready.</body>
    </post>
    <post id="SD_422_15325418" ref="SD_422_15321844">
      <post_score>1</post_score>
      <user id="SD_813785">PhotoJim</user>
      <date>1147520100</date>
      <body>This poster wasn't joking. AMPS really does have the best sound quality. It's also highly inefficient in its spectrum usage, and anyone with a scanner can listen to your call, but the quality can't be beaten.  When an AMPS phone is in borderline coverage, you get static, but you can still talk (usually). At this point GSM and CDMA phones drop packets and you get strange gaps in the conversation. It's much harder to follow what the other person is saying.</body>
    </post>
    <post id="SD_422_15326081" ref="SD_422_15321944">
      <post_score>2</post_score>
      <user id="SD_50881">NateTech</user>
      <date>1147528740</date>
      <body>-97 dBm is a "relatively poor signal"?  I've got analog FM receivers here that will receive at 12 dB SINAD at -125 dBm!  If -97 dBm is poor quality on cell phones, no wonder they suck.</body>
    </post>
    <post id="SD_422_15325066" ref="SD_422_15321780">
      <post_score>2</post_score>
      <user id="SD_537420">IamTheRealMike</user>
      <date>1147516380</date>
      <body>The people who make the phones are typically not the same people as those who control call quality (which I guess is related to density/power of base stations). Why should they not add features when it's the operators problem to sort out reception issues?</body>
    </post>
    <post id="SD_422_15322070" ref="SD_422_15321764">
      <post_score>4</post_score>
      <post_moderation>Informative</post_moderation>
      <user id="SD_190895">riflemann</user>
      <date>1147452660</date>
      <body>A quick hover over the submitter's link would have shown he's in Europe. Like most of the rest of the world, Europe uses GSM. Reception for GSM there (here) is far better than the US - because it's the only system in most countries, there are more densely spaced nodes.  An in fact GSM is usually superior for the public - I can travel to any european country, or australia, or new zealand, or africa or the middle east or america and when i land, I turn on my phone and it just works. If I buy a new phone, I dont have to go to my provider and pick from their choice, I can buy one from anyone (in any of the above countries), stick in my SIM card and it works right away (subject to the 3 possible bands, most phones are at least tri-band).  OK, so GSM is a bit more picky in rural areas where you might be many km from a base station, but the freedom you get from GSM tends to outweigh a little spectrum inefficiency. 1.6 billion people use GSM.</body>
    </post>
    <post id="SD_422_15321733">
      <post_score>1</post_score>
      <user id="SD_610875">BillBrasky</user>
      <date>1147449660</date>
      <body>I live in an area with bad reception from nearly all cell carriers. I switched from sprint to att after a friend's phone (a Siemens GSM phone) seemed to work much better at my house. So, my first ATT phone was a NEC 520, but I could hardly keep a call for more than 5 minutes. Eventually, I upgraded to a RAZR V3, and my reception has vastly improved. So, yes, there are huge differences in handset reception, but I haven't seen any qualitative comparisons between handsets.</body>
    </post>
    <post id="SD_422_15321707">
      <post_score>1</post_score>
      <user id="SD_934481">Ponga</user>
      <date>1147449420</date>
      <body>T-mobile is the carrier. Now think, phone model is not the only consideration! As an aside, you should be able to compare the performace of the phone by doing a quick Google search on a few key factors such as: Max mW output, antenna dB rating, receiver sensitivity, etc.</body>
    </post>
    <post id="SD_422_15336119" ref="SD_422_15323343">
      <post_score>2</post_score>
      <user id="SD_16933">Elwood P Dowd</user>
      <date>1147694760</date>
      <body>  GSM phones carry a list of providers, ranked generally according to how much they'll charge your provider if you make a call on their network.  That's exactly what I was talking about. Where I live, some providers couldn't work anything out for a while, so some phones wouldn't use some towers at all. Sure, the phone got new information about which towers it had access to, but it didn't get information about which networks it was allowed to connect to.  I'm sure I could have manually updated my phone, but that wasn't my point. My point was that the comparison being made by this question is flawed. Two ostensibly identical phones from the same service provider can get different service, mostly based on how recently the phone was purchased.</body>
    </post>
    <post id="SD_422_15338525" ref="SD_422_15321684">
      <post_score>0</post_score>
      <user>Anonymous Coward</user>
      <date>1147710360</date>
      <body>I'd really like this phone except for three things: you can't assign different rings to different callers, the stupid camera button sticks out and gets pressed all the time making an annoying sound which can't be turned off, and the voice and microphone volume levels can't be controlled.</body>
    </post>
    <post id="SD_422_15326216" ref="SD_422_15322233">
      <post_score>1</post_score>
      <user id="SD_172285">palion</user>
      <date>1147530420</date>
      <body>W800i. Looks so so (the color is not everyone's taste), but works very well. Has some minor SW flaws (when you listen to ringtones they are very low, but they are loud enough when the phone actually rings), but otherwise is really nice. And the 2MPixel camera lacks a zoom (I don't know of any phone that has a zoom :-) but is otherwise of good quality.  I've had a 610, 630, 750, and the 800 is the nicest one, has the best camera by far, nice menu, good display (quite a good resolution) and has the best quality keyboard (not this rubber stuff, but real hard plastic keys).  The 800 has an MP3 player inside. I don't use it at all, but you can spare the iPod I guess.  It has an SD slot, and it comes with a 512MB card. Ten hours of music or about 1500 images.</body>
    </post>
    <post id="SD_422_15321730">
      <post_score>-1</post_score>
      <post_moderation>Troll</post_moderation>
      <user>Anonymous Coward</user>
      <date>1147449600</date>
      <body>Even my hamster can get a signal when I'm in the dungeon and he's in my ass.</body>
    </post>
    <post id="SD_422_15340824" ref="SD_422_15321780">
      <post_score>2</post_score>
      <user id="SD_636144">RMH101</user>
      <date>1147748700</date>
      <body>It's not the phone dropping the call - it's the network. Each GSM cell phone tower can only handle a finite number of calls. Any more than that and you'll either fail to dial a call, or if you're handing over from one cell to another (and remember, GSM cells are quite small on some networks dependant on frequency) then you'll drop the call. The GSM specs are even bright enough to force dropped calls if a user is in a cell that's full to capacity, and someone dials an emergency number - in this case it'll drop a few calls to let yours through. You'll notice that some networks advertise their low dropped call rate...</body>
    </post>
    <post id="SD_422_15322993">
      <post_score>0</post_score>
      <user>Anonymous Coward</user>
      <date>1147463160</date>
      <body>and V600i gives 'service even in the wine cellar'  What an ostentatious name for your parents' basement!</body>
    </post>
    <post id="SD_422_15321944">
      <post_score>5</post_score>
      <post_moderation>Informative</post_moderation>
      <user id="SD_143006">jodonoghue</user>
      <date>1147451700</date>
      <body>I assume that you're in the United States.  A few simple rules of thumb should see you clear:  1) You should try to get a phone which supports the 850 band, as this gives far better in-building coverage than 1900. 2) The network you choose probably makes more difference than the phone you choose. Choose the network with the best coverage in your area, if you're in a poor service location. 3) There's not that much difference between the sensitivity of different GSM phones - they all have to meet the same RF specifications, and few beat them by very much. However, an external (stubby) antenna, while possibly causing an unsightly bulge in your trousers, will probably give silghtly better reception in practice than one with an internal patch antenna, if only because you won't get the attenuation from your hand while you're holding it. 4) Please, please don't use the signal strength meter as a guide. A true story: some years back I was working for a manufacturer whose new phone was slated by a magazine for "poor sensitivity". We tested the review phone when it came back and it was working very well. We loaded some new software which showed full signal strength for a relatively poor signal (about -97dBm, IIRC), and sent it (exactly the same phone) back. In the next issue the magazine printed a note to say that they had since tested a new sample of our phone which was much more sensitive... 5) If you're really still looking at marginal differences, Motorola phones often have slightly better sensitivity than average in the 1900MHz band. Alternatively (may not be what you're looking for as UMTS, not GSM), phones with the Qualcomm chipsets can be tuned to turn in very good performance. I have an LG U880 which pulls a signal when most others fail. I must admit an interest here, as a Qualcomm employee, but our GSM/GPRS implementation really is among the best around.</body>
    </post>
    <post id="SD_422_15322323">
      <post_score>0</post_score>
      <user>Anonymous Coward</user>
      <date>1147454820</date>
      <body>Have a look at booster / amplifiers. www.smoothtalker.com sells the top of the line for that. Their website doesn't show europe models but you can call them and they'll have that information for you (just picked one up for my dad who is taking a trip to Italy soon).  I use (North American) one for my ride up to the cottage (and at the cottage).</body>
    </post>
    <post id="SD_422_15321761">
      <post_score>0</post_score>
      <post_moderation>Offtopic</post_moderation>
      <user id="SD_634315">LiquidCoooled</user>
      <date>1147449900</date>
      <body>On slashdot, the standard reply should be....  I gave up my cellphone because my mom found it easier to shout down to the basement to tell me dinner was ready.</body>
    </post>
    <post id="SD_422_15321681">
      <post_score>5</post_score>
      <post_moderation>Informative</post_moderation>
      <user id="SD_529123">non-poster</user>
      <date>1147449240</date>
      <body>Go to Howard Forums [howardforums.com] and search/re-post your question. I'm pretty sure it's been discussed a quadrillion times.</body>
    </post>
    <post id="SD_422_15323007" ref="SD_422_15322513">
      <post_score>2</post_score>
      <user id="SD_68377">cdrudge</user>
      <date>1147463400</date>
      <body>Do any providers guarantee coverage anywhere? Most contracts I've ever had have had provisions that explicitly say that coverage was not guaranteed anywhere.</body>
    </post>
    <post id="SD_422_15322513" ref="SD_422_15321944">
      <post_score>1</post_score>
      <user id="SD_528076">Blimbo</user>
      <date>1147456680</date>
      <body>Granted the 850 band is a big factor in building penetration, however another significant factor is simply the level of coverage in a given area. For example, T-Mobile quantifies their coverage as Fair, Good, and Great. Typically the only difference between good and great may be data transfer speeds, especially with EDGE compatible devices. However in a Fair coverage area, they do not guaranty any signal inside a building, residential or otherwise, and they put that into your contract (always read the fine print).  Check out the coverage levels at http://www.t-mobile.com/coverage/?class=coverage [t-mobile.com].</body>
    </post>
    <post id="SD_422_15340969" ref="SD_422_15324235">
      <post_score>2</post_score>
      <user id="SD_636144">RMH101</user>
      <date>1147752360</date>
      <body>perhaps the better reception is because your phone's old enough to do it through brute force and a higher wattage. there's a lot of concern over mobile phone radiation and so handsets now tend to be lower in wattage and more significantly have shaped antennae so they don't radiate towards your head. these two factors tend to have a slightly negative effect on signal strength, particularly now that stubby antennae are unfashionable.</body>
    </post>
    <post id="SD_422_15326108" ref="SD_422_15325418">
      <post_score>0</post_score>
      <user id="SD_935335">jrmcferren</user>
      <date>1147529100</date>
      <body>Right on, AMPS has it's downfalls, I was not trying to be funny and so on.  When AMPS came out the quality was as bad as current technologies, by the time current technologies came out they saw how people put up with the shittier AMPS phones so they compressed the calls some more.  AMPS is nearly the same quality of a wireline phone.  AMPS phones put out more power too which made them a little better in weak spots, for example my dorm room. Look at this chart: PHONE SYSTEM   MAX POWER IN WATTS AMPS           0.6 handheld 3 other CDMA           0.2 handheld 2 other Other systems  I don't know</body>
    </post>
    <post id="SD_422_15321857" ref="SD_422_15321684">
      <post_score>4</post_score>
      <post_moderation>Insightful</post_moderation>
      <user id="SD_162816">fm6</user>
      <date>1147450800</date>
      <body>The dude asks for objective test results, and you give him the usual subjective anecdotes. I too have a Z520A, and I too get good reception. But is it because it's a GSM phone? Or is it because I happen to be in an area that's well served by Cingular?</body>
    </post>
    <post id="SD_422_15323585">
      <post_score>1</post_score>
      <user id="SD_614688">QangMartoq</user>
      <date>1147475580</date>
      <body>As the subject says, have you tried a Nokia 6010 yet? It's a very basic phone, but it has stellar RF performance and very good battery life. It's also quite durable. It's also free from most providers, or can be had for $50 or less elsewhere. If you're looking to just try it out, hunt down a T-Mobile ToGo Nokia 6010 Starter Kit. This is T-Mobile's prepaid service, but the phone is the same as what you'd get on a postpaid account. Being that it's in a prepaid kit, you can usually return it to the store within 30 days and get your money back. Also, being a Nokia, it's very easy to unlock so that it will accept the SIM of any provider. It also comes with support for both 850Mhz and 1900Mhz frquencies. Give it a try - It just might suit you.  </body>
    </post>
    <post id="SD_422_15324947" ref="SD_422_15322937">
      <post_score>1</post_score>
      <user id="SD_539630">kwench</user>
      <date>1147515000</date>
      <body>Honestly, is the mobilphone stoftware stable?  I have so far owned Siemens, Nokia and Motorola.  I hate to admit that the Nokia phones seemed to be the stablest ones: no hangups, excellent battery. But rumors out there say that there are plenty of SMS and MMS exploits out there in the wild for Nokia. And I don't like the menu system.  Both Siemens M35i and Motorola V220 tend to lock up and lose 80% of their battery capacity after about 1.5 years.  The antenna sensitivity seemed to be equal to all phones. But sometimes the callee complained that my voice was low when I used the Motorola V220.</body>
    </post>
    <post id="SD_422_15323343" ref="SD_422_15322946">
      <post_score>1</post_score>
      <user id="SD_716221">Beardydog</user>
      <date>1147469940</date>
      <body>"...So purchasing the same phone from the same provider at a later date can get you better reception." "Unfortunately that's wrong." Actually, under certain circumstances, it's possible. GSM phones carry a list of providers, ranked generally according to how much they'll charge your provider if you make a call on their network. It's possible for a provider to be blocked completely, or ranked low enough that your phone will talk to a cheaper tower with a poorer signal. But this information can get outdated, meaning that a cheaper tower with better reception might be ignored based on old settings. Buying a new phone would probably fix the problem, but a better idea is to call your carrier and let them push the most recent version to you. A phone should never have -no- reception because of this, as the data is only for picking between multiple towers (unless a certain tower is gouging the hell out of everyone).</body>
    </post>
    <post id="SD_422_15323403" ref="SD_422_15322937">
      <post_score>2</post_score>
      <user id="SD_99615">RogerWilco</user>
      <date>1147471080</date>
      <body>I,ve only used Nokia and SonyEricsson, but my experience exactlymatches yours. The Nokia just works, and keeps having a clear signal up to the maximum range (no "under water noise") The Sony also sometimes failed to ring, had much poorer sound when the signal became less, and a much les understandable interface, but it was also a lot cheaper.  I realy like my new Nokia N70, but also had other ones in the past that performed fine.  I don't like Siemens either, but have little experience with them.</body>
    </post>
    <post id="SD_422_15321745">
      <post_score>1</post_score>
      <user id="SD_90981">Aarondeep</user>
      <date>1147449720</date>
      <body>You seem to be looking at phones in the 900/1800/1900 frequency range. Great for other parts of the world, but only 1 of those frequencies (1900 works in North America). You should look into a quadband or other triband phones that include the 850mhz range. Most mobile carriers in the US only sell these types of phones due to quality issues.</body>
    </post>
    <post id="SD_422_15336197" ref="SD_422_15324947">
      <post_score>1</post_score>
      <user id="SD_79572">thedave</user>
      <date>1147695180</date>
      <body>I find that regardless of vendor, battery performance really starts to drop around 400 charges (1.5 years by my standards).  But, I have the same problems with my laptops.  The only Nokia I've had software issues with was the 6600. It was less stable than Windows 95. I'd frequently get into the mode where it would refuse to hangup a call. I've got one on my desk right now that gets the error "Illegal Function call. Unable to start screensaver."  Running GPRS over bluetooth really seems to give them fits. Not crashing per se, but weird pauses.  The rest of the Nokia's have been rock solid, appliance quality software. No crashes that I can think of except one: the phone that looks like a lipstick case (forget the model number) locked up displaying mapquest.com. It was totally unresponsive. It wouldn't even power down. It was set to auto answer and would receive calls. Pulling the battery and removing the sim didn't change anything. Sent it back to Nokia and got a new one. No problems since. The new one even displays mapquest.com without issue.  </body>
    </post>
    <post id="SD_422_15340939" ref="SD_422_15326427">
      <post_score>2</post_score>
      <user id="SD_636144">RMH101</user>
      <date>1147751580</date>
      <body>1) RAZRs suck. Hard. They look nice, but the software's appalling: and I mean just in general use as a phone. Ugh. Crappy synch, horrendous UI, stupid menus. 2) Your RAZR's large? The *only* thing it has going for it is the small size and shirt-pocketability. 3) The camera adds approximately 1/10th of a metric bugger-all to the dimensions of your phone. If it's got interference and banding on the image, it's faulty. Most RAZRs don't do this. If you don't like being restricted on where you take it, poke the lens out with a small screwdriver or paint it over black like big corporates with camera restrictions do.</body>
    </post>
    <post id="SD_422_15322937">
      <post_score>5</post_score>
      <post_moderation>Informative</post_moderation>
      <user id="SD_79572">thedave</user>
      <date>1147462200</date>
      <body>I normally don't participate in these discussions, because some Radio Engineer will tell you about dB and wattage, and yet another guy will talk to sound quality with the golden ear of an orchestra conductor.  I on the other hand have the leaden ear of an engineer and the engineering skills of an orchestra conductor. But, I use cell phones a lot. I use my phone around 3500 prime time minutes a month, and I don't have any idea how many non-prime I use. I charge my phone nightly, and it usually needs it. I send over 1000 text messages a month. And, all I care about is how well they work. I don't care about the camera, I don't care about the video games, and I don't care about the lifestyle accessories.  All cellular systems suffer from the flaw that structure, geography and EM interference separate you from their network. That aside, you then look at the robustness of the protocols, the length of talk time, how well they work in noisy environments, what they make your voice sound like on the other end, whether or not you can hear the ring tone, how easy is it to place a call, how easy is it to add a number to the address book.  The really important thing to ask is how well does a given phone and network perform in the places where I need to use it? For me, it's the office, my house, my car and in large international cities. I need a reasonably up to date phone that supports all the network features.  Given these criteria, a GSM world phone is the only phone for me.  The most trying environments for my phone seems to be switching cells in rush hour traffic, my brother's house and a 150 yard stretch between my San Francisco apartment and I-80.  That said, I have settled on T-Mobile, because with them I get the talk time and text message count I need, and their international support is very good (after all my first T-mobile account was in the UK).  Now, onto the question asked. Assuming GSM and T-mobile, my history has led me to the Nokia 6230i.  I have used Motorola, Nokia, Samsung and Sony within these parameters and my conclusions are as follow:  Motorola - Motorola makes by far the best radio. Motorola definitely has two lines of phone: the toy phone, and the serious phone. The toy phones are flimsy pieces of crap. But, their serious phones are rugged workhorses. If all you care about it making calls, they are the best phone out there. Especially their phones with external antennas. The sound quality in noisy environments is good, and the sound quality in quiet environments is excellent. The battery life is good, and their displays are easy to read. But, the displays typically don't tell you much. And the menus and contact management features are almost useless. Nokia - They are my preferred phone brand. Don't mess with their low end consumer models, and be prepared to shell out the cash from an unlocked phone. But, most of their phones in the 6200, 8000 and 9000 lines are exceptional communication devices. They place and receive calls intuitively. They seem to roam through crowded cells very well. The menu system is designed for a phone not a PDA. The contact management and synchronization tools for windows are pretty good. The sound quality in noisy environments is fair, but reliable. Their sound reproduction in quiet environments is excellent. And, their support is excellent. Samsung - Of all the brands, I have the least experience with Samsung. I had one as a temporary replacement while I was on vacation. It was small, light and pretty. It received the few calls I needed without any problems, but I did not place many calls. Under normal conditions I had no problems with sound quality, and had no dropped calls. But, again, conditions for that phone were almost ideal. My impression was that it would not have the staying power to survive my usage. But, I have friends who contradict me on this. Sony - The undisputed king of consumer electronics makes terrible pho    Read the rest of this comment...</body>
    </post>
    <post id="SD_422_15323748">
      <post_score>1</post_score>
      <user id="SD_121197">mah!</user>
      <date>1147479720</date>
      <body>A couple of notes, before going over to Steve Punter's Cell Phone Page [arcx.com] where reviews are for serious phones, and thorough.  the two bands that matter in the U S of A are 850 and 1900 for Cingular, while T-Mobile has only 1900 (weird regulations), and almos everywhere else in the world GSM is the main cellphone system with 900 and 1800 bands. phones do have quite different signal reception qualities. In my personal experience a Motorola P280 still remains possibly the best and a Sony Ericsson t68 probably the worst for 1900-only reception. Quad bands such as Motorola v400, various v5xx do quite well, albeit good old 900-only Startacs still remain in fond memories...   </body>
    </post>
    <post id="SD_422_15322515" ref="SD_422_15321780">
      <post_score>4</post_score>
      <post_moderation>Informative</post_moderation>
      <user id="SD_444053">slashdot_commentator</user>
      <date>1147456680</date>
      <body>If you're going to have a camera on a phone, it SHOULD be an 8 megapixel camera. It makes your camera a 2-in-1 device (no need to bring/own a fancy shmancy camera). Real handy if you're a insurance claims adjuster, contractor, Al-Queda terrorist, or live in NYC and like to risk your life photographing murders or police brutality.  I, on the other hand, am quite DISPLEASED that they put a crappy camera on my Treo 600. If I go to court, or certain gov't buildings, they take it away from me.</body>
    </post>
    <post id="SD_422_15323022">
      <post_score>1</post_score>
      <user id="SD_525864">dpu</user>
      <date>1147463760</date>
      <body>I haven't used the other phones on your list, but I can weigh in on the T610 and the K300 (similar to the K500, but lesser gooda).  The T610 has great sound quality, is very well shielded (there is NO interference from the phone with my computer speakers), and the built-in software has a lot of little features to play with. The battery lasts for days (I use about 3 hours per day on this phone). I use bluetooth to get information between the phone and my T|X pretty frequently too.  On the dark side, the reception can be spotty. If you already know your reception at home is crap, this is not the phone for you. But when you have a good signal, it's as clear as a bell.  The K300 has slightly lower sound quality (still well within the usable range), and while the built-in software is simplified compared to the T610, it's also better. The reception is beautiful - I get a full-strength signal on this phone while the T610 actually disconnects from the network in places.  The problem I have with this phone is the shielding - my computer speakers go absolutely postal when this phone is about to ring. It also feels a little flimsy compared to the T610. I just wish it had bluetooth.</body>
    </post>
    <post id="SD_422_15326282" ref="SD_422_15326216">
      <post_score>1</post_score>
      <user id="SD_930551">original_nickname</user>
      <date>1147531380</date>
      <body>Indeed! the W800i is a K750i (identical hardware/interchangeable parts) with better walkman software, better headphones and a bigger stick and a white case. The W810i is nearly the same phone as the W800i with a slightly different button arrangement and a (IMHO nicer) black case.  The W800i costs a bit more usually, but if you want to spend more, get the W800 over the K750 every time! (You can also flash the W800i firmware onto a K750i and get a W800i, but the memory stick+headphones are worth more than the price difference!).  The K800i that is going to come out looks to be a W800i (it has the walkman stuff) with a 3.2 MP Camera and slightly updated firmware.</body>
    </post>
    <post id="SD_422_15326954" ref="SD_422_15323916">
      <post_score>1</post_score>
      <user id="SD_519567">schotty</user>
      <date>1147541580</date>
      <body>However for those of us that ARE in the US, that was some damn useful info.</body>
    </post>
    <post id="SD_422_15340977" ref="SD_422_15323007">
      <post_score>2</post_score>
      <user id="SD_636144">RMH101</user>
      <date>1147752540</date>
      <body>...because some /. geek would sue them for it not working in his faraday-cage-lined basement.</body>
    </post>
    <post id="SD_422_15322233">
      <post_score>1</post_score>
      <user id="SD_930551">original_nickname</user>
      <date>1147453980</date>
      <body>Don't know about the middle two, but I've owned a T610, V600i and K750i (I'm assuming you mean a Sony Ericsson V600i here). I'd say (for GSM reception) T610 K750 V600. The new K800 (combined features of V600/K750) looks amazing though, if you can wait and afford it...  The V600i has the best reception by a long way, and is also a world phone - it'll even work in Japan. It will use a 3G network where one is available, which gives it far superior quality than the GSM handsets. I always get very clear reception if I'm using mine in the city.</body>
    </post>
    <post id="SD_422_15323916" ref="SD_422_15321944">
      <post_score>4</post_score>
      <post_moderation>Informative</post_moderation>
      <user id="SD_190895">riflemann</user>
      <date>1147485960</date>
      <body>I assume that you're in the United States.  *Sigh*. If you bothered to hover your mouse over his "username", you'd have seen the domain is ".de".  He's in Europe, not the US. Mobile phone topics are totally different, especialy when it comes to providers. Please take at least a fraction of a second to find out something about the submitter.  (Yeah yeah slashdot, it's post-before-read-etc.) //gripe</body>
    </post>
    <post id="SD_422_15322492" ref="SD_422_15321684">
      <post_score>-1</post_score>
      <post_moderation>Offtopic</post_moderation>
      <user id="SD_944542">volvolus</user>
      <date>1147456440</date>
      <body> Hunterx11, I'd like to buy your rock.  </body>
    </post>
    <post id="SD_422_15326427" ref="SD_422_15322515">
      <post_score>4</post_score>
      <post_moderation>Informative</post_moderation>
      <user id="SD_600101">ottothecow</user>
      <date>1147533780</date>
      <body>Why can't they give me a good phone without a camera. I really like my black razr that came free after rebate. It's not got the feature set of a smartphone, its internet is slow and useless but as a phone it is great. It is thin but it is actually quite large which makes it nice to talk on, the messaging and voice features do everything I want (after a firmware update to allow multi-letter searches) but that damn camera just sits there. If I do try to use it, it takes such bad pictures that it is useless. When I look at the live disply trying to set up the picture, it doesnt look THAT bad for a camera but when I actually take the picture, I get this ugly thing with wierd interference patterns. Completely useless for any of the arguments they make for cameraphones (like hit and run license plate gathering). This completely useless and poor feature means my phone cant be with me in certain places but if I want something without the camera, my only options are old phones or new cheaply built poorly featured phones. I don't really want an 8mp camera on my phone either. What matters more is the quality of the optics and even on the slim cameras with good optics (like the newer canon SDXXX series), the optics take up a lot of space. The smallest camera I have access to (friends with SD450s off of slickdeals)takes good pictures for its size but is larger and heavier than my phone and gets nowhere near the battery life when in use.  </body>
    </post>
    <post id="SD_422_15321684">
      <post_score>3</post_score>
      <post_moderation>Informative</post_moderation>
      <user id="SD_596407">brettlbecker</user>
      <date>1147449240</date>
      <body>I've had nothing but clear calls and good reception from my 2-months-old Sony Ericsson z520a. Pretty cheap, too, plus it's a quad-band world phone. By far the best phone I've ever had in terms of reception, voice quality, battery life, and general, all-around easy-to-use-ness in a small, palm-friendly clamshell.  B</body>
    </post>
    <post id="SD_422_15322410" ref="SD_422_15322217">
      <post_score>0</post_score>
      <post_moderation>Offtopic</post_moderation>
      <user id="SD_712728">AequitasVeritas</user>
      <date>1147455720</date>
      <body>you may also consider your alien mind-reader blocking hat as an external antenna, since i know all of us on /. wear them everywhere... just run a wire from the hat to the phone. or maybe there is a reason all my "friends" refust to hang out with me anymore...</body>
    </post>
    <post id="SD_422_15321780" ref="SD_422_15321699">
      <post_score>4</post_score>
      <post_moderation>Insightful</post_moderation>
      <user id="SD_3706">Tumbleweed</user>
      <date>1147450020</date>
      <body>And different phones use different algorithms for computing "the number of bars", so definitely don't use that to compare phones.  And you can't even use it as a guide on an individual phone - I've lost connection on phones when the signal strength showed medium or above - just boom, signal gone.  Cellphones suck, and they don't seem to be working on improving call quality - just adding stupid features. Who the hell needs an 8 megapixel camera on their cellphone?!</body>
    </post>
    <post id="SD_422_15323330" ref="SD_422_15323022">
      <post_score>2</post_score>
      <user id="SD_760022">SillyNickName4me</user>
      <date>1147469760</date>
      <body>I still happen to have an old t39m around with 2 good batteries, which I use mostly.. its simple, esp. to todays standards, but it does bluetooth and gprs, has a very good sound quality and receiption..  Almost a year ago, I got a free k300 from my provider (simlock free even), and didn't expect much of it. While as you say it doesn't seem overly sturdy, I was happily surprised by its sound quality and user interface. Its reception however is inferior to that of my old t39m, or so it seems from the number of calls it drops in slightly difficult conditions, as is its capability to roam between busy cells.  On the other hand, its gprs performance seems better and more reliable.. makes you wonder how much of this is really a matter of reception.</body>
    </post>
    <post id="SD_422_15324235" ref="SD_422_15321944">
      <post_score>2</post_score>
      <user id="SD_173459">Sique</user>
      <date>1147500540</date>
      <body>   3) There's not that much difference between the sensitivity of different GSM phones - they all have to meet the same RF specifications, and few beat them by very much. However, an external (stubby) antenna, while possibly causing an unsightly bulge in your trousers, will probably give silghtly better reception in practice than one with an internal patch antenna, if only because you won't get the attenuation from your hand while you're holding it.    I doubt that. I have an old (yeah... very old) Motorola 7089, which beats all newer phones I ever used in reception and quality of sound. Saddly the battery is getting weak and gives only about half a day of standby now, so I can't use it anymore for more than just check the signal intensity :)</body>
    </post>
    <post id="SD_422_15322946" ref="SD_422_15322419">
      <post_score>1</post_score>
      <user id="SD_677619">J2000_ca</user>
      <date>1147462380</date>
      <body>"Newer software on your phone will frequently improve reception, sometimes just because the new software is aware of more towers. So purchasing the same phone from the same provider at a later date can get you better reception." Unfortunately that's wrong. The towers are not hard coded into the phone and a software fix cannot fundementally alter the reception. However your are probably referring to different version of the same phone which do change the hardware and software in the phone.</body>
    </post>
    <post id="SD_422_15321844" ref="SD_422_15321764">
      <post_score>1</post_score>
      <post_moderation>Funny</post_moderation>
      <user id="SD_935335">jrmcferren</user>
      <date>1147450620</date>
      <body>I have to agree on that one, what ever happened to the MicroTac? AMPS is a superior technology for call quality.</body>
    </post>
    <post id="SD_422_15322419" ref="SD_422_15321780">
      <post_score>2</post_score>
      <user id="SD_16933">Elwood P Dowd</user>
      <date>1147455780</date>
      <body>  they don't seem to be working on improving call quality - just adding stupid features.  I disagree.  The latest free phone I got from Verizon has three "extra" features: speakerphone, flashlight, and three built in games. My understanding was that Verizon's whole business model was that phones were crippled but could download expensive shit. This phone can't download anything. It's great.  Every phone I've purchased has had better reception than the one before it, aside from when I've accidentally downgraded providers.  That's the main reason that this question is somewhat flawed. Newer software on your phone will frequently improve reception, sometimes just because the new software is aware of more towers. So purchasing the same phone from the same provider at a later date can get you better reception.  And I wouldn't be too surprised if bugs crept into these updates once or twice. So basically, get the best provider, and then try different phones until it works. Do not be shy about returning those things immediately.</body>
    </post>
    <post id="SD_422_15321906">
      <post_score>2</post_score>
      <post_moderation>Interesting</post_moderation>
      <user id="SD_106309">wb8wsf</user>
      <date>1147451280</date>
      <body>I have T-Mobile. The T stands for tenuous, but when I'm near a tower the voice quality is excellent.  Trying to determine the best phone is just about impossible however, because of the variations in the phones themselves. Sad to say, but after the "bag phones" each generation after got a little worse in terms of build quality. I have a V66 from Motorola, which I've dived into a couple of times now, to tweak things and make it more reliable. My wife's V66 was never as sensitive as mine, such that in null spots I could often get a signal and make a call when hers could not. Looking around for others with T-Mobile at school she found the T610 which performed better than her phone, so I scrounged one up on Ebay. I must say, this phone does a great job of picking up *everything* in a room. You could consider it a bugging device almost. ...But it wasn't as sensitive as the one that convinced her to get one, which was another data point that todays phones are really rather random in terms of their quality.  I think the best bet is to buy a phone at some place where you can take it back if you don't like it.</body>
    </post>
    <post id="SD_422_15323720">
      <post_score>2</post_score>
      <user id="SD_766107">artifex2004</user>
      <date>1147479180</date>
      <body>get a cell phone repeater. $500 or so, maybe.</body>
    </post>
    <post id="SD_422_15321686">
      <post_score>-1</post_score>
      <user id="SD_529859">TeleoMan</user>
      <date>1147449240</date>
      <body>Could I use my penis as a make-shift antenna to test cellphone reception quality?</body>
    </post>
    <post id="SD_422_15323636" ref="SD_422_15323343">
      <post_score>2</post_score>
      <user id="SD_621929">GuyWithLag</user>
      <date>1147476960</date>
      <body>Well, you can manually select the roaming provider on GSM phones, at least here in ye olde Europe, don't know if they have crippled that feature over there...</body>
    </post>
    <post id="SD_422_15323418" ref="SD_422_15321944">
      <post_score>2</post_score>
      <user id="SD_99615">RogerWilco</user>
      <date>1147471500</date>
      <body>I find the difference in reception quality between my old Sony and my new Nokia, quite big. I work in an official no RFI zone, in my country one of the few places with very poor reception (GSM). The Nokia does not give these "Under water sounds" that the Sony gives when they're at almost no signal. (same location same provider, only different phone) They both sometimes drop the entire conversation, if I move while on the phone, so the actual ability to receive the signal probably is about the same.</body>
    </post>
    <post id="SD_422_15326013">
      <post_score>0</post_score>
      <user id="SD_661872">foxhound01</user>
      <date>1147527840</date>
      <body>stay away from samsung phones when you have GSM service...everyone i know who has one always blames the service provider when they don't get good reception, but i have a moto V551, and get flawless service at the same places the samsung owners get little or no service. Though i hear their CDMA phones are much better.</body>
    </post>
    <post id="SD_422_15323262" ref="SD_422_15321684">
      <post_score>0</post_score>
      <user>Anonymous Coward</user>
      <date>1147468140</date>
      <body>As a SE z520a owner, I'll add some more anecdotal, and some free paranoid ravings to boot...  I've had the phone for a little over a month. I'm in the Denver metro area. I talk a lot to another cingular customer. I've experienced a lot of dropped calls. It also frequently goes blank/silent for several seconds, like it might drop the call. Doesn't matter if it says full signal strength or not. This phone looks cool, you can record your own MP3s as ringtones with the USB cable which totally rocks.  One thing about GSM, seems to be lots of staticy noisey interference on stereos. It makes me insane in my car, walking past/near TV, or PC. It's horrible and I totally hate it. Periodic or highly frequent interference, just pisses me off. I turn off my phone a lot now and just take messages.  And crazy talk from the pyscho conspiracy fringe element: http://www.arcticbeacon.com/12-May-2006.html [arcticbeacon.com]  Leslie Oliver is being "cooked alive" and Jesus Mendoza is dying a slow "electronic death," as two more stories surface about torture and abuse at the hands of a totalitarian U.S. government using high-grade military weaponry against its own people.  Their stories of gang stalking and electronic harassment, by a U.S. government grown mad with power, add to a growing list of thousands of Americans who are desperately trying to alert the public about what they call "the perfect crime."  ...  Regarding the type of torture Mendoza and his family endures on a daily basis, scientist Tim Rifat had this to say:  "As a scientist researching into microwave weapons used on the general public, evidence that the GM900 microwave network is a major health hazard, has come to my attention. Microwave frequencies similar to those of the cellular phones can cause health problems in the following areas: Blood. Cardiovascular System. Cells. Central Nervous System. Digestive System. Glands. Metabolism. Reproduction. Visual System. Internal Sound Perception.  "The GM1800 system used by Orange uses higher frequency microwaves. Australian scientists found this caused cancer in mice exposed to radiation of this type. The documents in my possession show that microwaves pass deeply into the body and can have a negative effect on the brain and body.  "The DIA research dates from 1976 and shows the dangers were known about over twenty years ago. The Soviets used the frequencies and intensities used by mobile phones, 1800 MHz and 900 MHz, as weapons. It is a rule of the intelligence community that you hide things in plain view, getting the public to accept microwave mind control weapons which affect their behavior under the guise of mobile phones was a stroke of genius. Getting the public to pay for these microwave mind control devices, so their brains and behavior can be damaged, to make them more docile and easy to control, was pure diabolical genius."  You know, we keep hearing about brain tumors, and cancer in mice etc etc. And everyone keeps downplaying it like no real links, no solid evidence... But I personally think it's probably not healthy for to be bathed in so much artificle EM noise. And I wouldn't be suprised if the above was true. I do recall US troops have new unconventional weapons that aren't secret, various ranged frequency/EM/microwave/sonic techniques to harm and incapacitate ppl... So lacking any solid proof, I still think it's highly likely that it is harmful to us...</body>
    </post>
    <post id="SD_422_15327293">
      <post_score>2</post_score>
      <user id="SD_34950">CharlieG</user>
      <date>1147546320</date>
      <body>I just wish you could get REAL specs - Sensitivity, S/N ratio, selectivity, image rejection, Audio Power - all the full specs that a REAL 2 way radio would give you - lets face it, that's what a cell phone IS</body>
    </post>
  </posts>
</thread>
