<?xml version="1.0" encoding="iso-8859-1"?>
<!-- this file has been obtained by crawling internet sites by
Fundacio Barcelona Media please, access this site:
caw2.barcelonamedia.org to read the terms and conditions of use
 -->
<thread id="SD_473_1818237">
  <subdomain>politics</subdomain>
  <title>Security Flaws Could Cripple Defense Network Related Stories</title>
  <admin>Zonk</admin>
  <user>userexec wrote to mention an FCW.com article about  the uninspiring future for the Missile Defense System's software. The developers are apparently very worried about poor information security on the project. From the article: "The report said that neither MDA nor Boeing officials saw the need to install a system to conduct automated log audits on unencrypted communications and monitoring systems. Even though current DOD policies require such automated network monitoring, such a requirement 'was not in the contract.' The network, which was also developed to conform to more than 20-year-old DOD security policies rather than more recent guidelines, lacks a comprehensive user account management process, the report said. Neither MDA nor Boeing conducted required Information Assurance (IA) training for users before they were granted access to the network, the report stated.</user>
  <date>1142698980</date>
  <topics>
    <main>Security</main>
    <secondary>United States</secondary>
    <secondary>Politics</secondary>
    <secondary>Technology</secondary>
  </topics>
  <body>ec wrote to mention an FCW.com article about  the uninspiring future for the Missile Defense System's software. The developers are apparently very worried about poor information security on the project. From the article: "The report said that neither MDA nor Boeing officials saw the need to install a system to conduct automated log audits on unencrypted communications and monitoring systems. Even though current DOD policies require such automated network monitoring, such a requirement 'was not in the contract.' The network, which was also developed to conform to more than 20-year-old DOD security policies rather than more recent guidelines, lacks a comprehensive user account management process, the report said. Neither MDA nor Boeing conducted required Information Assurance (IA) training for users before they were granted access to the network, the report stated. "</body>
  <posts>
    <post id="SD_473_14949439" ref="SD_473_14949318">
      <post_score>1</post_score>
      <user id="SD_684543">teslafreak</user>
      <date>1142700960</date>
      <body>Sourceforge is actually not a bad idea, but it won't happen. They want the system to remain as secrative as possible.</body>
    </post>
    <post id="SD_473_14949315">
      <post_score>1</post_score>
      <post_moderation>Redundant</post_moderation>
      <user id="SD_798022">Voltageaav</user>
      <date>1142699340</date>
      <body>Someone's head is going to roll over this one. The military has been really tight on network security lately, even with contractors. A hole as big as this is simply unacceptable.</body>
    </post>
    <post id="SD_473_14950548" ref="SD_473_14949319">
      <post_score>1</post_score>
      <user id="SD_95088">Tablizer</user>
      <date>1142718780</date>
      <body>I have to take exception with some of these:  irregularities in elections,  The 2000 election was cooincidently very close. I don't think any country has perfect elections.  cronyism in government,  Again, what govmt do you hold up as a fine example? Shenanagans happen.  failing education system,  Personally, I think most education is not very practical anyhow. It does not reflect what people actually do at work, and outsourcing will take us further away from physics-oriented stuff (I agree with your outsourcing point).  Katrina (handling)  We screwed that one up pretty bad, but where is an example of a country handling that kind of crisis well?  collapsing health care system,  Voters have generally rejected socialized healthcare. Clinton got bopped big-time for trying it. (Not that I necessarily agree, but it is something the voters control fairly well.)  Regarding SDI shortcuts, I remember a few years ago where the administration agreed to "push stuff through" to encourage learning and experience in SDI technologies. Security problems are probably a side-effect of that. Any software developer knows that shortcuts can be taken if you really want something soon. Software is probably the hardest part of such a project.       </body>
    </post>
    <post id="SD_473_14949561" ref="SD_473_14949432">
      <post_score>0</post_score>
      <user>Anonymous Coward</user>
      <date>1142702640</date>
      <body>Are you alive?  Prove it.  </body>
    </post>
    <post id="SD_473_14949481" ref="SD_473_14949315">
      <post_score>1</post_score>
      <post_moderation>Interesting</post_moderation>
      <user>Anonymous Coward</user>
      <date>1142701380</date>
      <body>A hole as big as this is simply unacceptable.  I doubt it. I mean, really, no level of failure or malfeasance in the missle shield project has dissuaded or concerned U.S. politicians one bit since it was first proposed. Why start now?</body>
    </post>
    <post id="SD_473_14949698">
      <post_score>2</post_score>
      <user id="SD_916647">Heembo</user>
      <date>1142704200</date>
      <body>Oh comon, everyone who watches "24" knows that you have to open a SOCKET before you talk to other defense-department computers! And it's really hard to do - all the CTU big-bosses always need to ask one of the geeks in the office to "open a socket to Division". The defense network is SECURE, I REST MY CASE!</body>
    </post>
    <post id="SD_473_14950253" ref="SD_473_14949330">
      <post_score>0</post_score>
      <user>Anonymous Coward</user>
      <date>1142712120</date>
      <body>SDIO started under Raegan. The media called it "Star Wars".</body>
    </post>
    <post id="SD_473_14949300">
      <post_score>5</post_score>
      <post_moderation>Funny</post_moderation>
      <user id="SD_25997">simp</user>
      <date>1142699220</date>
      <body>The subcontractor they hired to do the programming was called Diebold?</body>
    </post>
    <post id="SD_473_14949973" ref="SD_473_14949350">
      <post_score>2</post_score>
      <user id="SD_927141">woolio</user>
      <date>1142707800</date>
      <body>You forgot over $8 TRILLION in public debt - $30,000 for EVERY man, woman, and child in the US.  Hmm.... The national debt seems comparable to the total value of all SUVs/4x4 trucks in the US...  Are you thinking what I'm thinking?</body>
    </post>
    <post id="SD_473_14949532">
      <post_score>3</post_score>
      <post_moderation>Insightful</post_moderation>
      <user>Anonymous Coward</user>
      <date>1142702220</date>
      <body>if its not in the contract, it is fraud for a government contractor to implement an extra feature or add-on to the system because the govt has to pay for the extra expenses (software developers' hours, testing, etc) incurred to make those improvements.  so if the security is bad, and it wasnt in the contract, the only people who can begin to address this are actually the purchasing organization, not the developers. the purchaser **needs** to add these stipulations in the contract or else the contractor legally is not allowed to work on fixing it.</body>
    </post>
    <post id="SD_473_14951607" ref="SD_473_14951007">
      <post_score>2</post_score>
      <user id="SD_919136">TallMatthew</user>
      <date>1142753340</date>
      <body>The vast majority [treas.gov] of federal debt instruments are held by the American government itself, states, private investors, pension funds, corporations, and the like. So we owe most of the national debt to ourselves. Interesting that you bind the government and corporations together under the flag of "ourselves." Neither of those entities is related to the people of the United States, which is the most important entity of them all. It may come as a suprise to you and others of your ilk, but the country's greatest responsibility is not to promote rich people getting richer. Clinton's most grievous action to his enemies was paying down the deficit. There is no more powerful and silent lobby in this country than the banking industry. They are making a (not small) fortune off of these loans and will eventually own this country outright, if they don't already.  </body>
    </post>
    <post id="SD_473_14949998" ref="SD_473_14949381">
      <post_score>4</post_score>
      <post_moderation>Funny</post_moderation>
      <user id="SD_524290">thatguywhoiam</user>
      <date>1142708040</date>
      <body>You can count on the same anti-American slashbotism to get modded to 5, adding nothing, really, to the conversation. psst, hey buddy: check the location bar in your browser, whats that first word after http?  </body>
    </post>
    <post id="SD_473_14951066" ref="SD_473_14951007">
      <post_score>2</post_score>
      <user id="SD_927141">woolio</user>
      <date>1142731920</date>
      <body>The vast majority of federal debt instruments are held by the American government itself, states, private investors, pension funds, corporations, and the like. So we owe most of the national debt to ourselves.  Weird... [I am not an economist].  Weren't large parts of the debt paid off [at one time] during the Clinton era? If most of the debt is held within the US and the govt pays it off using tax money, then in effect the cooperations are profiting from those paying taxes [which may be the most difficult on the lower middle classes] as well as the initial expendatures that caused the debt. But in order for that to happen, the public had to pay for it through taxes... And those with large incomes are relatively unencumbered by taxes in the same way the lower-income familes are...  One part of me says this is just a normal process, but another part of me thinks that something in this really really stinks... In some sense, it seems that excessive spending ultimately negatively affects the poorer populations in more serious ways than the wealty...</body>
    </post>
    <post id="SD_473_14949659" ref="SD_473_14949319">
      <post_score>1</post_score>
      <user id="SD_939772">bigpicture</user>
      <date>1142703780</date>
      <body>If you read the history of the last days of the Roman Empire, it does not read a lot different than this. It was basically power struggles, greed and corruption from within. The foundational requirements of any society is conformance to some agreed minimal ethical and moral standards. When the foundation crumbles the building collapses.</body>
    </post>
    <post id="SD_473_14949591" ref="SD_473_14949385">
      <post_score>2</post_score>
      <user id="SD_798022">Voltageaav</user>
      <date>1142702940</date>
      <body>You just don't realise how picky they are about security. It dosn't matter if it actually works or not or if it's just for PR either. They don't care how importand things are, they are security nazis on everything they have a hand in. There are DOD websites where all they have is information that is easily available in other public places for anyone to look at. But because it's a military site, it's password protected and encrypted. What's going to be served at the chow hall today is more secure than this.</body>
    </post>
    <post id="SD_473_14954541" ref="SD_473_14952074">
      <post_score>1</post_score>
      <user id="SD_750383">chawly</user>
      <date>1142802780</date>
      <body> While your point of grammar might be argued, I'll concede your point. A better interrogative sentence might have been written; if grammar were the only parameter in consideration, that is. I'd like to both congratulate you and reassure you. Congratulations on the quality of your post - the grammar, spelling, and lay-out are almost perfect this time - at least in my humble opinion. As to reassurance; let me say that, difficult as it was, I fully understood your last post. What I typed in reply was what I truly thought, and I really and fully understood my answer. I wouldn't change a word of it - not even the interrogative sentence This said, let me encourage you in your efforts at improved self-expression - and, of course, wish you a very good day  </body>
    </post>
    <post id="SD_473_14949552" ref="SD_473_14949502">
      <post_score>2</post_score>
      <post_moderation>Insightful</post_moderation>
      <user id="SD_260855">Aragorn379</user>
      <date>1142702520</date>
      <body>Contract companies love to say "that's not in the contract, but we'd be happy to renegotiate and do it for $x."  And for good reason. Same reason that when you order a Dodge Neon they don't ship you a Dodge Viper. The contract is what is specifying what the government is buying. Change what the government is buying to enhance it and it's not really surprising that they want more money to produce it. Taking the least expensive option is usually the right option for the company even if it isn't in the system. It also doesn't surprise me in the least. The government really should have some boilerplate in their contracts saying system much follow established DoD security procedures as specified in DoD Standard Security Policies v10.43 or something along those lines.</body>
    </post>
    <post id="SD_473_14949327">
      <post_score>3</post_score>
      <post_moderation>Funny</post_moderation>
      <user id="SD_939861">Jim in Buffalo</user>
      <date>1142699520</date>
      <body>Does this mean the big fat trackball might not respond? Who's going to defend those six cities?</body>
    </post>
    <post id="SD_473_14950220">
      <post_score>2</post_score>
      <user id="SD_697532">Dekortage</user>
      <date>1142711460</date>
      <body> From the article: more than 20-year-old DOD security policies So that would put it in the early 1980s... but in the 60s and 70s, the missile launch passwords were all "00000000" (also see [damninteresting.com]here [columbia.edu]).  </body>
    </post>
    <post id="SD_473_14950029" ref="SD_473_14949505">
      <post_score>2</post_score>
      <post_moderation>Informative</post_moderation>
      <user id="SD_694721">trabisnikof</user>
      <date>1142708520</date>
      <body>The movie is called High Score http://www.highscoremovie.com/ [highscoremovie.com] it premiered this week at sxswhttp://2006.sxsw.com/ [sxsw.com]</body>
    </post>
    <post id="SD_473_14949797" ref="SD_473_14949319">
      <post_score>1</post_score>
      <post_moderation>Informative</post_moderation>
      <user>Anonymous Coward</user>
      <date>1142705520</date>
      <body>In your desperate attempt to show how much of a failure the US is, you only highlight how great it is, and how other countries are far, far behind.  NASA- nobody else come close in terms of accomplishments, missions, discoveries, etc. Other countries could only hope for the failures that NASA has come through.  "Collapsing" health care and education system- It's funny how so many other people from around the world come to the US for health care or education.  Outsourcing, elections, blah blah blah- stuff that has been going on for decades, and is not unique to the US.  Question is: Is there eanything really? Well, the United States is the mightiest, most powerful, productive, influential and richest country in this history of mankind. Is that enough for you?</body>
    </post>
    <post id="SD_473_14951612" ref="SD_473_14951451">
      <post_score>0</post_score>
      <user>Anonymous Coward</user>
      <date>1142753520</date>
      <body>I just left a large DoD contract that has this same exact problem. Information Assurance was not funded properly in the contract and the Government expectations far exceeded reality and funded requirements. This left the contractor in a tight spot. They decided to go into the red (lose money) rather then renegotiate the contract shortfalls with the Government, in the hopes of making up the costs later. The result was that the IA group was ignored and many systems were migrated into the data centers with thousands of vulnerabilities. When the IA group reported the massive number of vulnerabilities they found in the systems IN A PRODUCTION ENVIRONMENT, they were ignored. It was not until DoD began its giant (and ongoing) security sweep that the contractor and Government reps were forced to deal with the problem. Now they are beating up the IA group as if it is all their fault. The prime contractor (HP) is undergoing a 4th management review and likely to replace various management personnel in an attempt to fix the piss poor decision makers and get the contract back on track. Unfortunately they are not (yet) fixing the tools and staffing problems in the IA group, both of which are needed to enable them to get the thing fix and manitained. Add to this the total screwup on the SIM purchase. HP only budgeted ~$180K to purchase a SIM, its hardware, and deploy it to three locations. No staff was accounted for to manage it either. Total screwup. The current senior IA staff is burned out and looking for new jobs. Don't know if this contract will ever get IA straight at the rate they are going!</body>
    </post>
    <post id="SD_473_14949649" ref="SD_473_14949335">
      <post_score>1</post_score>
      <user id="SD_961972">KenDodd</user>
      <date>1142703600</date>
      <body>As long as there are arseholes that need pampering, they'll continue to buy them, my friend!</body>
    </post>
    <post id="SD_473_14949507" ref="SD_473_14949315">
      <post_score>2</post_score>
      <user id="SD_769356">wvitXpert</user>
      <date>1142701920</date>
      <body>"Someone's head is going to roll over this one. The military has been really tight on network security lately, even with contractors. A hole as big as this is simply unacceptable."  You'd be surprised.</body>
    </post>
    <post id="SD_473_14949877">
      <post_score>1</post_score>
      <user id="SD_956137">ChristopherX</user>
      <date>1142706480</date>
      <body>Alright so they f!@#@$# up here - no doubt about it. However, a major goal of setting up GMD was to get it up fast so they could learn from it and refactor later (yes, MDA is practicing Agile development!). And they are refactoring the whole system right now. Not just GMD, but the whole system of systems including Aegis, THAAD, Airborne Lasers, advanced sensors and more. So in the long run I think MDA is following the right strategy - build stuff quick and refactor as needed. I believe this is far more efficient that spending 20 years on a monolithic waterfall development project. And yes, overall I think national missile defense is a total waste of money compared to other places we could be spending it. But given its a real program (and pretty damn cool from an engineering perspective), they are doing the right thing.  </body>
    </post>
    <post id="SD_473_14949564" ref="SD_473_14949415">
      <post_score>0</post_score>
      <user>Anonymous Coward</user>
      <date>1142702700</date>
      <body>ta suck a nigga's cock iz slap those bitch-ass titties 'bout, knowhumsayin'? Yo, I SAW that on dem porno vids I sell, brotha. I think.</body>
    </post>
    <post id="SD_473_14950391" ref="SD_473_14949439">
      <post_score>1</post_score>
      <post_moderation>Funny</post_moderation>
      <user>Anonymous Coward</user>
      <date>1142714820</date>
      <body>There are sourceforge projects that *maybe* two people on the planet earth have accessed, and one of them might be googlebot. It's the perfect place to hide in semi plain sight, just label it an MP3 metadata morpher skindesigned to be posix non compliant text console only alpha planning stage and only run on os2 beta or something,and it'll stay hid forever.</body>
    </post>
    <post id="SD_473_14949417" ref="SD_473_14949310">
      <post_score>3</post_score>
      <post_moderation>Funny</post_moderation>
      <user id="SD_712361">moon-monster</user>
      <date>1142700600</date>
      <body>Or across the sky in big, fiery letters?</body>
    </post>
    <post id="SD_473_14952319" ref="SD_473_14949885">
      <post_score>0</post_score>
      <user>Anonymous Coward</user>
      <date>1142769240</date>
      <body>L3, General Dynamics, SAIC, Raytheon etc etc etc  At a certain level, it's not the size of the corporation, it's the expertise they bring to the table. And FYI, there are a large number of companies capable of priming a program of this size.</body>
    </post>
    <post id="SD_473_14951146" ref="SD_473_14951007">
      <post_score>1</post_score>
      <user id="SD_576844">inode_buddha</user>
      <date>1142735400</date>
      <body>Except for the fact that the gov't borrows to cover its debts, yes.</body>
    </post>
    <post id="SD_473_14950611" ref="SD_473_14950112">
      <post_score>2</post_score>
      <user id="SD_918832">tinkertim</user>
      <date>1142720400</date>
      <body>This could be the world's most expensive honeypot, designed to make neighboring countries spend heaps and heaps of cash to keep up on nothing.  Meanwhile, the *real* defense system is tied into George Bush's Play Station .. made by Sony.  No cause for concern there folks, nothing more to see here .. move along .. move along ..</body>
    </post>
    <post id="SD_473_14950088" ref="SD_473_14949422">
      <post_score>0</post_score>
      <user>Anonymous Coward</user>
      <date>1142709420</date>
      <body>I agree, I've worked on these systems, on the real systems I worked on, there was NO physical connection to the "outside world". Impossible to get into unless from the inside.</body>
    </post>
    <post id="SD_473_14949592" ref="SD_473_14949502">
      <post_score>0</post_score>
      <user>Anonymous Coward</user>
      <date>1142702940</date>
      <body>these are cost plus contracts, if you implement something the government didnt put in the contract, you are making them pay more money for something they didnt ask for.  this is a federal crime, if you do this and the government finds out, YOU GO TO JAIL, dumbass!  the contractor can work with the purchaser to explain why certain features should be added to the contract, but ultimately the customer always has the final decision. even if the govt underspecified the system, the developers all have to follow the contract specifications or they can all suffer criminal penalties for defrauding the government.</body>
    </post>
    <post id="SD_473_14949567" ref="SD_473_14949385">
      <post_score>1</post_score>
      <user id="SD_260855">Aragorn379</user>
      <date>1142702700</date>
      <body>Why is anyone going to care about a weapon system everyone knows is a dud anyway? The system has never once demonstrated that it works, every single test has either failed outright or been rigged. The only reason the program exists at all is to hand out taxpayer money to campaign contributors.  Even if the system doesn't work, it's still bad to have unsecured access to it. It's certainly a concern that some terrorist might be able to infiltrate the system and use it to shoot down passenger planes or cause some other kind of damage. The system is designed to destroy things, incoming missles in this case, how hard would it be to redirect that destructive force to cause problems?</body>
    </post>
    <post id="SD_473_14949432">
      <post_score>1</post_score>
      <user id="SD_901163">ScaryFroMan</user>
      <date>1142700840</date>
      <body>I'm sure this will be just as fixable as the Command Navigation Program. Trust the government.</body>
    </post>
    <post id="SD_473_14950429" ref="SD_473_14949712">
      <post_score>0</post_score>
      <user>Anonymous Coward</user>
      <date>1142715480</date>
      <body>...I was reading an article about this a few hours ago. Helicopter insertion into some peasants field. No one there but an old lady baking bread. So what happens? The soldiers and reporters *steal* her bread and walk around looking for weapons caches munching away.  WTG heroes! That'll show 'em! Steal peasants bread! Maybe they got to shoot a few dogs while they were there, seeing as how there weren't any rock throwing nine year old "terrorists" to take headshots at. Or do you prefer a little "detaining" and "rigorous interrogation" first, just for sport?  Give it up. You're just mad because you made the boneheaded mistake of joining up regular instead of going dyncorp or blackwater merc for the large bucks and less rules.</body>
    </post>
    <post id="SD_473_14949700">
      <post_score>0</post_score>
      <user>Anonymous Coward</user>
      <date>1142704200</date>
      <body>A couple years ago they were booted off the Navy's DD(X) program, due to incompetence/negligence. That program is _huge_. In the space of a couple years they billed millions for work done, but in the end they never actually did anything useful for their money. It's almost unheard of for a contractor of that size to be replaced in a major project mid-contract, but it happened to them. They lost a $billion+ immediately, and will lose many billions more as the military branches avoid them on other contracts. Don't be surprised within the not-too-distant future to see portions of Boeing (or maybe the whole thing) bought out by the other major defense contractors.  In big military contracts the requirements aren't fixed. During development an important part of the process is finding anything that isn't covered by the contract (that's the main job of some of the contractors). All involved parties work to resolve issues and update requirements (and in some cases that can even lead to added funding). Boeing has no excuse for not solving security problems. Military projects always have excessive security requirements, and anybody who says they didn't know is lying.</body>
    </post>
    <post id="SD_473_14951660" ref="SD_473_14951607">
      <post_score>2</post_score>
      <user id="SD_697465">ezzzD55J</user>
      <date>1142755560</date>
      <body>There is no more powerful and silent lobby in this country than the banking industry. They are making a (not small) fortune off of these loans and will eventually own this country outright, if they don't already. That would be the Chinese government.  </body>
    </post>
    <post id="SD_473_14949458">
      <post_score>1</post_score>
      <post_moderation>Redundant</post_moderation>
      <user id="SD_581672">Cordath</user>
      <date>1142701140</date>
      <body>This software was probably one of the easiest parts to this whole missile defense debacle. What's worse is that there has been evel less success with the hard parts. i.e. Actually hitting incomming missiles, or even getting permission from governments such as Canada to even try to hit them over their airspace. Perhaps even harder yet is justifying the need for missile defense at all when the only likely source of a nuclear attack is from terrorists who would most likely smuggle a bomb in through the U.S.'s patchy port security and detonate it from the ground.  I tell you, this is all George Lucas' fault! The missile defense program was once called Star Wars, back when Star Wars was cool. Now the idea of shooting incomming missiles out of the sky is subconciously linked with Jar Jar Binks in the minds of the nation. Whoopsie!</body>
    </post>
    <post id="SD_473_14985351" ref="SD_473_14950883">
      <post_score>0</post_score>
      <user>Anonymous Coward</user>
      <date>1143150540</date>
      <body>My personal favorite is the "protocols"... "Did you get me the protocols?"... "I'm working up the protocols right now..."... "Can you transmit the protocols to my PDA?"... "It's operating under different protocols..."  Virtually begs for a drinking game (similar to the MNF days - drink whenever Dan Dierdorf says something stupid..." It's entertaining to count how many times they use the word "protocol" in any given episode.</body>
    </post>
    <post id="SD_473_14949909" ref="SD_473_14949847">
      <post_score>2</post_score>
      <user id="SD_793279">bogaboga</user>
      <date>1142706900</date>
      <body>> What are you going to do about it? Well, what I have done and continue to do is to make sure none of my president's cronys ever gets re-elected. Heck, the same fools wanted to out-source our port operations! Imagine that for second. They were infact onceding that America does not have the manpower to run ports that its workforce built! After that, they talk of terrorism yet our borders remain open to anyone...this is 4 years after 9/11. What kills me most is the fact that....Nothing substantial is being done about this - NOTHING!  </body>
    </post>
    <post id="SD_473_14950632" ref="SD_473_14949377">
      <post_score>2</post_score>
      <user id="SD_942385">Firehed</user>
      <date>1142721120</date>
      <body>Seems to me that this system shouldn't be connected to the internet. Then you only have histroic problems such as spies; hacking's a no-go unless you're physically on the premsises.</body>
    </post>
    <post id="SD_473_14951451">
      <post_score>2</post_score>
      <post_moderation>Informative</post_moderation>
      <user id="SD_918631">azrider</user>
      <date>1142747220</date>
      <body>I used to work for a defense contractor on classified networks. When we stood up a new lab, there was a briefing for all employees with access (AKA need to know). They were told that the SA's (I was one) were the first line. In other words, if we said no, the answer was to be interpreted as "no way in hell". My group, however, was in the minority (we said no more often than we said yes). Every request was checked into using the NISPOM. Every software request was extensively checked. Unfortunately, this was the exception rather than the rule. In other areas, the mentality was "that which is not expressly prohibited is allowed", not the DOD/DSS standard of "that which is not allowed is expressly probibited". I spent 3+ years fighting management over this issue, despite the fact that any "unusual" request to DSS/DOD went through the 3 people (myself included) who had the respect and trust of the officials who were required to approve the request. I also quashed (on one occaision 3x) requests that violated the rules. The rules are there. They make sense. They only work when the people on the ground feel they make sense. I left the environment when the stress of meeting the regulations exceeded the stress of fighting with management. YMMV</body>
    </post>
    <post id="SD_473_14950179">
      <post_score>2</post_score>
      <user id="SD_636671">DoofusOfDeath</user>
      <date>1142710740</date>
      <body>Missle system kills security leaks!  (Sorry, I'm really sorry. I can't stop.)</body>
    </post>
    <post id="SD_473_14949943" ref="SD_473_14949487">
      <post_score>1</post_score>
      <user id="SD_820507">prurientknave</user>
      <date>1142707320</date>
      <body>no it's between their left and right ears. and possibly a larger one in the treasury</body>
    </post>
    <post id="SD_473_14950883" ref="SD_473_14949698">
      <post_score>1</post_score>
      <user id="SD_468967">daverabbitz</user>
      <date>1142726520</date>
      <body>Not to mention their proprietery(sic?) Blowfish CBC cracker. Oh the humor that comes from dim-witted script writers trying to use words and phrases they clearly don't understand.</body>
    </post>
    <post id="SD_473_14950307" ref="SD_473_14949319">
      <post_score>2</post_score>
      <user id="SD_849792">Hosiah</user>
      <date>1142713140</date>
      <body>My latest pet theory on what happened to the US: We have this lousy selection of enemies. Back in WW2, we had to push our science resources to the max to stay ahead of Japanese technology and German engineering. During the Cold War, we got so paranoid about the Russians beating us into space that we had to beat them to the moon. During that golden age for US science and education, our cultural heros were more apt to be Einstein. Now, our primary enemies are in the Middle East, and their chief skill is pumping oil out of the ground and making gobs of money at it. So our culture now values wealth and the acquisition of it above all else, no matter how. We've grown fat and lazy collectively, ripe for the plucking by the next nation which cracks the books and studies ahead of us.  </body>
    </post>
    <post id="SD_473_14949385" ref="SD_473_14949315">
      <post_score>3</post_score>
      <post_moderation>Interesting</post_moderation>
      <user id="SD_263942">Zeinfeld</user>
      <date>1142700240</date>
      <body>Someone's head is going to roll over this one. The military has been really tight on network security lately, even with contractors. A hole as big as this is simply unacceptable. Why is anyone going to care about a weapon system everyone knows is a dud anyway? The system has never once demonstrated that it works, every single test has either failed outright or been rigged. The only reason the program exists at all is to hand out taxpayer money to campaign contributors.  </body>
    </post>
    <post id="SD_473_14949422">
      <post_score>2</post_score>
      <user id="SD_789609">MichaelSmith</user>
      <date>1142700660</date>
      <body> Somebody correct me if I am wrong about this, but a system like this should be run in an airgapped environment where external interfaces (radars, etc) are not ones which you can ssh over or anything like that. Most likely every interface into the system will do exactly what it is designed for and nothing else. People who have access to workstations on the system should need to go through a significant amount of physical security before they are able to do anything. At least thats how similar systems I have seen are run.  </body>
    </post>
    <post id="SD_473_14950261">
      <post_score>4</post_score>
      <post_moderation>Informative</post_moderation>
      <user id="SD_665390">Saeed al-Sahaf</user>
      <date>1142712240</date>
      <body>Neither MDA nor Boeing conducted required Information Assurance (IA) training for users before they were granted access to the network, the report stated. Having been involved with the Air Force since 1985 and done my shair of IA traing, I can say it is basically worthless and more or less comes down to "Don't give out your password, or run software from home".  </body>
    </post>
    <post id="SD_473_14949318">
      <post_score>5</post_score>
      <post_moderation>Funny</post_moderation>
      <user id="SD_961972">KenDodd</user>
      <date>1142699400</date>
      <body>Why not contract an Indian company to write it? Or make it a Sourceforge project. That always seem to generate high-calibre, error-free code.</body>
    </post>
    <post id="SD_473_14949335">
      <post_score>3</post_score>
      <post_moderation>Insightful</post_moderation>
      <user id="SD_824291">creimer</user>
      <date>1142699580</date>
      <body>How many more $500 USD toliet seats does the taxpayers have to buy before Boeing upgrades their network?</body>
    </post>
    <post id="SD_473_14950660" ref="SD_473_14949300">
      <post_score>1</post_score>
      <post_moderation>Flamebait</post_moderation>
      <user id="SD_597628">Master of Transhuman</user>
      <date>1142721660</date>
      <body>Probably SAIC - the CIA front company the Bush crime family uses for a lot of shady stuff.  In any event, whatever company it was, look for the names Bush the Elder, James Baker, Rumsfeld, Cheney, et al, on the board of directors either present or past.  That or the company is owned by the Carlyle Group.  Or it's an Israeli company. We gave an Israeli company the contracts to run our law enforcement wire tapping operation - until employees got caught selling wiretap data to drug dealers in LA. The same company also offers mass transit video surveillance systems - like the one in the London Underground that got bombed.  Israel has figured out that the best way to spy on the world is to make the security gadgets the world depends on. That's why you have tons of Israeli security and technology companies like Checkpoint firewall. Now that I know that, rely on a Checkpoint firewall? I don't think so.  </body>
    </post>
    <post id="SD_473_14950959" ref="SD_473_14949973">
      <post_score>1</post_score>
      <user id="SD_87332">mOdQuArK!</user>
      <date>1142728680</date>
      <body>  Are you thinking what I'm thinking?  I think so woolio, but how are we going to convince the TV networks to create new episodes of The Care Bears? Narf!  </body>
    </post>
    <post id="SD_473_14950975" ref="SD_473_14949319">
      <post_score>2</post_score>
      <user id="SD_33219">r00t</user>
      <date>1142729100</date>
      <body>Excuse me if I'm wrong, but you probably believe the government should take care of you. Where care is mandated or the patient can't shop for a good price, I might agree with that. You're not in a position to discuss alternatives if you have a cracked skull and bleeding brain. Other than that though... Our problems do not come from a "failure" to socialize medicine. When I was up in Canada, the news was that brain scanners were mostly going to places with powerful politicians. Quebec got an unfair share. Money was disappearing for political reasons. Over in the UK, people are being sent to France for surgery because they'd die on the waiting lists if they didn't go. Here in the USA we install brain scanners (lots of them too) where there will be patients and we don't die on waiting lists for anything other than an organ transplant -- and that only because we made it illegal to pay the dead person's estate. Our real problems are:  We invent new technology, expect to use it, and expect that costs won't rise. Huh? We're expecting to get more for less. That only works for computer hardware. (in a socialist medicine system, quotas and delaying tactics are used to fight this problem) The attitude is "I'll pay anything to save my dying children!". We then act all offended that the hospital bill heads toward infinity. Since death is common (100% of your children will die!) you can expect to pay until you can pay no more or until we run out of technology to sell you. (as above, socialist systems deny you this choice) Simple economics is causing all service industries to be relatively more expensive. The factory worker is now more productive because he has huge machines. The high-tech worker is absurdly productive because he only produces digital data which is trivial to replicate. The hospital worker, like the college professor, is not getting such huge productivity increases. Widgets and software can be sold cheaply while still paying the workers well, but hospital services can not be made cheap while paying the workers well. Because everything is relative, hospital costs skyrocket. Over in India, patients have a very limited ability to sue for malpractice and pain and suffering and... Medicine is cheap there. Over here, some doctors must pay millions of dollars per year for malpractice insurance. That means you pay. You also pay for unnessesary tests and other procedures caused by a cover-your-ass mentality that has taken hold. This is particulary true of caesarean births, which are dangerous and were once rare. Before a jury, it looks good to have done more intervention. Our health insurance is too good at insulating us from the costs of various procedures. We don't shop around for a good deal. We then pay high rates because the money ultimately comes from us. When I lacked insurance, I was very careful to demand prices over the phone from multiple providers. Now I just have my $20 co-pay, so why should I care? The price is the same for me no matter where I go. I pick the fancy place on an expensive downtown lot!  Some of these problems are not really solvable. Economics is what it is, people like new technology, and nobody wants to see their little children die. The lawyers have some mighty lobbiests, but a change would at least be theoretically possible. The same goes for the co-pay insurance system, which could be replaced by a sliding scale or percentage system. (example insurance fix: the patient's payment must increase by at least 10 cents for every dollar of the treatment cost up to "$200 for $2000", then by 1 cent per dollar thereafter)  </body>
    </post>
    <post id="SD_473_14950821" ref="SD_473_14949502">
      <post_score>1</post_score>
      <user id="SD_652617">FinalMidnight</user>
      <date>1142725140</date>
      <body>Sir, you have a fabulous grasp of the obvious. One which far exceeds many people in charge of a multi-million dollar budget.  Contractors and their employers have diametrically opposed goals. The successful use of a contractor for a critical system requires  - Careful planning to anticipate future needs and changing conditions. - Very skillfully written contracts. - A process of oversight and review by skilled people who know WTF they are doing.  The employer is doing most of the planning, a lot of the management, duplicating skills and roles with oversight and paying extra for things they missed the first time. This means, in the real world, that critical systems are almost always better developed in house. Contractors are very useful for specific, limited projects and modules of other systems . Outsourcing is much less effective for large infrastructure where ongoing maintainence and adaption will be required.  However, since the whole point of the Defense Network is to shovel Joe Six-pack's social security into the pockets of campaign contributions as fast as possible, I'd say "Mission Accomplished".</body>
    </post>
    <post id="SD_473_14951503" ref="SD_473_14949998">
      <post_score>0</post_score>
      <user>Anonymous Coward</user>
      <date>1142748900</date>
      <body>politics?</body>
    </post>
    <post id="SD_473_14949330">
      <post_score>2</post_score>
      <post_moderation>Informative</post_moderation>
      <user id="SD_831844">Al Mutasim</user>
      <date>1142699520</date>
      <body>The Missile Defense Agency (MDA) is George W. Bush's name for the Ballistic Missile Defense Organization (BMDO), which was Bill Clinton's name for the Strategic Defense Initiative Organization (SDIO), which was Ronald Reagan's "Star Wars."</body>
    </post>
    <post id="SD_473_14954169" ref="SD_473_14954024">
      <post_score>2</post_score>
      <user id="SD_919136">TallMatthew</user>
      <date>1142796300</date>
      <body>The US government and US corporations ARE the result of the collective activity of groups of individuals. So is the Ku Klux Klan, but they can go fuck themselves. I'll choose individual rights over the imperious desires of corporations and governments day of the week. You may find being a part of the machine a satisfying existence, but I prefer free will.  </body>
    </post>
    <post id="SD_473_14949791">
      <post_score>1</post_score>
      <user id="SD_838124">DrTime</user>
      <date>1142705460</date>
      <body> One weakness in many defense organizations is that so much of policy (IA) is a pain in the ass, but you learn to live with the pain as part of the job. If the people administering accounts, policy, and systems do not appreciate the reasons why the policies exit, they will not enforce them. If you are handed a 150 page procedure to read and sign that you have read it and you need the information access now, what are the chances you skipped the page that says you must do X to do Y? They are very high. Also, we have loss of experienced cold war people (retirement, lay off, etc) means there is little continuity in the business process worsened by the tremendous growth in the programs and pressure to produce something now. Large programs require a large support staff. Aerospace work is challenging and offers a low risk of being outsourced, or at least I hope it has a low chance of being outsourced. Then, you have cases where companies "accidently" give advanced technology to foreign companies to gain some advantage. Examples are Iridium contractors giving advanced rocket technology to China and Toshiba improperly selling the machines and technology to make submarines quiet to the Soviets back when we were in cold war. All this comes down to every engineer and manager enforcing policy.  </body>
    </post>
    <post id="SD_473_14949531" ref="SD_473_14949385">
      <post_score>2</post_score>
      <post_moderation>Insightful</post_moderation>
      <user>Anonymous Coward</user>
      <date>1142702220</date>
      <body> The only reason the program exists at all is to hand out taxpayer money to campaign contributors. And the thousands of American scientists, engineers, technicians and support staff that design and work on these systems. Based on comments like this, you'd think that the government is stuffing shells full of cash and launching them at the enemy. Where do you think these "weapon systems" are designed and built? Maybe my perspective is skewed. The only job offers (early career engineer) I was able to secure (in a timely manner) were from "big aerospace." If they were not "wasting taxpayer money" on large, risky (read: cutting-edge) R&amp;D technologies, I'd be out of a really interesting, fulfilling job. And unfortunately, until some "other" interesting R&amp;D area (energy would be a good one) is as big a target in the crosshairs of national/international interest, or until I have enough experience to start my own company, I am pretty happy working in the defense industry.  </body>
    </post>
    <post id="SD_473_14951486" ref="SD_473_14949821">
      <post_score>1</post_score>
      <user id="SD_750383">chawly</user>
      <date>1142748240</date>
      <body> Noticed this, and it left me open-mouthed,  "Yeah, and monkeys might fly out of my behind."  This is not something that I have ever considered. It causes me a slight worry regarding the continuing integrity of your trousers. Please be extremely careful. I also noticed this bit  "The acceleration due to gravity at the surface of the earth may be 9.8 m/s^2."  And I have to say that it may indeed be as you say, but for as long as the figure remains positive I don't greatly care. It does raise a question, though. What the dickens does this figure have to do with the issue in hand ?</body>
    </post>
    <post id="SD_473_14949712" ref="SD_473_14949319">
      <post_score>1</post_score>
      <post_moderation>Insightful</post_moderation>
      <user>Anonymous Coward</user>
      <date>1142704320</date>
      <body>I think that the greatest sign of US incompetence is the fact that we tricked ourselves into believing that Iraq was a failure and that we are evil for our successes. If our successes are failures, and perfection is our only satisfying goal, we will never succeed again. Thank you for guaranteeing our failure.  Completely invading and occupying a nation the size of California with a 25m+ population and suffering fewer than 3000 casualties after three years is a failure? A foreign inspired (Syria and Iran, and former loyalists) insurgency was a given. Hell, spending all of htat time pandering to the UN gave them plenty of time to set up. Even with this insurgency the new Iraq army is finally beginning to form and leading many fights against the insurgency. Things take time.  I'm sorry if perfection was not accomplished. I'm sorry if we didn't do this fast enough for you. But take a look at last weeks campaign, Operation Swarmer. The Iraqis mostly led this. None of our gun ships had to open fire and there were 0 casualties. This was into an area where we were losing soldiers last year.  You and your ilk do our armed services a great disfavor calling Iraq a failure. It was nothing short of brilliant, despite people like you, the UN, and all these wonderful progressive leftists who opposed the administration at every single opportunity. If anyone is to blame, people like that are.</body>
    </post>
    <post id="SD_473_14949407" ref="SD_473_14949377">
      <post_score>2</post_score>
      <user id="SD_263942">Zeinfeld</user>
      <date>1142700540</date>
      <body>No matter what you do to design a system there will always be some hack who comes along to crap on your project So you are arguing that the whole idea of a missile defense program is bogus, that it can never work and that we should therefore pay a hundred billion dollars for one that does not work because it could not be expected to work?  </body>
    </post>
    <post id="SD_473_14949310">
      <post_score>5</post_score>
      <post_moderation>Funny</post_moderation>
      <user id="SD_648130">Tuxedo Jack</user>
      <date>1142699280</date>
      <body>We'll no doubt see "All your missile base are belong to us" written on the system's password file.</body>
    </post>
    <post id="SD_473_14950251">
      <post_score>-1</post_score>
      <post_moderation>Flamebait</post_moderation>
      <user>Anonymous Coward</user>
      <date>1142712060</date>
      <body>Rival distributi9on, and enjoy all the a full-7ime GNAA [goat.cx]</body>
    </post>
    <post id="SD_473_14950304" ref="SD_473_14949877">
      <post_score>0</post_score>
      <user>Anonymous Coward</user>
      <date>1142713080</date>
      <body>Realize that the services (Army, Navy) operate the equipment. The only reason why the Army (GMD, THAAD) or Navy (Aegis) or Air Force (lasers, space) cares about missile defense is the ten billion dollar MDA budget that allows tertiary benefits to systems that can be used for non-MDA specific needs.  We need accountability and it starts with the taxpayers.</body>
    </post>
    <post id="SD_473_14949565" ref="SD_473_14949471">
      <post_score>2</post_score>
      <user id="SD_789609">MichaelSmith</user>
      <date>1142702700</date>
      <body>Once the person is through physical security, what will that person do? They have to be clueful as well as loyal in order to be safe for the network My mental image is of a small team of well drilled military people who know exactly how to do their jobs. Maybe thats a wrong image. If so thats the real problem. No amount of computer security will protect a system if the operational side hasn't been thought out.  </body>
    </post>
    <post id="SD_473_14952812" ref="SD_473_14949998">
      <post_score>0</post_score>
      <user>Anonymous Coward</user>
      <date>1142777040</date>
      <body>Alterslash?</body>
    </post>
    <post id="SD_473_14949477" ref="SD_473_14949315">
      <post_score>2</post_score>
      <user id="SD_68409">jfinke</user>
      <date>1142701380</date>
      <body>I agree. I do C&amp;A work for the government. Systems which have zero impact on national security have to conform to NIST guidelines. The fact that none of this was in the contract and not implemented is pretty bad...</body>
    </post>
    <post id="SD_473_14949977" ref="SD_473_14949319">
      <post_score>0</post_score>
      <user>Anonymous Coward</user>
      <date>1142707800</date>
      <body>Hey! Do you work for the NY Times?  If not, you should consider looking for work there. I think you'd be a valuable asset for them.  </body>
    </post>
    <post id="SD_473_14949612" ref="SD_473_14949350">
      <post_score>2</post_score>
      <user id="SD_156179">Jester998</user>
      <date>1142703180</date>
      <body>Don't forget that America's vices cost more money than exists [theregister.co.uk].  Satirical, but an amusing read.</body>
    </post>
    <post id="SD_473_14949344" ref="SD_473_14949310">
      <post_score>0</post_score>
      <user>Anonymous Coward</user>
      <date>1142699700</date>
      <body>We'll no doubt see "All your missile base are belong to us" written on the system's password file.  Just as long as the missile defence system doesn't shoot down the space shuttle or something...</body>
    </post>
    <post id="SD_473_14949456" ref="SD_473_14949381">
      <post_score>0</post_score>
      <user>Anonymous Coward</user>
      <date>1142701080</date>
      <body>"You can count on the same anti-American slashbotism to get modded to 5, adding nothing, really, to the conversation."  Oh, we're getting our revenge. Slashdot's disk array is filling up fast, and we'll need another one soon. So here's to useless conversations, and bad moderation.</body>
    </post>
    <post id="SD_473_14949671">
      <post_score>3</post_score>
      <post_moderation>Informative</post_moderation>
      <user id="SD_715237">brennz</user>
      <date>1142703840</date>
      <body>My guess is the MDA was not reading the DOD guidelines on IA http://www.dtic.mil/whs/directives/corres/html/850 02.htm [dtic.mil] (among many other pubs) which is pretty clear. Being a classified mission critical system used for warfighting, they would fit into the MAC I, confidentiality=high baseline.  Lets hope their contract gets recompeted so my company can head over there!</body>
    </post>
    <post id="SD_473_14952683" ref="SD_473_14949998">
      <post_score>1</post_score>
      <user id="SD_898143">Troglodyt</user>
      <date>1142775000</date>
      <body>The insecure smiley? :/</body>
    </post>
    <post id="SD_473_14949471" ref="SD_473_14949422">
      <post_score>2</post_score>
      <user id="SD_193358">Beryllium Sphere(tm)</user>
      <date>1142701260</date>
      <body>>People who have access to workstations on the system should need to go through a significant amount of physical security before they are able to do anything.  Once the person is through physical security, what will that person do? They have to be clueful as well as loyal in order to be safe for the network. One of the reported problems is that they weren't getting security training.</body>
    </post>
    <post id="SD_473_14949430">
      <post_score>1</post_score>
      <user id="SD_960365">Kittie Rose</user>
      <date>1142700780</date>
      <body>Their plans totally Bombed... I mean seriously, they Blew Up in their faces.</body>
    </post>
    <post id="SD_473_14949487" ref="SD_473_14949422">
      <post_score>2</post_score>
      <post_moderation>Funny</post_moderation>
      <user id="SD_774213">dfjunior</user>
      <date>1142701500</date>
      <body>There is an airgap in the system. All the modems are connected to unlisted telephone numbers.</body>
    </post>
    <post id="SD_473_14949821">
      <post_score>2</post_score>
      <user id="SD_10873">Cally</user>
      <date>1142705880</date>
      <body>Yeah, and monkeys might fly out of my behind. The acceleration due to gravity at the surface of the earth may be 9.8 m/s^2. Who's to say?</body>
    </post>
    <post id="SD_473_14951007" ref="SD_473_14949973">
      <post_score>2</post_score>
      <user id="SD_671481">Thundersnatch</user>
      <date>1142729940</date>
      <body> The vast majority [treas.gov] of federal debt instruments are held by the American government itself, states, private investors, pension funds, corporations, and the like. So we owe most of the national debt to ourselves. Only about $2T is owed to foreign investors, and I would think that Americans hold a comparable amount of foreign government securities. U.S. Treasuries are still the worldwide standard for what is considered a risk-free investment. All other bonds are benchmarked against Treasuries, worldwide. Financiers don't do this out of habit or because they trust the U.S. Congress; they've actually run the numbers and concluded that the risk of the U.S. government defaulting on its financial obligations is still lower than that of any other government, corporation, municipality, etc. worldwide.  </body>
    </post>
    <post id="SD_473_14949884" ref="SD_473_14949531">
      <post_score>3</post_score>
      <post_moderation>Interesting</post_moderation>
      <user id="SD_820507">prurientknave</user>
      <date>1142706540</date>
      <body>No reason to get defensive from profiting a little bit from pork barrel politics. Everyone else is doing it, might as well get a piece of it while the getting is good. When I was working at parsons you should've seen the number of billable hours that were being pushed on the MTA for a terrorism vulnerability audit for what amounted to reading, highlighting and summarizing their existing procedures.</body>
    </post>
    <post id="SD_473_14950053" ref="SD_473_14949319">
      <post_score>1</post_score>
      <user id="SD_847904">chromozone</user>
      <date>1142708940</date>
      <body>You left out gay marriage, hip hop, ritalin and a media whose heart is in synch with Al Qaeda.</body>
    </post>
    <post id="SD_473_14949677">
      <post_score>-1</post_score>
      <post_moderation>Troll</post_moderation>
      <user>Anonymous Coward</user>
      <date>1142703900</date>
      <body>need to join the plainly stat3s that [goat.cx]</body>
    </post>
    <post id="SD_473_14949847" ref="SD_473_14949319">
      <post_score>0</post_score>
      <user>Anonymous Coward</user>
      <date>1142706180</date>
      <body>No, no, the question is: What are you going to do about it? Maybe you should work your ass off to place yourself in a position to, you know, actually help FIX one of these problems. And I'm not talking about a position out in front of the Capitol building holding a sign that says "Look how fucked up we are! Somebody (else) do somthing!"  If you are already doing "something," then great! Thank you! But if you are sitting around with your friends debating "how bad things are here" or how they got that way, then I recommend that you stop feeling sorry for yourself and do something productive.  I guess maybe it's easier and more convenient to bash incompetence than to actually take ownership of a problem.  So with regards to your post: I'm not surprised either.</body>
    </post>
    <post id="SD_473_14951336" ref="SD_473_14949300">
      <post_score>0</post_score>
      <user>Anonymous Coward</user>
      <date>1142742780</date>
      <body>The Microsoft Effect strikes again...</body>
    </post>
    <post id="SD_473_14949368" ref="SD_473_14949319">
      <post_score>3</post_score>
      <post_moderation>Funny</post_moderation>
      <user id="SD_961972">KenDodd</user>
      <date>1142699940</date>
      <body>Hey man, don't forget our failure to win the men's 1500m speed skating gold in Turin!</body>
    </post>
    <post id="SD_473_14953866" ref="SD_473_14949422">
      <post_score>0</post_score>
      <user>Anonymous Coward</user>
      <date>1142792640</date>
      <body>Yes the sensitive parts are going to be airgaped from anyting at a lower classification level (ie: the internet) or operating through some special device that precludes talking back.  What they are realy talking about is the "new" NISPOM chapter 8 requirements. Having been a member of a team that implemented compliance with these rules I can understand why Boeing is in the condition its in. First of all the NISPOM chapter 8 was written by government security workers in DC, not engineers or system adminis. The rules are written for a production (operational) environment and don't take into account a development situation at all. It seemed to me that they were written by a person who uses a computer for email, word processing, etc not a software developer or custom application as is often the case. The user account issue is also usualy part of what the customer wants. The customer doesn't want to make accounts for each airman de jour who might be on the mission tomorrow, they want everyone autorized on the plane to be able to get the job done. The auditing also doesn't make sense in many cases - why audit a system locked in a vault with no network connection that has 4 users that all know the root password? The contract issue is significant - if you have to implement auditing for 100's of systems that's many hours of labor and new servers, network upgrades, etc may also be necessary. If that wasn't in the original contract how does it get paid for? More hours and capital needs to be in the contract to get this done.  Security in these environments isn't about security its about arbitrary rules compliance. Its about the government getting bad press for scandals at some sites and having spys in the government so they tighten the rules on the contractors (since the operational sites can waive them anyway).</body>
    </post>
    <post id="SD_473_14950666">
      <post_score>2</post_score>
      <user id="SD_124579">Lord Omlette</user>
      <date>1142721840</date>
      <body>In the '06 and '08 elections, if a candidate for a federal-level race won't commit to ending this pointless, then don't vote for them.  If they do commit to ending the project, send them cash, since they won't be getting any from the defense contractors.</body>
    </post>
    <post id="SD_473_14950163" ref="SD_473_14949791">
      <post_score>1</post_score>
      <user id="SD_772752">randyjg2</user>
      <date>1142710500</date>
      <body>I interviewed iwth one of these groups last summer. Believe it or not, they tolde me that they do a lot of sourcing to american companies who foreign outsource (thus staying off the radar as far as foreign outsourcing concerns go)  More significantly, they use COTS software products, some of which are produced and maintained in countries that are likely to be on the receiving end of the target list. It should be fascinating to find out what happens if they ever try using it against one of those countries.  Incidently, I lost the interview for criticising some of their more glaring security holes. It was an technical architecture position, I thought that was a deliberate ommission to see if I knew what I was doing. It turns out that they are not simply too lazy to follow procedure, they are most clearly opposed to it.  Why, I cannot say, but it appeared to me at least that it was pressure from a few key people, rather than a general attitude, most of the low level techies seemed to appreciate teh need for more security and were quite frustrated by the lack of concern.  </body>
    </post>
    <post id="SD_473_14949367">
      <post_score>-1</post_score>
      <post_moderation>Offtopic</post_moderation>
      <user>Anonymous Coward</user>
      <date>1142699940</date>
      <body>Why don't the powers that be look at this tool?  http://www.coverity.com/ [coverity.com] http://scan.coverity.com/ [coverity.com]</body>
    </post>
    <post id="SD_473_14949486">
      <post_score>3</post_score>
      <post_moderation>Insightful</post_moderation>
      <user id="SD_8478">MECC</user>
      <date>1142701500</date>
      <body> How about Global Thermonuclear war?</body>
    </post>
    <post id="SD_473_14951439" ref="SD_473_14950261">
      <post_score>1</post_score>
      <user id="SD_750383">chawly</user>
      <date>1142746860</date>
      <body> Couldn't help noticing this  "my shair of IA traing, "  and it makes me wonder if they offer training in spelling before or after the IA traing you deride. I wonder too, given what you write, if you really and fully understood what you were taught. The course book(s) written in English ?</body>
    </post>
    <post id="SD_473_14949467">
      <post_score>5</post_score>
      <post_moderation>Funny</post_moderation>
      <user id="SD_568665">ipsuid</user>
      <date>1142701200</date>
      <body>We'll just make talking about DOD security flaws illegal in Patriot Act 3 and then nobody will know.</body>
    </post>
    <post id="SD_473_14949505" ref="SD_473_14949327">
      <post_score>2</post_score>
      <user id="SD_669689">TubeSteak</user>
      <date>1142701920</date>
      <body>I remember reading about a movie made of one man's attempt to break the standing world record for the Missile Command arcade game.  Wish I could find linkage to it. He went for 55 hours straight.  I think our country would be safe with him at the... trackball.</body>
    </post>
    <post id="SD_473_14950112" ref="SD_473_14949531">
      <post_score>2</post_score>
      <user id="SD_813711">flyingsquid</user>
      <date>1142709720</date>
      <body>Based on comments like this, you'd think that the government is stuffing shells full of cash and launching them at the enemy. DAMN! Someone has already accessed the Defense Network and gotten ahold of our super-secret National Missile Defense technical specifications!  </body>
    </post>
    <post id="SD_473_14949918" ref="SD_473_14949502">
      <post_score>3</post_score>
      <post_moderation>Interesting</post_moderation>
      <user id="SD_520114">Gyorg_Lavode</user>
      <date>1142706960</date>
      <body>Actually, what they say is "we'd love to do it. Now we need X man hours to develop that price for you."</body>
    </post>
    <post id="SD_473_14949885" ref="SD_473_14949671">
      <post_score>1</post_score>
      <post_moderation>Insightful</post_moderation>
      <user>Anonymous Coward</user>
      <date>1142706540</date>
      <body>That document is from Feb 03. Do you think the GMD contract MAY be a little older than it? And whats your company going to do? Really only Boeing, Lockheed Martin and Northrop Grumman are big enough to handle the prime contract.  </body>
    </post>
    <post id="SD_473_14951042" ref="SD_473_14950391">
      <post_score>0</post_score>
      <user>Anonymous Coward</user>
      <date>1142731020</date>
      <body>Until some bored Comp Sci major runs across it and attempts to port it to NetBSD :)</body>
    </post>
    <post id="SD_473_14949723" ref="SD_473_14949625">
      <post_score>0</post_score>
      <user>Anonymous Coward</user>
      <date>1142704500</date>
      <body>The point would be that the 8500 series guidance did not EXIST when the GMD Prime contract was written. You can't put something on contract that doesn't exist. Also, the cost of moving from 5200 to 8500 was 400 million. Just for the security upgrades.</body>
    </post>
    <post id="SD_473_14949559">
      <post_score>2</post_score>
      <user id="SD_561314">hcdejong</user>
      <date>1142702640</date>
      <body>Back in 1983, I saw this great documentary about a teenager hacking into a defense computer. Can't quite remember the name, though...</body>
    </post>
    <post id="SD_473_14949644" ref="SD_473_14949330">
      <post_score>0</post_score>
      <user>Anonymous Coward</user>
      <date>1142703540</date>
      <body>  The Missile Defense Agency (MDA) is George W. Bush's name for the Ballistic Missile Defense Organization (BMDO), which was Bill Clinton's name for the Strategic Defense Initiative Organization (SDIO), which was Ronald Reagan's "Star Wars."   Hey look! George W. Bush came into office and dropped a letter from the acronym. Just another bit of proof that he can't handle anything more than 3-letter words.</body>
    </post>
    <post id="SD_473_14949934">
      <post_score>4</post_score>
      <post_moderation>Interesting</post_moderation>
      <user id="SD_520114">Gyorg_Lavode</user>
      <date>1142707140</date>
      <body>Anyone realize that the report was pulled off the IG's website? It was 06-53 according to google. Now it's gone.</body>
    </post>
    <post id="SD_473_14949350" ref="SD_473_14949319">
      <post_score>5</post_score>
      <post_moderation>Informative</post_moderation>
      <user id="SD_528248">rolfwind</user>
      <date>1142699760</date>
      <body>You forgot over $8 TRILLION in public debt - $30,000 for EVERY man, woman, and child in the US.</body>
    </post>
    <post id="SD_473_14949381" ref="SD_473_14949319">
      <post_score>1</post_score>
      <post_moderation>Offtopic</post_moderation>
      <user id="SD_19263">NitsujTPU</user>
      <date>1142700180</date>
      <body>Yeah, but that's not all. One wonders if people will ever stop astroturfing this and talk about tech again. From articles about Linux  to robots  to physics  to the Internet  You can count on the same anti-American slashbotism to get modded to 5, adding nothing, really, to the conversation.  I salute you!</body>
    </post>
    <post id="SD_473_14950400" ref="SD_473_14949659">
      <post_score>1</post_score>
      <post_moderation>Insightful</post_moderation>
      <user>Anonymous Coward</user>
      <date>1142714940</date>
      <body>  The foundational requirements of any society is conformance to some agreed minimal ethical and moral standards.  Standards are of course the first sacrifices of a multi-culturalist state.</body>
    </post>
    <post id="SD_473_14949469">
      <post_score>0</post_score>
      <user>Anonymous Coward</user>
      <date>1142701260</date>
      <body>Dont worry, Skynet will find a way.</body>
    </post>
    <post id="SD_473_14949858" ref="SD_473_14949315">
      <post_score>2</post_score>
      <post_moderation>Troll</post_moderation>
      <user id="SD_222648">NecroPuppy</user>
      <date>1142706300</date>
      <body>Depends.  If it was part of a Military Specification (or MilSpec), then the contractor had to follow it regardless of whether it was in the contract or not.  However, if it was Military Standard instead, then the contractor doesn't have to follow them, even if the Standard is referenced in the contract. Only if the applicable part of the Standard is put into the contract without reference, thereby making it a contract term, is the contracted entity required to follow it.  I realize that may be confusing, so I'll give an example.  If the contract references MilSpec 2020.1, then it is the contractor's job to look up that Spec and make sure they follow it.  If the contract references MilStandard 1043.7, then the contractor doesn't have to look it up or follow it, thought they can.  If the contract instead takes the text out of MilStandard 1043.7 and puts it into the contract, without reference to it as a MilStandard or with the copied text referring to another MilStandard, then the contracted entity has to follow it as it is a contract term.  And given the reliance on 20 year old legacy standards in this, it also sounds like the Contracting Officer and Program Officer (CO and PO respectively) didn't consider JTIC interoperability requirements as part of this.  Shit, that's twice in one week my Systems Acquisitions classes have been useful. Just not at work.</body>
    </post>
    <post id="SD_473_14949581" ref="SD_473_14949381">
      <post_score>1</post_score>
      <user id="SD_684543">teslafreak</user>
      <date>1142702880</date>
      <body>No sir, I salute YOU (But I actually mean it, seriously, wtf is with these people? Slashdot is not supposed to be a political debate site.)</body>
    </post>
    <post id="SD_473_14950347" ref="SD_473_14949973">
      <post_score>2</post_score>
      <user id="SD_157376">macshit</user>
      <date>1142713800</date>
      <body>The national debt seems comparable to the total value of all SUVs/4x4 trucks in the US...  Are you thinking what I'm thinking?  Therefore ...... if we ... destroy all SUVs ... the national debt will be erased!!  Yeah!!! Everybody grab your rocket launcher and head for the highways! Yeeee-ha!</body>
    </post>
    <post id="SD_473_14954750" ref="SD_473_14951503">
      <post_score>0</post_score>
      <user>Anonymous Coward</user>
      <date>1142807700</date>
      <body>We have a winner.</body>
    </post>
    <post id="SD_473_14954024" ref="SD_473_14951607">
      <post_score>2</post_score>
      <user id="SD_671481">Thundersnatch</user>
      <date>1142794440</date>
      <body>  Interesting that you bind the government and corporations together under the flag of "ourselves." Neither of those entities is related to the people of the United States, which is the most important entity of them all... The US government and US corporations ARE the result of the collective activity of groups of individuals. A corporation is an entity representing the interests of its stockholders, and the US government is an entity representing the interest of taxpayers and voters. Stockholders and taxpayers can influence the behavior of those collective entities by VOTING. So yes, in the end, we do owe that money to ourselves. Of course, certain citzens are owed more of that debt by virtue of being stockholders, or having a piece of a mension or mutual fund. If you don't like that, loan the government some of YOUR money and get in on the gravy train.    </body>
    </post>
    <post id="SD_473_14949377">
      <post_score>3</post_score>
      <post_moderation>Insightful</post_moderation>
      <user id="SD_4562">N8F8</user>
      <date>1142700120</date>
      <body>No matter what you do to design a system there will always be some hack who comes along to crap on your project. Just because you think you know better doesn't make it true. It certainly doesn't help that sites like this one jump on every little aberrant report like a pack of jackals.</body>
    </post>
    <post id="SD_473_14949342">
      <post_score>-1</post_score>
      <post_moderation>Offtopic</post_moderation>
      <user>Anonymous Coward</user>
      <date>1142699700</date>
      <body> Joshua: Shall we play a game? David Lightman: Oh! Jennifer: I think it missed him. David Lightman: Yeah. Weird isn't it? Love to. How about Global Thermonuclear War. Joshua: Wouldn't you perfer a nice game of chess? David Lightman: Later. Right now lets play Global Thermonuclear War. Joshua: Fine.</body>
    </post>
    <post id="SD_473_14951171" ref="SD_473_14949377">
      <post_score>1</post_score>
      <user id="SD_576844">inode_buddha</user>
      <date>1142736360</date>
      <body>  "It certainly doesn't help that sites like this one jump on every little aberrant report like a pack of jackals." True, it sucks. But I would hope that such winnowing improves the system overall, much like (theoretical) evolution.    </body>
    </post>
    <post id="SD_473_14949468">
      <post_score>3</post_score>
      <post_moderation>Insightful</post_moderation>
      <user id="SD_737886">iggy_mon</user>
      <date>1142701200</date>
      <body> Security Flaws Could Cripple Defense Network Drunk Driving Could Be Dangerous Microsoft Goes Head-to-Head With IBM Mixing Household Chemicals Could Be Dangerous  notice a pattern? none of these headliness says or means anything. they border between "no $hit" and "duh".  instead of that say-nothing giberish how about "group passwords threaten MDA's communications network"? see, now the head line says something.  ps, not to be a jerk, just to point out an area where slashdot can be better than the rest.</body>
    </post>
    <post id="SD_473_14950716" ref="SD_473_14950347">
      <post_score>2</post_score>
      <user id="SD_927141">woolio</user>
      <date>1142722860</date>
      <body>Well, that wasn't what I was thinking....</body>
    </post>
    <post id="SD_473_14964170" ref="SD_473_14954169">
      <post_score>2</post_score>
      <user id="SD_671481">Thundersnatch</user>
      <date>1142936760</date>
      <body>  So is the Ku Klux Klan, but they can go fuck themselves  So if you don't agree with certain individuals, they forfeit their freedom of speech, assembly, etc? I personally abhor the KKK, but I will defend their right to speak, organize, buy property, and even particiapte in the democratic process as a group. Yours is an inconsistent attitude towards to civil liberties that is commonly seen on the left end of the political spectrum. Mirror-image incosnistencies exist on the right, of course. By the way, doesn't using the KKK as an example invoke Godwin's law?  </body>
    </post>
    <post id="SD_473_14949803">
      <post_score>-1</post_score>
      <post_moderation>Flamebait</post_moderation>
      <user>Anonymous Coward</user>
      <date>1142705640</date>
      <body>Being someone who is actually fairly close to this issue, I thought about trying to answer some of the questions associated with it. But, I realized, it doesn't matter. The system is too complex to describe. And even if I did I can't describe it without revealing information that cannot be legally divulged. And how could I answer the procedural or contractual questions? The differences between a weapon system and a corporate network or even a small weapon network or government network are so vast you cannot describe them in a week. And the idocyncracies of the contract are so complex that no-one understands them down to the difference between Raytheon at location X and Northrop Grumman at location Y. And why answer the specifics of the report? We have a formal response and it covers the entire IG report. The kind of response you read and think "well why'd we get our panties in a twist"? In the end, people will talk about that network that network terrorists could hack at the drop of hat for a week and then will forget about it for the next political scandal or missing white blonde girl. And my coworkers and I will continue on trying to do the right thing for the weapon system and our Nation.</body>
    </post>
    <post id="SD_473_14953839" ref="SD_473_14949350">
      <post_score>2</post_score>
      <user id="SD_119044">darkmeridian</user>
      <date>1142792220</date>
      <body>You forgot over $8 TRILLION in public debt - $30,000 for EVERY man, woman, and child in the US.  WTF! Stop having kids! OMG!</body>
    </post>
    <post id="SD_473_14951252" ref="SD_473_14949335">
      <post_score>2</post_score>
      <user id="SD_9079">Vskye</user>
      <date>1142739360</date>
      <body>How many more $500 USD toliet seats does the taxpayers have to buy before Boeing upgrades their network?   Mod up from troll, since you've never been in the US military. I was in the US Navy and actually priced out the costs for Snap-On tools that we had vs buying as a "normal" buyer, and we're talking a 20-50% markup. Get a clue.</body>
    </post>
    <post id="SD_473_14950465" ref="SD_473_14949531">
      <post_score>5</post_score>
      <post_moderation>Interesting</post_moderation>
      <user id="SD_444192">John Newman</user>
      <date>1142716440</date>
      <body>  And the thousands of American scientists, engineers, technicians and support staff that design and work on these systems. Based on comments like this, you'd think that the government is stuffing shells full of cash and launching them at the enemy. Where do you think these "weapon systems" are designed and built?  True, but one can argue that at least a few of those scientists, engineers, technicians and support staff who are on the government dole building weapons could be better put to use creating new energy sources, curing diseases, advancing our understanding of the universe, etc. Every engineer employed by federal money to study a cutting-edge aspect of missle-defense mechanics is one fewer biologist or doctor funded by federal money to cure cancer. And right now there are many, many more of the former than the latter. Yeah, in a perfect world we'd fund both. But the reality is that defense spending is still booming while the NIH budget (barely a rounding error on the DoD budget anyway) is actually shinking in real terms.</body>
    </post>
    <post id="SD_473_14949778" ref="SD_473_14949625">
      <post_score>2</post_score>
      <user id="SD_789609">MichaelSmith</user>
      <date>1142705340</date>
      <body>I must say this is astounding from a legal services point of view. I don't. When I worked for a state government road building authority I saw us send out contracts for software which specified precicely how all asphalting works were to be carried out.  </body>
    </post>
    <post id="SD_473_14952183" ref="SD_473_14951888">
      <post_score>2</post_score>
      <user id="SD_926787">thedletterman</user>
      <date>1142767440</date>
      <body>There's some decent technical information there, but there's a point I want to make. The budget did so well because we had a democratic president, and a republican congress. what this resulted in is a president that had to really work to push legislation that the congress would even approve. congress wouldn't spend money on most of clinton's spending proposals, and as a result of restrained spending, the economy benefited. There's one thing that makes the private economy more prosperous... less government involvement.</body>
    </post>
    <post id="SD_473_14949415">
      <post_score>0</post_score>
      <user id="SD_935594">bunbuntheminilop</user>
      <date>1142700600</date>
      <body>system is to get the AI to play tic-tac-toe against itself. I saw it on a documentary ages ago. I think.</body>
    </post>
    <post id="SD_473_14949495">
      <post_score>2</post_score>
      <user id="SD_585047">Chordonblue</user>
      <date>1142701680</date>
      <body>...You'd think after the Cylon's infiltration of the Caprica global network that someone would have taken this a little more seriously.</body>
    </post>
    <post id="SD_473_14952074" ref="SD_473_14951439">
      <post_score>0</post_score>
      <user>Anonymous Coward</user>
      <date>1142765760</date>
      <body>  The course book(s) written in English ?  This is not a proper interrogative sentence. I wonder, given what you wrote, if you really and fully understood what you typed.</body>
    </post>
    <post id="SD_473_14970259" ref="SD_473_14964170">
      <post_score>2</post_score>
      <user id="SD_919136">TallMatthew</user>
      <date>1143000300</date>
      <body>So if you don't agree with certain individuals, they forfeit their freedom of speech, assembly, etc? I personally abhor the KKK, but I will defend their right to speak, organize, buy property, and even particiapte in the democratic process as a group. Neat. That has nothing to do with the original argument. Corporations and individuals are separate entities. You cannot consider money delegated to corporations as benefitting the people. Read better. Yours is an inconsistent attitude towards to civil liberties that is commonly seen on the left end of the political spectrum. Mirror-image incosnistencies exist on the right, of course. Though apparently spell checkers don't.  </body>
    </post>
    <post id="SD_473_14949989" ref="SD_473_14949385">
      <post_score>2</post_score>
      <user id="SD_520114">Gyorg_Lavode</user>
      <date>1142707980</date>
      <body>I assume the ones that failed were rigged to fail.</body>
    </post>
    <post id="SD_473_14950136" ref="SD_473_14949934">
      <post_score>1</post_score>
      <post_moderation>Informative</post_moderation>
      <user>Anonymous Coward</user>
      <date>1142710080</date>
      <body>It still availiable as html in google cache; http://www.google.com/search?q=cache:yNlqZ9eZV3oJ: www.dodig.mil/audit/reports/FY06/06-053.pdf [google.com]</body>
    </post>
    <post id="SD_473_14949502">
      <post_score>4</post_score>
      <post_moderation>Interesting</post_moderation>
      <user id="SD_724240">musicon</user>
      <date>1142701860</date>
      <body> I'm not surprised in the slightest by the "revelation" in this FA.  For profit companies will always take the quickest, least expensive option available (in that order), even if it's not the correct decision. Contract companies love to say "that's not in the contract, but we'd be happy to renegotiate and do it for $x."   </body>
    </post>
    <post id="SD_473_14951860" ref="SD_473_14949350">
      <post_score>2</post_score>
      <user id="SD_926787">thedletterman</user>
      <date>1142762280</date>
      <body>and to think we've only spent $10 trillion on the "war on poverty" since LBJ. That sure is working out well..</body>
    </post>
    <post id="SD_473_15000376" ref="SD_473_14949531">
      <post_score>2</post_score>
      <user id="SD_263942">Zeinfeld</user>
      <date>1143407220</date>
      <body>And the thousands of American scientists, engineers, technicians and support staff that design and work on these systems. Based on comments like this, you'd think that the government is stuffing shells full of cash and launching them at the enemy. Where do you think these "weapon systems" are designed and built? Are engaded in a corrupt, shameful use of their time? Yes absolutely. The UK deployed an anti-anti-balistic misslile system in the 70s called Chevalene. It worked by ejecting several hundred mylar ballons, one of which enclosed the actual live warhead. The system deployed is incapable of defeating that level of countermeasure even if it worked. You do not need to be a rocket scientist to spot a fraudulent test. The only time the system was 'tested' with decoys there were only two decoys and the missile was preprogramed to shoot the middle target. This is an asymmetric challenge. The game is much easier for the attacker than the defender. The opposition can get access to technology that is way ahead of the best 1980s US technology without difficulty.  </body>
    </post>
    <post id="SD_473_14950637" ref="SD_473_14949712">
      <post_score>2</post_score>
      <user id="SD_601766">ozmanjusri</user>
      <date>1142721240</date>
      <body>But take a look at last weeks campaign, Operation Swarmer. The Iraqis mostly led this. None of our gun ships had to open fire and there were 0 casualties. Operation Swarmer was pure spin.  But contrary to what many many television networks erroneously reported, the operation was by no means the largest use of airpower since the start of the war. ("Air Assault" is a military term that refers specifically to transporting troops into an area.) In fact, there were no airstrikes and no leading insurgents were nabbed in an operation that some skeptical military analysts described as little more than a photo op. What's more, there were no shots fired at all and the units had met no resistance, said the U.S. and Iraqi commanders. Time [time.com]  Still, at least you've identified something the current US government is good at...</body>
    </post>
    <post id="SD_473_14951888" ref="SD_473_14951066">
      <post_score>2</post_score>
      <user id="SD_261758">espo812</user>
      <date>1142763000</date>
      <body>  Weren't large parts of the debt paid off [at one time] during the Clinton era?  During the Clinton administration, the (Republican) Congress passed the budget that had a surplus. That means the federal budget was taking in more tax money than it was spending. By the end of the Clinton administration, the economy was in a slump (thanks to Chairman Greenspan's insistance on a high prime interest rate.) Combined with September 11, 2001 the economy entered a weak recession, and the budget surplus became a defecit (meaning the national debt began to increase.) It should be noted that a budget surplus can be translated to "over taxation," since the government should never operate as a bank.  If most of the debt is held within the US and the govt pays it off using tax money, then in effect the cooperations are profiting from those paying taxes [which may be the most difficult on the lower middle classes] as well as the initial expendatures that caused the debt.  The people who buy the debt profit from it. You or an a corporation (which is really an artifical person) can buy up U.S. savings bonds. You or a corporation will be paid back more than you paid initially for said bond. So you or a corporation can make money off of lending money to the government for a period of time. It should be noted that taxes should be lower for most everyone so they can invest more of their money in things they see fit.  But in order for that to happen, the public had to pay for it through taxes... And those with large incomes are relatively unencumbered by taxes in the same way the lower-income familes are.  Corporations and citizens pay taxes. Those with large incomes pay the majority of taxes in the country. In order for the national debt to be reduced the government can either raise taxes above the expendature level or lower expendatures below the tax level or some combination thereof. This frees up money to pay off debt (for the government, or for you if you replace "taxes" with "earnings.") It should be noted that paying off the federal debt too quickly will upset investors. It really shouldn't be paid back quicker than the term the bonds were issued for, because recalling bonds means investors aren't getting what they expected.</body>
    </post>
    <post id="SD_473_14949625">
      <post_score>1</post_score>
      <user id="SD_582970">Nomad37</user>
      <date>1142703360</date>
      <body>I must say this is astounding from a legal services point of view. I've seen defence contracts here in Australia, working at a law firm that works for Defence (and other government agencies). The usual practice is to start with a standard form contract which says something to the effect that the contractor must comply with the Defence Security [Directive / Policy / Determination / etc] dated []. And you always do a search before the final draft for "" and replace with appropriate information if it hasn't already been done. Alternatively a contract will say the latest Defence Security Directive issued from time to time - so the latest one always applies.  So I really find it amazing that this could sneak through... who's drafting this stuff?</body>
    </post>
    <post id="SD_473_14949319">
      <post_score>3</post_score>
      <post_moderation>Insightful</post_moderation>
      <user id="SD_793279">bogaboga</user>
      <date>1142699400</date>
      <body>> Security Flaws Could Cripple Defense Network... This does not suprise me at all, after all, we as Americans are quickly proving that we're becoming the bastion of incompetence. From NASA, to the war in IRAQ, irregularities in elections, collapsing health care system, cronyism in government, out-sourcing out of hand, the massive trade deficit, the fact that communist China, Japan and the UK now help us with our balance of payments, failing education system, Katrina,....one wonders whether we as a nation can ever do anything right. Question is: Is there eanything really?  </body>
    </post>
  </posts>
</thread>
