<?xml version="1.0" encoding="iso-8859-1"?>
<!-- this file has been obtained by crawling internet sites by
Fundacio Barcelona Media please, access this site:
caw2.barcelonamedia.org to read the terms and conditions of use
 -->
<thread id="SD_223_1947225">
  <subdomain>politics</subdomain>
  <title>Shadowrun vs. Shadowrun Related Stories</title>
  <admin>Zonk</admin>
  <user>eToyChest's regular 'I roll 20s' column today looks at  the different faces of Shadowrun in the world of Videogames. Before the most recent, ill-conceived, 360 title there were several other attempts to bring the rich cyberpunk-meets-Tolkien world to gamers with controllers. Some met with more success than others. From the article: "In the Genesis Shadowrun, you played an actual Shadowrunner, the sort of guy a corporation would pay to do their dirty work, and then deny the existence of after the fact should things manage to find a fan and hit it. Moreover, you were given the ability to create a character designed after whichever abilities and archetypes you found to be most savory, and as a result, a huge array of hybrid character styles were available, creating a game with a good deal more replay value than most Sega Genesis action RPGs</user>
  <date>1155045360</date>
  <topics>
    <main>Role Playing (Games)</main>
  </topics>
  <body>est's regular 'I roll 20s' column today looks at  the different faces of Shadowrun in the world of Videogames. Before the most recent, ill-conceived, 360 title there were several other attempts to bring the rich cyberpunk-meets-Tolkien world to gamers with controllers. Some met with more success than others. From the article: "In the Genesis Shadowrun, you played an actual Shadowrunner, the sort of guy a corporation would pay to do their dirty work, and then deny the existence of after the fact should things manage to find a fan and hit it. Moreover, you were given the ability to create a character designed after whichever abilities and archetypes you found to be most savory, and as a result, a huge array of hybrid character styles were available, creating a game with a good deal more replay value than most Sega Genesis action RPGs."</body>
  <posts>
    <post id="SD_223_15870774" ref="SD_223_15870663">
      <post_score>2</post_score>
      <user id="SD_186257">mbourgon</user>
      <date>1155060300</date>
      <body>Go watch the video. Then say it doesn't look that bad. I'd say don't watch, since it's pretty damn bad, but what the hell. You earned it. Go wild.  http://xbox360movies.ign.com/xbox360/video/article /706/706895/shadowrungameplay_qtlowwide.mov [ign.com]</body>
    </post>
    <post id="SD_223_15871033" ref="SD_223_15870764">
      <post_score>2</post_score>
      <user id="SD_173381">sesshomaru</user>
      <date>1155064200</date>
      <body>Tolkien? Look, I'm all for giving Gibson props as creator of Cyberpunk or whatever, mainly because I don't care, though I'd probably put in a compelling argument for Philip K. Dick and some other more obscure authors if I did. But Tolkien? Tolkien didn't create High Fantasy, he just wrote some good High Fantasy books. Heck, I could say Tolkien butchered Grettir's Saga [omacl.org] if I was feeling particularly churlish. (Yes, I know the summary says Tolkien-Gibson, but I don't excuse the ignorance there, either.) Shadowrun is just a bunch of nonsense but it makes for good videogames. I know, because I've played one of them. Orks and Cyberpunk, go with it! This videogame, the one that Microsoft is making, is a bad video game.  </body>
    </post>
    <post id="SD_223_15870057" ref="SD_223_15869782">
      <post_score>0</post_score>
      <user>Anonymous Coward</user>
      <date>1155052920</date>
      <body>"Honestly, Microsoft, why did you bother getting the license if you are going to completely gut the entire game world? All you do is annoy those of us who love it...and for people who don't know it, well why would they care about the Shadowrun name being on the game in the first place?"  One word: control. As long as Macro$uck has the license, they can prevent anybody ELSE from making a decent sure-fire FAITHFUL game for another platform...and this lets them retain thier market share. It doesn't MATTER if the game blows, and never sells worth a damn, so long as nobody ELSE can benefit from the license.  Typical corporate bull >:(</body>
    </post>
    <post id="SD_223_15869382">
      <post_score>5</post_score>
      <post_moderation>Interesting</post_moderation>
      <user id="SD_792776">Pantero Blanco</user>
      <date>1155047400</date>
      <body>I've been trying to find the Genesis version at flea markets and used game stores around here for a while, without much success. The only person that had it wanted as much as the game probably cost when it was new.  I felt it was a lot better than the SNES version, which was incredibly linear. The Genesis version let you free-roam for the most part, in both "the Matrix" and the streets of Seattle, and complete the missions when you wanted. I figure that I looked at it the same way kids look at San Andreas today.  It also made the first Gibson novel I read (when I was thirteen or so) all the more entertaining. "Wait a second, Black ICE, Chiba City, Runs...I know this!"</body>
    </post>
    <post id="SD_223_15870764" ref="SD_223_15869918">
      <post_score>2</post_score>
      <user id="SD_592401">blincoln</user>
      <date>1155060120</date>
      <body>How is this insightful at all? He obviously doesn't know what he's talking about. They didn't modify it slightly, they pretty much screwed the whole thing up. Butchered it, if you will.  Kind of like what the makers of Shadowrun did to Gibson and Tolkien's work?</body>
    </post>
    <post id="SD_223_15869540" ref="SD_223_15869215">
      <post_score>0</post_score>
      <user>Anonymous Coward</user>
      <date>1155048600</date>
      <body>The Xbox is looking more and more like the video game equivalent of an elephant graveyard.  Oh shit, Overlord Xrag^H^H^H^H Ballmer just spawned and is teleporting everyone onto Siliskor. No keep running! We can't stop here, this is Tae Ew country!</body>
    </post>
    <post id="SD_223_15871052" ref="SD_223_15869435">
      <post_score>2</post_score>
      <user id="SD_77919">daniel_mcl</user>
      <date>1155064380</date>
      <body>As a matter of fact, I own the cartridge, but I don't have a TV to plug a console into; can't fit in my tiny dorm room. In any case, I seriously doubt it's an emulation issue.</body>
    </post>
    <post id="SD_223_15869472">
      <post_score>2</post_score>
      <post_moderation>Insightful</post_moderation>
      <user id="SD_260848">Thakandar2</user>
      <date>1155048000</date>
      <body>You all know when you first saw the Matrix movie trailer, and saw people in trench coats, with lots of guns, and hackers that seemed to be also experiencing almost magical phenomena, was set in the very close future, etc... that you thought a Shadowrun movie was coming out. And you went to www.whatisthematrix.com and were incredibly let down when it was an original IP, but you couldn't help thinking they still ripped a whole bunch off of Shadowrun.  Now why would I want a Shadowrun game that will, in essence, replicate that feeling I had after watching the Matrix movie trailer? It will probably look like Shadowrun in that it will be futuristic and dark, and have similar ideas or themes. But it still won't be Shadowrun, dammit!</body>
    </post>
    <post id="SD_223_15870943" ref="SD_223_15869782">
      <post_score>2</post_score>
      <user id="SD_884801">Sathias</user>
      <date>1155063120</date>
      <body>Honestly, Microsoft, why did you bother getting the license if you are going to completely gut the entire game world? All you do is annoy those of us who love it...and for people who don't know it, well why would they care about the Shadowrun name being on the game in the first place?  AFAIK When FASA went bust MS picked up the computer game licenses for all their games. It was more a case of "well since we own the license, why not do something with it?".  Earthdawn would make such a good 3d RPG or MMO, the magic system especially is just begging for it. It's a pity that MS will probably never do it, or if they do, probably wouldn't do it right.</body>
    </post>
    <post id="SD_223_15869782" ref="SD_223_15869672">
      <post_score>5</post_score>
      <post_moderation>Insightful</post_moderation>
      <user id="SD_632292">BDZ</user>
      <date>1155050820</date>
      <body> Same here. Been GMing the game since the first edition came out. Initially when I heard that there was going to be a 360 Shadowrun game coming out I had figured it was an RPG and fully intended to purchase one of the consoles solely to play this game. Then I find out it's to be a first person shooter...and then I hear that they are ripping out the entire history and starting from scratch in a rather warped way...then I see the movie promo for the game and see that it's a deathmatch game with pointy eared avatars, some magic (rocket launchers by any other name...), and what looks to be a rez spell...What the heck? I also seem to recall reading something about magic being a finite resource controlled by possession of a handful of artifacts which seem to be the "prizes/flags" you fight for in the game?!? Honestly, Microsoft, why did you bother getting the license if you are going to completely gut the entire game world? All you do is annoy those of us who love it...and for people who don't know it, well why would they care about the Shadowrun name being on the game in the first place?  </body>
    </post>
    <post id="SD_223_15869995" ref="SD_223_15869472">
      <post_score>2</post_score>
      <user id="SD_879105">RingDev</user>
      <date>1155052440</date>
      <body>Forget Teh Matrix, if you want Shadowrun in a movie, rent "Johnny Mnemonic." It is everything I would expect a great SR campaign to be (with out the magic).  -Rick</body>
    </post>
    <post id="SD_223_15870264" ref="SD_223_15869137">
      <post_score>2</post_score>
      <user id="SD_621105">The Evil Couch</user>
      <date>1155054900</date>
      <body>They didn't modify it slightly. They took the name, a few abstract concepts and dropped them into Counter-Strike.</body>
    </post>
    <post id="SD_223_15869730" ref="SD_223_15869456">
      <post_score>2</post_score>
      <user id="SD_309500">commonchaos</user>
      <date>1155050280</date>
      <body>I read Neuromancer one night instead of sleeping... I guess I should read it again. Wikipedia tells me that there are two other books that make up "The Sprawl" trilogy. Are they worth reading?</body>
    </post>
    <post id="SD_223_15874237" ref="SD_223_15871033">
      <post_score>1</post_score>
      <user id="SD_160456">drachenstern</user>
      <date>1155116580</date>
      <body>Since when is PKD an obscure author?  I guess that makes Asimov an obscure author as well, eh?  To be honest, I did not originally find Asimov at first, I found others such as PKD and then was led into sci-fi and then got into the "mainstream" authors.  Just curious how PKD was an obscure author</body>
    </post>
    <post id="SD_223_15870730" ref="SD_223_15869913">
      <post_score>2</post_score>
      <user id="SD_144349">NightRain</user>
      <date>1155059700</date>
      <body>Way back in the day, there were talks of making a Shadowrun movie, but they fell through when the producers didn't want to include metahumans and other core elements of the Shadowrun setting. To the best of my knowledge (though I can find nothing to corroborate this), they went their own way and that seed went on to become the Matrix.</body>
    </post>
    <post id="SD_223_15869215">
      <post_score>4</post_score>
      <post_moderation>Funny</post_moderation>
      <user>Anonymous Coward</user>
      <date>1155046260</date>
      <body>The Xbox is looking more and more like the video game equivalent of an elephant graveyard.  It has become the platform where old video game companies and titles get lame and go to die on.  </body>
    </post>
    <post id="SD_223_15870663" ref="SD_223_15870520">
      <post_score>0</post_score>
      <user>Anonymous Coward</user>
      <date>1155058980</date>
      <body>Yeah that's a really brain-damaged use of a license. It's like if someone took the Star Wars license and instead of making a game about Han, Luke, Darth Vader, they set it in a totally different time period- like 3000 years earlier. And then instead of making it a cool first-person shooter like all the Dark Forces/Jedit Knight games, they made a slow-moving, turn-based RPG. I mean a combo like that would be a disaster because they would be so far removed from the standard Star Wars gaming experience, right?</body>
    </post>
    <post id="SD_223_15869715" ref="SD_223_15869215">
      <post_score>0</post_score>
      <user>Anonymous Coward</user>
      <date>1155050160</date>
      <body>Microsoft does seem to be that uncle who gives you a Vanilla Ice CD for your birthday because he heard that was what all the hip kids were listening to these days...  I think that is reason that you are seeing Microsoft attempt to latch on to Nintendo and the Wii. The Xbox brand is so damaged after the first Xbox fiasco that they are trying to essentially brandsteal from Nintendo.  </body>
    </post>
    <post id="SD_223_15870923" ref="SD_223_15869739">
      <post_score>2</post_score>
      <user id="SD_688399">Physics Nobody</user>
      <date>1155062700</date>
      <body>"Concessions"?! The fantasy aspects are what make Shadowrun Shadowrun, and are in my opinion the best part of the game system. No, it's not "true Gibson cyberpunk" and it's not supposed to be! If that's what you want there are a ton of games with a setting like that (for instance, Cybepunk). Gibson can whine about Shadowrun all he wants, but that just says to me that he's too busy dwelling on how they changed things from 'his' setting and missing out on one of the most interesting (not necessarily original, but interesting) settings out there.</body>
    </post>
    <post id="SD_223_15869174">
      <post_score>4</post_score>
      <post_moderation>Interesting</post_moderation>
      <user id="SD_309500">commonchaos</user>
      <date>1155046020</date>
      <body>I recently played the SNES version. While playing it, I kept thinking that they could have renamed a few people, changed a few graphics, and resold the game as a "Matrix" game...  </body>
    </post>
    <post id="SD_223_15870895" ref="SD_223_15869730">
      <post_score>0</post_score>
      <user>Anonymous Coward</user>
      <date>1155062160</date>
      <body>Yes. They aren't up to the standard of Neuromancer (none of his other stories are, IMO, save for Dogfight which far surpasses it) but they're still quite good.</body>
    </post>
    <post id="SD_223_15870444" ref="SD_223_15869782">
      <post_score>0</post_score>
      <post_moderation>Flamebait</post_moderation>
      <user id="SD_963844">alfs boner</user>
      <date>1155056700</date>
      <body>Honestly, Microsoft, why did you bother getting the license if you are going to completely gut the entire game world? All you do is annoy those of us who love it...and for people who don't know it, well why would they care about the Shadowrun name being on the game in the first place? Dear BDZ, Haha, 0wned. Sincerely, --Microsoft.  </body>
    </post>
    <post id="SD_223_15871263" ref="SD_223_15870378">
      <post_score>2</post_score>
      <user id="SD_137008">grapeape</user>
      <date>1155068520</date>
      <body>Anyone else get the feeling that the same AC's bashing the xbox360's slow start are going to be the same ones defending Sony when the ps3 launches even slower?</body>
    </post>
    <post id="SD_223_15883232" ref="SD_223_15870365">
      <post_score>2</post_score>
      <user id="SD_621105">The Evil Couch</user>
      <date>1155213300</date>
      <body>Cyber-punk can work well in a FPS setting. When I had first heard of it, I had assumed that the game was going to be much like Deus-Ex and System Shock 2. Those games did a fantastic job of mixing cyberware, hacking, puzzles, magic (called psionics in SS2), and gun play. Not to mention that they did a great job of building atmosphere, mood and a plot that you had a percieved impact on.  Hell, with the success that Fable and the GTA series had, I would be loved to see a third person shooter/action game based on Shadowrun.  There were many routes that the developers could have taken to make a game that resonated strongly with those of us that know who Dunklezahn is, but was still a solidly built game that could be played and enjoyed by just some guy that had never heard of Shadowrun. The Genesis version was a fantastic game in that regard. You didn't have to know what Shadowrun was to enjoy it, but if you did, you had a much deeper appreciation for it. Sadly, they just took the easy way out and made a new deathmatch/capture the flag game.  </body>
    </post>
    <post id="SD_223_15869739" ref="SD_223_15869472">
      <post_score>2</post_score>
      <post_moderation>Informative</post_moderation>
      <user id="SD_949802">Truman Starr</user>
      <date>1155050400</date>
      <body>That's funny. I also felt like this. But then I was like "wait, this shadowrun stuff, didn't I read this all in Neuromancer and Johnny Mnemonic?" An interesting side note - Gibson can't STAND shadowrun. Detests it. Mostly, from what I've heard, because of their "fantasy" concessions - the dragons, the magic, etc. True Gibsonian cyberpunk is straight up technology and its use as a metaphor for the direction of humanity.  </body>
    </post>
    <post id="SD_223_15869429" ref="SD_223_15869137">
      <post_score>1</post_score>
      <user id="SD_266436">Pax00</user>
      <date>1155047760</date>
      <body>Yeah, it sounds alot like most ANYTHING out there. look at shoes, movies, cars, books, TV shows, video games, music, etc etc etc. what isn't recyled in some way? what isn't taking something that someone else has done and modified in some way shape or form? Hell, shadowrun is more or less a knock off cyberpunk... oh wait.. cyberpunk is more or less a knock off D&amp;D (its a variation on a diced bassed rollplaying game)...</body>
    </post>
    <post id="SD_223_15870365">
      <post_score>3</post_score>
      <post_moderation>Interesting</post_moderation>
      <user id="SD_911988">Wingfat</user>
      <date>1155055740</date>
      <body>I think that if they really wanted a true to RPG table top game for the PS3 or what ever they should have made a shadowrun game like how the newer GTA's are set up. That way people can pick what type of char. they want to be. be it Rigger / Decker / Mage / Body Mods / or combo, but you would be able to grow your char. like if on one mission your arm gets blown of you can go to a hosiptal and get a new one put on be it cyber or cloned. i think making Shadowrun a FPS is the worst idea i have ever heard! (well i hate ALL FPS so it is hard for me to say anything else.)</body>
    </post>
    <post id="SD_223_15870304" ref="SD_223_15869701">
      <post_score>3</post_score>
      <post_moderation>Informative</post_moderation>
      <user id="SD_165906">Hentai</user>
      <date>1155055200</date>
      <body>er, actually, Insect Spirits aren't the same as the Horrors - they're just another menace that tends to show up before the Horrors do. The Horrors have, thankfully, been kept mostly at bay by the efforts of -#@&amp;*@!)  Trust me, you don't want to read any more. - The Laughing Man</body>
    </post>
    <post id="SD_223_15869474">
      <post_score>2</post_score>
      <post_moderation>Insightful</post_moderation>
      <user id="SD_919232">IAstudent</user>
      <date>1155048060</date>
      <body>Having played both the SNES and Genesis versions, they were at least far more passible approaches at translating the pen-and-paper game to video gaming than the crap that's showing up on 360.  The SNES version was okay, but the Genesis version was always my favorite in that it allowed more customization. Both games allowed you to hire other runners, and I'm not quite sure which one had more to select from, but Genesis gave you the options of either hiring them for a single run or hiring them as permanent companions. In relation, Genesis used a more complete stat set than SNES so that only increased the control you had in developing your characters.  Matrix combat in Genesis was more challenging than SNES, but more rewarding as well. Of course, almost nothing else gave more satisifaction than masking pass a strong IC. I would have liked to see the ability to choose your race, though, since that would bring out many more options.  The stories in both games were okay, though not as complex as some of the Shadowrun novels from the same era.</body>
    </post>
    <post id="SD_223_15869672">
      <post_score>3</post_score>
      <post_moderation>Insightful</post_moderation>
      <user id="SD_204968">oddman</user>
      <date>1155049740</date>
      <body>I've played the pen and paper RPG through all four editions. I love the old Genesis game. When I first heard about this new game, I was so excited that I couldn't wait to get more info.  Now, I will bad mouth this game every single chance that I get. I hope that they choke on the costs and release the brand to someone who can give us a good game that actually hase something to do with Shadowrun.</body>
    </post>
    <post id="SD_223_15871054" ref="SD_223_15869739">
      <post_score>1</post_score>
      <user id="SD_173381">sesshomaru</user>
      <date>1155064500</date>
      <body>  An interesting side note - Gibson can't STAND shadowrun.  Yes, but how does Robert A. Heinlein [vintagelibrary.com] feel about it?</body>
    </post>
    <post id="SD_223_15870983" ref="SD_223_15869730">
      <post_score>2</post_score>
      <user id="SD_123932">SuiteSisterMary</user>
      <date>1155063660</date>
      <body> Yes, they are. Then, go read Neal Stephenson's Snow Crash and The Diamond Age, in that order. Then you can think about reading Gibson's Virtual Light/Idoru/All Tomorrow's Parties/I think there's one in there I'm forgetting.  </body>
    </post>
    <post id="SD_223_15870224" ref="SD_223_15869715">
      <post_score>0</post_score>
      <user>Anonymous Coward</user>
      <date>1155054540</date>
      <body>Hmm... really? why is the 360 enjoying brisk sales then? Call me batty... but 5 million units sold in the first 6 months of the console's existance doesn't sound so bad... what kind of numbers do they need to move to impress you? I mean in north america they're already the #2 player in the 6 billion dollar console game industry... for the record the PC game industry (I'll go out on a limb and assume you're a pc gamer, or not a gamer at all) is only worth about 1 billion. ;)</body>
    </post>
    <post id="SD_223_15871421" ref="SD_223_15869701">
      <post_score>2</post_score>
      <user id="SD_170569">aztektum</user>
      <date>1155071760</date>
      <body>+5 geek bonus for you. i'd be careful stepping outside, you will have to work up to that much UV exposure. remember, little steps.</body>
    </post>
    <post id="SD_223_15869219">
      <post_score>-1</post_score>
      <user>Anonymous Coward</user>
      <date>1155046320</date>
      <body>Dang, wasn't that body just dead?  -AC</body>
    </post>
    <post id="SD_223_15883804" ref="SD_223_15869739">
      <post_score>0</post_score>
      <user>Anonymous Coward</user>
      <date>1155216780</date>
      <body>Gibson's work was all fantasy anyway. The man didn't know shit about computers and wrote the entire novel on a typewriter. I don't think he even owned a computer back then.</body>
    </post>
    <post id="SD_223_15872314" ref="SD_223_15871033">
      <post_score>2</post_score>
      <user id="SD_126025">Grab</user>
      <date>1155096180</date>
      <body>What similar "High Fantasy" existed before Tolkein? OK, there's all the old Norse sagas, but no-one's been writing new ones of those for a while.  Tolkein very explicitly created a world with races of elves, dwarves, trolls, orcs/goblins, halflings and humans. In one case (halflings as food-loving home-makers, for example) he invented the archetype, and he "standardised" the others from various disparate sources in order to make them distinct species. He even invented the elf/dwarf conflict which doesn't exist in Norse sources (although the two are natural opposites). Almost all of these elements have been used as-is by fantasy authors (of books or games) since Tolkein, and Shadowrun is just one of the many.  Grab.</body>
    </post>
    <post id="SD_223_15871003" ref="SD_223_15869568">
      <post_score>0</post_score>
      <user>Anonymous Coward</user>
      <date>1155063840</date>
      <body>Just wanted to second that for another plug with Dystopia.  Very well made mod. Handles cyberspace quite well, and has an all around good feel for the genre of cyberpunk.</body>
    </post>
    <post id="SD_223_15870452" ref="SD_223_15869940">
      <post_score>0</post_score>
      <user>Anonymous Coward</user>
      <date>1155056820</date>
      <body>I get the idea that he's played the whole game and just wants to own the original cartridge.</body>
    </post>
    <post id="SD_223_15869456" ref="SD_223_15869174">
      <post_score>4</post_score>
      <post_moderation>Interesting</post_moderation>
      <user id="SD_792776">Pantero Blanco</user>
      <date>1155047940</date>
      <body>It WAS a Matrix game. Gibson used the term to refer to the "Internet" in his novels, which Shadowrun is based on. If I recall correctly, both the SNES and the Genesis games used the term as well and included "hacking" missions. The movie was named after it, and many characters in the movie were based on popular cyberpunk characters. It couldn't be much more obvious unless they'd called Trinity "Molly". ;)</body>
    </post>
    <post id="SD_223_15869137">
      <post_score>5</post_score>
      <post_moderation>Insightful</post_moderation>
      <user id="SD_528653">neonprimetime</user>
      <date>1155045780</date>
      <body>Microsoft rewrote the timeline and setting for this game, so it is not in continuity with the tabletop RPG. It may be more accurately described as a game loosely based on Shadowrun.  Hmmm, take a product that somebody else produced. Modify it slightly, slap your name tag on it, and sell. Sounds familiar.</body>
    </post>
    <post id="SD_223_15869568">
      <post_score>5</post_score>
      <post_moderation>Informative</post_moderation>
      <user id="SD_884711">wuie</user>
      <date>1155048780</date>
      <body>At this point in time, I'd trust the Dystopia [dystopia-game.com] mod for HL2 to give me a better interpretation of Shadowrun than Microsoft will.</body>
    </post>
    <post id="SD_223_15869669" ref="SD_223_15869382">
      <post_score>2</post_score>
      <post_moderation>Informative</post_moderation>
      <user id="SD_727027">tepples</user>
      <date>1155049740</date>
      <body>  I've been trying to find the Genesis version at flea markets and used game stores around here for a while, without much success. The only person that had it wanted as much as the game probably cost when it was new.  On eBay I see genesis shadowrun for about 20 USD incl. shipping.  </body>
    </post>
    <post id="SD_223_15870520" ref="SD_223_15869782">
      <post_score>1</post_score>
      <user id="SD_741455">Derekloffin</user>
      <date>1155057600</date>
      <body>I feel the same way. It's so brain dead what they're doing. What could have sold me on 360 has now made me even more anti-MS than usual. I prefer they sit on the license than use it for another generic FPS that will just get raped by the likes of UT seris and Halo series. What a waste of good development money and a great license.</body>
    </post>
    <post id="SD_223_15870997" ref="SD_223_15870304">
      <post_score>2</post_score>
      <user id="SD_123932">SuiteSisterMary</user>
      <date>1155063780</date>
      <body> Yup, as detailed in, as I recall, two published adventures and a novel. And Universal Brotherhood was a sweet suppliment. I actually have a ton of first and second ed Shadowrun splatbooks, adventures and novels (as well as about thirty or so other RPG series) that I'm slowly selling off; if anybody wants something, email me and we'll see if I have it.  </body>
    </post>
    <post id="SD_223_15872517" ref="SD_223_15869579">
      <post_score>2</post_score>
      <user id="SD_655973">DrWho520</user>
      <date>1155102120</date>
      <body>FTFA  Microsoft's new Shadowrun diverges so far from the classic that the company producing the pen and paper version, FanPro LLC, has all but disowned the title, distancing themselves from the project by explaining that "Microsoft has finally unveiled their Shadowrun FPS computer game for X-box 360 and Windows Vista. Fair warning, however: Microsoft rewrote the timeline and setting for this game, so it is not in continuity with the tabletop RPG. It may be more accurately described as a game loosely based on Shadowrun."  I tend to go with the company producing the source material, because they usually understand what the game is supposed to be and they are producing the source material. I am still waiting on the Shadowrun MMOG. EVE for now, but let me be a runner!</body>
    </post>
    <post id="SD_223_15869390" ref="SD_223_15869179">
      <post_score>5</post_score>
      <post_moderation>Interesting</post_moderation>
      <user id="SD_976630">MrSquirrel</user>
      <date>1155047460</date>
      <body>Shadowrun was amazing. You could play the game however you wanted with so many aspects -- street tough fist-fighter, gunman, magic user, sneaky spy, charismatic talker... combine the endless customizability with the party system (3 characters in your party at a time), the story, and the great gameplay and you end up with an amazing game.  Take the piece of crap Microsoft is making and you have... a big, smelly, piece of crap.</body>
    </post>
    <post id="SD_223_15869380">
      <post_score>2</post_score>
      <user id="SD_77919">daniel_mcl</user>
      <date>1155047400</date>
      <body>I played that game (Genesis version) until I was around the final boss. Somehow I left the room after the boss fight started; now the door is permanently locked... Anyone have any ideas</body>
    </post>
    <post id="SD_223_15869353" ref="SD_223_15869174">
      <post_score>2</post_score>
      <post_moderation>Interesting</post_moderation>
      <user id="SD_680121">Rethcir</user>
      <date>1155047280</date>
      <body>That game seemed to have a the framework in place for many more adventures than it actually did.. I'm betting they either ran into memory or time constraints, or had planned for a sequel. As I recall it came out fairly late in the SNES' lifecycle so it probably didn't get much consideration for a sequel. Amazing game tho. Wish my save battery hadn't died in my copy.</body>
    </post>
    <post id="SD_223_15872474" ref="SD_223_15869672">
      <post_score>1</post_score>
      <user id="SD_681878">praxis22</user>
      <date>1155101040</date>
      <body>Yeah, I loved first ed. Shadowrun. Random scatter grenade tables, (when grenades still existed) and glorious oddities like a troll physical adept with a polearm that was lethal in melle. (average strike of around 12d6 at 2's to hit, against impact armour :) S2 may have made the game easier by making all the damage codes into a 2, but it wasn't nearly as much fun, or anywhere near as deadly :) This from the game with the slogan "it's only a fleshwound" :D</body>
    </post>
    <post id="SD_223_15869435" ref="SD_223_15869380">
      <post_score>1</post_score>
      <user id="SD_946033">ECMIM</user>
      <date>1155047820</date>
      <body>Yeah, buy a cart and stop playing the ROM.</body>
    </post>
    <post id="SD_223_15869579">
      <post_score>1</post_score>
      <post_moderation>Interesting</post_moderation>
      <user>Anonymous Coward</user>
      <date>1155048840</date>
      <body>"Before the most recent, ill-conceived, 360 title there were several other attempts to bring the rich cyberpunk-meets-Tolkien world to gamers with controllers."  Well, it's nice to see you've got an open mind at least... I take it you've actually played the game even though it's nowhere near finished? I mean otherwise a statement like that would just make you a pompus ass, right?</body>
    </post>
    <post id="SD_223_15869918" ref="SD_223_15869137">
      <post_score>2</post_score>
      <user id="SD_1026">Danse</user>
      <date>1155051720</date>
      <body>  Hmmm, take a product that somebody else produced. Modify it slightly, slap your name tag on it, and sell. Sounds familiar.   How is this insightful at all? He obviously doesn't know what he's talking about. They didn't modify it slightly, they pretty much screwed the whole thing up. Butchered it, if you will. It bears even less resemblance to Shadowrun than MechAssault does to Mechwarrior (the last license they butchered). Once again, someone gets voted up for taking a shot at MS by mods who don't know what they're doing either.</body>
    </post>
    <post id="SD_223_15871713" ref="SD_223_15869730">
      <post_score>1</post_score>
      <user id="SD_957111">Multivitavim</user>
      <date>1155078420</date>
      <body>Definitely worth reading.</body>
    </post>
    <post id="SD_223_15869483" ref="SD_223_15869456">
      <post_score>3</post_score>
      <post_moderation>Insightful</post_moderation>
      <user id="SD_970377">bunions</user>
      <date>1155048120</date>
      <body>with the exception that Gibson didn't indulge himself in the insipid stoned-high-school-student philosphizing that the Matrix series was so slathered in. "Omg, what if we're just simulations inside a totally big computer!!" "whooooaaaa, duuuuude ..."  Gleh.</body>
    </post>
    <post id="SD_223_15869940" ref="SD_223_15869382">
      <post_score>2</post_score>
      <user id="SD_1026">Danse</user>
      <date>1155051900</date>
      <body>  I've been trying to find the Genesis version at flea markets and used game stores around here for a while, without much success. The only person that had it wanted as much as the game probably cost when it was new.   Get a Genesis emulator and download the ROM.</body>
    </post>
    <post id="SD_223_15870995" ref="SD_223_15869579">
      <post_score>2</post_score>
      <user id="SD_201645">Chmcginn</user>
      <date>1155063780</date>
      <body>But when the original press release includes details that are so obviously at odds with the source material... one has to wonder, why did they even pay for the rights to use the name in the first place? When the holder of the license goes "Well, we sold them rights to use the name &amp; backstory, and we didn't demand creative control, or even a veto right... So when they showed us some of the working code, and we were like "That's not our game", they said, "Tough shit." " a fan of the original story doesn't have to see it to know it's not going to be what they hoped for. It's less like Peter Jackson deleting a few chapters &amp; consolidating a few characters, and more like if he made Frodo kill Sauron with a Ring-powered toothpick.  </body>
    </post>
    <post id="SD_223_15869701" ref="SD_223_15869456">
      <post_score>2</post_score>
      <post_moderation>Informative</post_moderation>
      <user id="SD_142354">lonesome phreak</user>
      <date>1155050040</date>
      <body>no no no...Shadowrun is based on the return of Magick in 2012, which marks the beginning of the Sixth World on the Mayan calander. The "matrix", megacorps, and such are mere backdrops for the real battle for control of reality by the people and creatures who survived from the Fourth World (our magically devoid world being the Fifth World). Each World lasts for about 7,000-8,000 years. The megacorps are nothing compared to The Horror That Awaits Beyond the Veil (or, for SR players who don't know...the insect spirits are the same as the Horrors from EarthDawn's game...EarthDawn is SR around 8,000 to 10,000 years ago or more).</body>
    </post>
    <post id="SD_223_15869913" ref="SD_223_15869174">
      <post_score>2</post_score>
      <user id="SD_126027">ObligatoryUserName</user>
      <date>1155051720</date>
      <body>My memory on this is a little fuzzy on this and I can't find the old web pages, but before the original Matrix came out I seem to remember the Corona Coming Attractions website lising it as being based on a Shadowrun novel. Anyone else remember this or am I just delusional?</body>
    </post>
    <post id="SD_223_15869500">
      <post_score>4</post_score>
      <post_moderation>Informative</post_moderation>
      <user id="SD_14099">Belgand</user>
      <date>1155048300</date>
      <body>While it wasn't the first time this has been covered The Gamer's Quarter [gamersquarter.com] had a longer, more in-depth article about the previously released Shadowrun games back in issue #5. Sure it didn't include anything about the crappy-sounding Microsoft title, but then again... who really cares about it?</body>
    </post>
    <post id="SD_223_15871440" ref="SD_223_15870304">
      <post_score>1</post_score>
      <user id="SD_588867">buffer-overflowed</user>
      <date>1155072180</date>
      <body>Ahh the immortal elves. It's kinda sad that the best use for Earthdawn was as background material for Shadowrun.</body>
    </post>
    <post id="SD_223_15869170" ref="SD_223_15869137">
      <post_score>-1</post_score>
      <post_moderation>Flamebait</post_moderation>
      <user>Anonymous Coward</user>
      <date>1155046020</date>
      <body> Hmmm, take a product that somebody else produced. Modify it slightly, slap your name tag on it, and sell. Sounds familiar.  Yeah, heh, you're right. That does sound a lot like apple!</body>
    </post>
    <post id="SD_223_15869249" ref="SD_223_15869170">
      <post_score>-1</post_score>
      <post_moderation>Troll</post_moderation>
      <user>Anonymous Coward</user>
      <date>1155046500</date>
      <body>Wow, you made teh funny. Now, when are you going to post about how awesome the 360 is, how it is so cool that you can play "pong" on Live AND have a wanking, I mean ranking, etc.</body>
    </post>
    <post id="SD_223_15869179">
      <post_score>3</post_score>
      <post_moderation>Interesting</post_moderation>
      <user id="SD_567383">eamonman</user>
      <date>1155046080</date>
      <body>My favorite games for the Genesis were SFII, Phantasy Star 3&amp;4, all of the Shining series, and Shadowrun. I still remember when you interfaced with what was like their version of an internet; you'd try and break their security to disable cameras, open doors, get data, etc. That was pretty novel at the time.  </body>
    </post>
    <post id="SD_223_15871642" ref="SD_223_15869382">
      <post_score>0</post_score>
      <user>Anonymous Coward</user>
      <date>1155076800</date>
      <body>Try the Gens emulator + a pirated ROM.  Seriously, the fidelity is quite good, who needs a cart?</body>
    </post>
    <post id="SD_223_15872213" ref="SD_223_15870895">
      <post_score>1</post_score>
      <user id="SD_707951">AttilaSz</user>
      <date>1155093540</date>
      <body>Incidentally, I was re-reading (and reading anew some of) the Gibson books I own a copy of during my summer vacations this year.  As far as "The Sprawl" trilogy goes I'd say "Mona Lisa Overdrive" gives about as much reading pleasure as "Neuromancer" did ("Neuromancer" still having the definite advantage of creating the genre), "Count Zero" is somewhat weaker but still worth it.  "Mona Lisa Overdrive"'s got some of the funniest dialogue lines I ever came across in a Gibson book, mostly by Sally/Molly, including but not limited to "No, fuck, I'm abducting you."  As for the "Virtual Light"/"Idoru"/"All Tomorrow's Parties": "All Tomorrow's Parties" turned out not to be page-turner to me, and frankly, I felt a bit disappointed when it ended, I kept waiting for the story to get good all the time I was reading it, and then it suddenly ended :-). I remember that I didn't find "Virtual Light" to be much good either, but it's at least ten years since I read it. I haven't read "Idoru" - I don't own a copy.  Oh, there's "Pattern Recognition" too, which to me personally was a struggle to read through (even if my sig is a paraphrase of a sentence from it). Similar to "All Tomorrow's Parties" I felt it's not as much a story, but rather a portrait of a society Gibson sees/imagines, with characters and story just serving a supporting role.  At the moment, I'm reading The Difference Engine, but it'd be too early to draw a conclusion on it. Its premise is quite weird, admittedly.  There's also a collection of short stories, "Burning Chrome" - now that one does have some real gems in it and is definitely worth a read.  Looking back at this inventory, it looks like I gave more bad grades than good grades - and there I thought I'm a Gibson fan :-)</body>
    </post>
    <post id="SD_223_15870378" ref="SD_223_15870224">
      <post_score>0</post_score>
      <user>Anonymous Coward</user>
      <date>1155055920</date>
      <body>"but 5 million units sold"  Oh god...Microsoft has SHIPPED five million...and SOLD three million. The 360 is doing worse than the first Xbox...  </body>
    </post>
  </posts>
</thread>
