<?xml version="1.0" encoding="iso-8859-1"?>
<!-- this file has been obtained by crawling internet sites by
Fundacio Barcelona Media please, access this site:
caw2.barcelonamedia.org to read the terms and conditions of use
 -->
<thread id="SD_161_1712242">
  <subdomain>politics</subdomain>
  <title>China Buys Google Related Stories</title>
  <admin>Zonk</admin>
  <user>Fry-kun</user>
  <date>1143895320</date>
  <topics>
    <main>Google</main>
    <secondary>Politics</secondary>
  </topics>
  <body>"The Register reports that a controlling amount of Google's Class B stock was purchased today a corporate entity owned by the Chinese Ministry of Information." From the article: "Amongst the assets acquired by the Chinese government is NASA's Ames Research Center. Google announced a partnership with Ames last year, and, as it turns out, the move laid the groundwork for the takeover by the PRC. The Chinese will gain control of the world's largest wind tunnels - devices that when opened up could be used to push the smell of Mu Shu Pork across much of Silicon Valley, or conversely be used to spread avian bird flu, or mind-altering substances."</body>
  <posts>
    <post id="SD_161_15042764">
      <post_score>1</post_score>
      <user id="SD_964291">slashmaddy</user>
      <date>1143899400</date>
      <body>I'm glad that this move would help google get some cheap storage space for faster implementation of G-Drive. Can't wait for it anymore.</body>
    </post>
    <post id="SD_161_15043647" ref="SD_161_15042731">
      <post_score>2</post_score>
      <user id="SD_705449">Lehk228</user>
      <date>1143914520</date>
      <body>the register is in on the april 1 antics</body>
    </post>
    <post id="SD_161_15042565">
      <post_score>3</post_score>
      <post_moderation>Funny</post_moderation>
      <user id="SD_965318">Beckiewink</user>
      <date>1143896160</date>
      <body>I just wanted to say, I LOVE the new redesign and I totally hope you keep it. Please? I even registered just to say that I LOVE it.</body>
    </post>
    <post id="SD_161_15042722" ref="SD_161_15042642">
      <post_score>0</post_score>
      <user>Anonymous Coward</user>
      <date>1143898680</date>
      <body>Awwww buttercup, I'm sorry things aren't exactly how you would have them at all times. Hopefully in the future everyone will bend to your will alone...  It's one day and many of us do find humour in these stories.</body>
    </post>
    <post id="SD_161_15042790" ref="SD_161_15042717">
      <post_score>1</post_score>
      <user id="SD_600807">qzulla</user>
      <date>1143899760</date>
      <body>With OS X I can do this in a shell with:  drutil tray open drutil tray close  A few random timing loops and you are good to go.  Came in handy once when I was remoted in and ejected a CD. I didn't want to go to the other building and hassle someone to open the door just to push the tray in.  qz</body>
    </post>
    <post id="SD_161_15042572">
      <post_score>3</post_score>
      <post_moderation>Interesting</post_moderation>
      <user id="SD_557006">Frodo420024</user>
      <date>1143896220</date>
      <body>I thought the class B stock was the one without voting power? OTOH, on a day like this, Everything you know is wrong [dmweb.free.fr].  </body>
    </post>
    <post id="SD_161_15043432" ref="SD_161_15042579">
      <post_score>2</post_score>
      <user id="SD_800021">jacksonj04</user>
      <date>1143909840</date>
      <body>It's self-fulfilling moderation!</body>
    </post>
    <post id="SD_161_15042527">
      <post_score>-1</post_score>
      <post_moderation>Troll</post_moderation>
      <user id="SD_726420">programgeek</user>
      <date>1143895380</date>
      <body>GNAA discovers Scientology's shocking roots in the association GNAA discovers Scientology's shocking roots in the association Depakote (GNAP) - Chicago, Illinois, USA - A group of GNAA members were shocked to find that Church of Scientology founder L. Ron Hubbard was once indeed a bona fide gay nigger. "I am confident that Hubbard's theory of Dianetics leans more to the fag side", said GNAA Spokesperson Jmax. "After a long and arduous journey through the galaxy I am proud to finally see the Church of Scientology and Gay Nigger Association of America have joined forces to provide a better world." The Church of Scientology first took it's interest in the GNAA after a surprise shift of disgruntled members after the decomposition of Terri Schaivo, many including GNAA leader timecop, now OT 13, has converted to Scientology. "I began scientology as a fat, gay, gook, and a coke addict; now thanks to purification run-down, my body is clear of thetans and impurity, allowing my seed to descend into a new generation of gay niggers". About Church of Scientology: The Church of Scientology was founded by known Science Fiction Writer L. Ron Hubbard and his theory of Dianetics. Dianetics is Modern Science of Mental Health, a patented method proving that psychiatry is indeed a plot by jews to control of the minds of all human beings. As of 2006 Scientology is now raking in over 3 Trillion dollars (.USD) a quarter, with over 15 million active followers world-wide, including GNAA members.  About GNAA: GNAA (GAY NIGGER ASSOCIATION OF AMERICA) is the first organization which gathers GAY NIGGERS from all over America and abroad for one common goal - being GAY NIGGERS.  Are you GAY [klerck.org]? Are you a NIGGER [mugshots.org]? Are you a GAY NIGGER [gay-sex-access.com]?  If you answered "Yes" to all of the above questions, then GNAA (GAY NIGGER ASSOCIATION OF AMERICA) might be exactly what you've been looking for! Join GNAA (GAY NIGGER ASSOCIATION OF AMERICA) today, and enjoy all the benefits of being a full-time GNAA member. GNAA (GAY NIGGER ASSOCIATION OF AMERICA) is the fastest-growing GAY NIGGER community with THOUSANDS of members all over United States of America and the World! You, too, can be a part of GNAA if you join today!  Why not? It's quick and easy - only 3 simple steps!  First, you have to obtain a copy of GAYNIGGERS FROM OUTER SPACE THE MOVIE [imdb.com] and watch it. You can download the movie [idge.net] (~130mb) using BitTorrent. Second, you need to succeed in posting a GNAA First Post [wikipedia.org] on slashdot.org [slashdot.org], a popular "news for trolls" website. Third, you need to join the official GNAA irc channel #GNAA on irc.gnaa.us, and apply for membership.  Talk to one of the ops or any of the other members in the channel to sign up today! Upon submitting your application, you will be required to submit links to your successful First Post, and you will be tested on your knowledge of GAYNIGGERS FROM OUTER SPACE.  If you are having trouble locating #GNAA, the official GAY NIGGER ASSOCIATION OF AMERICA irc channel, you might be on a wrong irc network. The correct network is NiggerNET, and you can connect to irc.gnaa.us as our official server. Follow this link [irc] if you are using an irc client such as mIRC.  If you have  Read the rest of this comment...</body>
    </post>
    <post id="SD_161_15042542">
      <post_score>1</post_score>
      <post_moderation>Troll</post_moderation>
      <user id="SD_929870">plankrwf</user>
      <date>1143895620</date>
      <body>I'm glad that within a few hours, life will return to normal. Roel</body>
    </post>
    <post id="SD_161_15042743" ref="SD_161_15042663">
      <post_score>0</post_score>
      <user>Anonymous Coward</user>
      <date>1143899040</date>
      <body>By the way, I didn't see anything on Google that would confirm that they are playing any practical jokes on people today.  Take another look, its on the main page.</body>
    </post>
    <post id="SD_161_15042772">
      <post_score>0</post_score>
      <user id="SD_937737">ACalcutt</user>
      <date>1143899520</date>
      <body>Any idea what that picture translates to? http://www.theregister.co.uk/2006/04/01/googlechin a_build_the_future.jpg [theregister.co.uk]</body>
    </post>
    <post id="SD_161_15042921" ref="SD_161_15042541">
      <post_score>2</post_score>
      <user id="SD_444580">Jonny Ringo</user>
      <date>1143901800</date>
      <body>I new it was wrong when it says China has a ministry. HAHAHA, fools China banned religion a while ago!!</body>
    </post>
    <post id="SD_161_15042598">
      <post_score>-1</post_score>
      <post_moderation>Redundant</post_moderation>
      <user id="SD_748122">zippthorne</user>
      <date>1143896940</date>
      <body>I thought there were supposed to be joke articles today...</body>
    </post>
    <post id="SD_161_15042703" ref="SD_161_15042560">
      <post_score>1</post_score>
      <user id="SD_851478">FourStarGeneral</user>
      <date>1143898440</date>
      <body>Anybody else getting tired of this guy? I, for one, am appalled that /. continues to allow such an obvious spammer to keep posting.</body>
    </post>
    <post id="SD_161_15042550" ref="SD_161_15042541">
      <post_score>1</post_score>
      <user id="SD_874929">climbon321</user>
      <date>1143895800</date>
      <body>Will I still be able to google for pr0n?</body>
    </post>
    <post id="SD_161_15042543">
      <post_score>0</post_score>
      <post_moderation>Offtopic</post_moderation>
      <user id="SD_643442">elwin_windleaf</user>
      <date>1143895620</date>
      <body> Oh come on, you can't tell me you didn't see this one coming. Now really, why would a company like Google start cooperating with the 'evil' intentions of a controlling government like China? It's been obvious for some time that Google was looking into ways to diversify it's sources of earnings, and it had already capitalized on most of the 'good' out there. It's company policy of "Do No Evil" doesn't specify anything about profiting from pre-existing evil. A closer association with China was inevitable.  </body>
    </post>
    <post id="SD_161_15043808" ref="SD_161_15042717">
      <post_score>0</post_score>
      <user>Anonymous Coward</user>
      <date>1143919260</date>
      <body>What are you talking about? What screenshot? All I see are a couple of clips of the task bar and there's no Mozilla there.</body>
    </post>
    <post id="SD_161_15042615" ref="SD_161_15042563">
      <post_score>1</post_score>
      <post_moderation>Troll</post_moderation>
      <user id="SD_165286">outZider</user>
      <date>1143897120</date>
      <body>It would do you well to "get over it". Slashdot isn't CNN. At the end, it's still run by a bunch of geeky kids who grew up. Kinda.</body>
    </post>
    <post id="SD_161_15042980">
      <post_score>1</post_score>
      <user id="SD_797341">Ricken</user>
      <date>1143902580</date>
      <body>I first thought the topic said "Politics: Google Buys China"</body>
    </post>
    <post id="SD_161_15042571">
      <post_score>0</post_score>
      <user id="SD_820265">missjackie</user>
      <date>1143896220</date>
      <body>Oh my god! Invasion of Mu Shu Chicken!</body>
    </post>
    <post id="SD_161_15043416" ref="SD_161_15042557">
      <post_score>1</post_score>
      <user id="SD_34524">sryx</user>
      <date>1143909480</date>
      <body>I, for one, welcome our new Chinese Google Overlords  New? -Jason</body>
    </post>
    <post id="SD_161_15052187" ref="SD_161_15042980">
      <post_score>1</post_score>
      <user id="SD_965785">EstupidoPopulista</user>
      <date>1144067400</date>
      <body>Me too !! LOL</body>
    </post>
    <post id="SD_161_15042686" ref="SD_161_15042642">
      <post_score>0</post_score>
      <user id="SD_878286">834r9394557r011</user>
      <date>1143898200</date>
      <body>Wah, wah. boohoo. oh ponies....</body>
    </post>
    <post id="SD_161_15042539">
      <post_score>4</post_score>
      <post_moderation>Funny</post_moderation>
      <user id="SD_896642">alx5000</user>
      <date>1143895620</date>
      <body>Free Google? I'll take it... [On the phone] China? I have something you might want, but it's going to cost you. That's right, all the tea.</body>
    </post>
    <post id="SD_161_15042731">
      <post_score>0</post_score>
      <post_moderation>Offtopic</post_moderation>
      <user id="SD_964647">Paulo's News</user>
      <date>1143898860</date>
      <body>The Register reports that Bush will invoke his wartime powers to stay in office for a third term. Saddle up boys, we're goin' to Shanghai!  Register story is linked at site below:  </body>
    </post>
    <post id="SD_161_15042791" ref="SD_161_15042565">
      <post_score>1</post_score>
      <user id="SD_757548">romiz</user>
      <date>1143899760</date>
      <body>I LOVE the new redesign  Just go to the games section, the color scheme looks ugly like that everyday.</body>
    </post>
    <post id="SD_161_15042579" ref="SD_161_15042542">
      <post_score>1</post_score>
      <post_moderation>Redundant</post_moderation>
      <user id="SD_575600">EnsilZah</user>
      <date>1143896460</date>
      <body>GMT time? Ah, you must be from the redundant department of redundancy.</body>
    </post>
    <post id="SD_161_15042623">
      <post_score>2</post_score>
      <post_moderation>Informative</post_moderation>
      <user id="SD_585730">Domo-Sun</user>
      <date>1143897180</date>
      <body>Google has purchased the Googleheimer Googlesphere to further Googlize the Googlenet into a Googlable Googlben. Google's googlies and googlans are gabbling to Googlize Googillion Googlepoo Googies, for the Goodness of the Googlopolis.  A spokesperson for MSN was Googled as saying: "Oh, crap."</body>
    </post>
    <post id="SD_161_15042741">
      <post_score>0</post_score>
      <user>Anonymous Coward</user>
      <date>1143899040</date>
      <body>Very good site. www.sawtbeirut.com radio sawt beirut</body>
    </post>
    <post id="SD_161_15042592">
      <post_score>1</post_score>
      <user id="SD_965122">edwardpickman</user>
      <date>1143896760</date>
      <body>Every time I type in "Porn" it takes me to a site on Mao. I thought it was a typo at first.</body>
    </post>
    <post id="SD_161_15042617" ref="SD_161_15042563">
      <post_score>0</post_score>
      <user>Anonymous Coward</user>
      <date>1143897120</date>
      <body>This is officially the one day of the year I'd rather read CNN/FOX news than slashdot.  And yet you've chosen to continue reading Slashdot. Why is that?</body>
    </post>
    <post id="SD_161_15045907">
      <post_score>0</post_score>
      <post_moderation>Offtopic</post_moderation>
      <user id="SD_927427">Mesinjah</user>
      <date>1143974280</date>
      <body>Does anyone else see what is going on here? Corporate America is selling us down the river for a few fast bucks. The Carlyle Group is mainly responsible for these types of transactions. Stupid humans wake up and punish the rich! http://www.thecarlylegroup.com/eng/index.html [thecarlylegroup.com]</body>
    </post>
    <post id="SD_161_15042541">
      <post_score>5</post_score>
      <post_moderation>Funny</post_moderation>
      <user id="SD_586885">thefirelane</user>
      <date>1143895620</date>
      <body>Even the article gets it wrong, it really is: "Google Buys China"</body>
    </post>
    <post id="SD_161_15044807">
      <post_score>0</post_score>
      <user>Anonymous Coward</user>
      <date>1143947760</date>
      <body>"Google buys China" in order to provoke a bit more reaction. Maybe we'll save it for next year's April fools...</body>
    </post>
    <post id="SD_161_15042638" ref="SD_161_15042563">
      <post_score>2</post_score>
      <user id="SD_468664">binarybum</user>
      <date>1143897360</date>
      <body>Yeah I'm glad to hear I'm not the only one who gets tired of this stupid shit. Man, quit being such a dullard. [file-place.com]  This is officially the one day of the year I'd rather read CNN/FOX news than slashdot            Then this "officially" the day I ask what oppressive force is making you read and post on /. today?</body>
    </post>
    <post id="SD_161_15042576" ref="SD_161_15042528">
      <post_score>0</post_score>
      <user id="SD_935335">jrmcferren</user>
      <date>1143896340</date>
      <body>OK, no more screwing around. The article shows pictures that accurately display what china would do to google. While this will not happen it is possible that this will give the tech industry a bettery view of what everyone thinks of china.</body>
    </post>
    <post id="SD_161_15044703" ref="SD_161_15043416">
      <post_score>1</post_score>
      <user id="SD_881715">warrior_s</user>
      <date>1143944340</date>
      <body>I, for one, welcome our new Chinese Google Overlords may be you mean "Choogle" Overlords.</body>
    </post>
    <post id="SD_161_15042641" ref="SD_161_15042565">
      <post_score>2</post_score>
      <user id="SD_860241">VJ42</user>
      <date>1143897420</date>
      <body>Me Too!  I love teh ponies!!!111</body>
    </post>
    <post id="SD_161_15042528">
      <post_score>-1</post_score>
      <post_moderation>Redundant</post_moderation>
      <user id="SD_935335">jrmcferren</user>
      <date>1143895380</date>
      <body>It's april fools day, now mod me up really high</body>
    </post>
    <post id="SD_161_15042663" ref="SD_161_15042642">
      <post_score>2</post_score>
      <user id="SD_125474">roman_mir</user>
      <date>1143897720</date>
      <body>By the way, I didn't see anything on Google that would confirm that they are playing any practical jokes on people today.  You know, they could be funnier. I suggest a game here, on /. Select a topic, and imagine what Google search could have returned as hits for that topic, but in a funny sort of way.  Example: User Searches For: laptops Google Returns List of: exotic lap dancers  See what I mean?</body>
    </post>
    <post id="SD_161_15042684" ref="SD_161_15042638">
      <post_score>1</post_score>
      <user id="SD_921100">Andrzej Sawicki</user>
      <date>1143898200</date>
      <body>It's the voices, obviously. Why do you have to ask?</body>
    </post>
    <post id="SD_161_15042566">
      <post_score>0</post_score>
      <user>Anonymous Coward</user>
      <date>1143896160</date>
      <body>IN soviet russia, tacofuck commanders you!</body>
    </post>
    <post id="SD_161_15045303">
      <post_score>0</post_score>
      <user>Anonymous Coward</user>
      <date>1143962700</date>
      <body>Which has  greater organization, a single coherent plan, centralized cash reserves and the control to disburse it? "Google!" would be my answer. We could easily live without China, but not without Google.    </body>
    </post>
    <post id="SD_161_15042575" ref="SD_161_15042529">
      <post_score>2</post_score>
      <user id="SD_578597">TheOldFart</user>
      <date>1143896280</date>
      <body> You're more likely to get pooh pooh platter today though...</body>
    </post>
    <post id="SD_161_15042698" ref="SD_161_15042638">
      <post_score>2</post_score>
      <user id="SD_97351">arakon</user>
      <date>1143898380</date>
      <body>I work weekends in a boring ass job by myself where I wait for the BIG RED button to start blinking. I have an 8x10 room full of control panels, a bathroom and an internet connection with VERY limited access to what i can read (filtered gov job). SO it gets a bit old when there is absolutely nothing worth reading while I sit here for 10 hours until my shift is over. I realize that I probably have a fairly unique situation and that other people may have the option to roam and read whatever they please.  Sure you want to run an April fools joke? fine but don't be the ass that sits there all day with whoopie cushions and hand buzzers that just won't give it a rest. There is such a thing as TOO MUCH.</body>
    </post>
    <post id="SD_161_15043264">
      <post_score>0</post_score>
      <post_moderation>Offtopic</post_moderation>
      <user id="SD_641508">Eideteker</user>
      <date>1143907020</date>
      <body>APRIL FOOLS!</body>
    </post>
    <post id="SD_161_15042529">
      <post_score>2</post_score>
      <user id="SD_913888">Kickboy12</user>
      <date>1143895380</date>
      <body>I love the smell of Mu Shu Pork in the morning.</body>
    </post>
    <post id="SD_161_15047811" ref="SD_161_15043808">
      <post_score>1</post_score>
      <user id="SD_685475">oddfox</user>
      <date>1144009920</date>
      <body> That's no task bar. You see the first screenshot? Where they're talking about the Google Web Accelerator [google.com]? That's Firefox right there, the throbber is unmistakable and I personally use that Accelerator myself in XP, so the GP is correct in his assertion as that's exactly how my browser looks. Talk about a minute detail to spot though, heh.  </body>
    </post>
    <post id="SD_161_15042560">
      <post_score>3</post_score>
      <post_moderation>Informative</post_moderation>
      <user id="SD_28400">Urgo</user>
      <date>1143896040</date>
      <body>For the third year in a row, Urgo's list of April Fool's Jokes on Websites [urgo.org] contains the most complete list of April Fool's Day pranks websites have created. Featured by news.com.com.com.. [com.com] and Microsoft [microsoft.com], the site strives to list EVERY joke site, and is updated every few minutes with new verified jokes.  Here is a sample, the twenty most popular ones: blog.outer-court.com [outer-court.com] - Google Rooms thinkgeek.com [thinkgeek.com] - USB Tanning Center, RFID Blocking T-shirt, Grow Your mymsnsearch.com [mymsnsearch.com] - fake (but hilariously accurate) search results gtachicago.com [gtachicago.com] - gta chicago does not exist, (*hint check the whois info*) tveps.net [tveps.net] - Isaac 'Chef' Hayes not leaving southpark after all. Comes clean that it was a publicity stunt. iwantoneofthose.com [iwantoneofthose.com] - tiny device that downloads your brain's memory to a 2GB USB Flash Drive blizzard.com [blizzard.com] - BLIZZARD ENTERTAINMENT® PRESENTS BURGERCRAFT(TM) bolloxcomics.co.uk [bolloxcomics.co.uk] - Myspace parody figuiere.net [figuiere.net] - int is_computer_on(void) wiebetech.com [wiebetech.com] - 5 TB iPod googlesystem.blogspot.com [blogspot.com] - Google Browser is finally launched. Installer 1.68MB steampowered.com [steampowered.com] - VALVe purchased by Apple slashdot.org [slashdot.org] - OMG!!! PONIES!!! (and pink layout) ogrish.com [ogrish.com] - (NSFW) Bizarre Baby Born In Nepal worldofwarcraft.com [worldofwarcraft.com] - Blizzard to put Wisps as a playable race for World of Warcraft. gearlog.com [gearlog.com] - Laptop Lingerie: Bringing Tech &amp; Pleasure Together 2600.com [2600.com] - 200600 google spoof bungie.net [bungie.net] - Bungie's next game, Pimps At Sea, progessing nicely for the Xbox360 forums.worldofwarcraft.com [worldofwarcraft.com] - World of Warcraft 1.11 patch notes leaked theregister.co.uk [theregister.co.uk] - customise The Register to suit your needs - from blocking ads, to selecting the kind of stories you really want to read.  Read the rest of this comment...</body>
    </post>
    <post id="SD_161_15042954">
      <post_score>1</post_score>
      <user id="SD_965345">ConstantineM</user>
      <date>1143902160</date>
      <body>These lads from the Register don't know that China has .cn as its top level domain. Their screenshot lists the top-level domain for Switzerland instead. :)</body>
    </post>
    <post id="SD_161_15043309" ref="SD_161_15042529">
      <post_score>1</post_score>
      <user id="SD_965314">mumblingrepublican</user>
      <date>1143907440</date>
      <body>Smells like victory!</body>
    </post>
    <post id="SD_161_15043771">
      <post_score>2</post_score>
      <user id="SD_156813">partingshot</user>
      <date>1143917640</date>
      <body>1999 called - it wants it's april fool's hoaxes back.  </body>
    </post>
    <post id="SD_161_15042748" ref="SD_161_15042557">
      <post_score>2</post_score>
      <user id="SD_942385">Firehed</user>
      <date>1143899100</date>
      <body>I belive the soon-to-be-accepted term for that is Chinooglords (Chai-new-gul-oards).</body>
    </post>
    <post id="SD_161_15043075" ref="SD_161_15042539">
      <post_score>1</post_score>
      <user id="SD_891722">sirber</user>
      <date>1143904140</date>
      <body>lol! I just watched that episode yesterday :D</body>
    </post>
    <post id="SD_161_15044555" ref="SD_161_15042542">
      <post_score>1</post_score>
      <user id="SD_929870">plankrwf</user>
      <date>1143940560</date>
      <body>Wow, actually scoring a 'Troll' for a posting... (see parent). Well, wondered whether 'Good Karma' would last... Roel</body>
    </post>
    <post id="SD_161_15042923" ref="SD_161_15042703">
      <post_score>2</post_score>
      <user id="SD_844482">coolGuyZak</user>
      <date>1143901800</date>
      <body>He's not spamming. He's karma whoring. (or possibly both).</body>
    </post>
    <post id="SD_161_15042545">
      <post_score>0</post_score>
      <user>Anonymous Coward</user>
      <date>1143895680</date>
      <body>/me grubs on the eye sockets *</body>
    </post>
    <post id="SD_161_15042563" ref="SD_161_15042542">
      <post_score>2</post_score>
      <post_moderation>Flamebait</post_moderation>
      <user id="SD_97351">arakon</user>
      <date>1143896100</date>
      <body>Yeah I'm glad to hear I'm not the only one who gets tired of this stupid shit. It's not even funny, just juvenile for the most part. Check other news sites and see how many of them are running "April Fools" jokes (outside of their normal sensationalistic crap). This is officially the one day of the year I'd rather read CNN/FOX news than slashdot.</body>
    </post>
    <post id="SD_161_15042794" ref="SD_161_15042617">
      <post_score>2</post_score>
      <user id="SD_97351">arakon</user>
      <date>1143899820</date>
      <body>because I've already read about as much as I can take of CNN?  </body>
    </post>
    <post id="SD_161_15042805" ref="SD_161_15042663">
      <post_score>1</post_score>
      <user id="SD_600807">qzulla</user>
      <date>1143900000</date>
      <body>I would say google romance [google.com] qualifies. Take the tour. qz  </body>
    </post>
    <post id="SD_161_15042928">
      <post_score>0</post_score>
      <user>Anonymous Coward</user>
      <date>1143901920</date>
      <body>This April's Fool parade is so predictable it elicits yawns rather than chuckles.</body>
    </post>
    <post id="SD_161_15042664" ref="SD_161_15042531">
      <post_score>0</post_score>
      <user>Anonymous Coward</user>
      <date>1143897780</date>
      <body>Shut the hell up, Darren [slashdot.org]. Nobody wants you here. Besides, aren't you a little old for this?</body>
    </post>
    <post id="SD_161_15042642">
      <post_score>-1</post_score>
      <post_moderation>Redundant</post_moderation>
      <user id="SD_125474">roman_mir</user>
      <date>1143897420</date>
      <body>This site is completely and utterly useless on the 1st of April. There are no real jokes here, jokes are not necessarily lies about things that didn't happen. There are other jokes, subtle but more funny ones, where the reader would be reading something and maybe believing it, because the truth is somewhat modified, but not completely. I cannot stand these totally made up stories. And the color palette is appalling.</body>
    </post>
    <post id="SD_161_15042717">
      <post_score>1</post_score>
      <post_moderation>Interesting</post_moderation>
      <user>Anonymous Coward</user>
      <date>1143898680</date>
      <body> MS Coding4Fun - Randomly Opening CD Tray [microsoft.com] Notice the screenshot?  </body>
    </post>
    <post id="SD_161_15042531">
      <post_score>-1</post_score>
      <post_moderation>Offtopic</post_moderation>
      <user id="SD_965290">ILikePickles</user>
      <date>1143895440</date>
      <body>well? do they??? Because i luvs PICKLES!!!</body>
    </post>
    <post id="SD_161_15043045">
      <post_score>1</post_score>
      <user id="SD_682315">bk4u</user>
      <date>1143903540</date>
      <body>Does this mean our search results will be filtered?</body>
    </post>
    <post id="SD_161_15042562">
      <post_score>5</post_score>
      <post_moderation>Funny</post_moderation>
      <user id="SD_899897">SheeEttin</user>
      <date>1143896100</date>
      <body>No, no, you have it all wrong. Google buys China. It's cheap (why do you think all the toys are?), so this is where Google begins its plans for world domination. Google does no evil at all--in fact, by buying up the world and controlling it, it makes it much less evil. One's own purposes are never evil.</body>
    </post>
    <post id="SD_161_15042585" ref="SD_161_15042541">
      <post_score>0</post_score>
      <user>Anonymous Coward</user>
      <date>1143896760</date>
      <body>As usual, the story posted by Zonk is by far the lamest. LAMEST.</body>
    </post>
    <post id="SD_161_15042557">
      <post_score>5</post_score>
      <post_moderation>Funny</post_moderation>
      <user id="SD_241799">themusicgod1</user>
      <date>1143896040</date>
      <body>I, for one, welcome our new Chinese Google Overlords</body>
    </post>
    <post id="SD_161_15042707" ref="SD_161_15042529">
      <post_score>2</post_score>
      <user id="SD_42863">Eric Giguere</user>
      <date>1143898440</date>
      <body>On a related note, Google is allowing AdSense publishers to click ads [memwg.com] since click fraud isn't such a big deal [theglobeandmail.com].  Eric How to find the BlackBerry OS version [cluelessabout.com]</body>
    </post>
  </posts>
</thread>
